id,name,branch,recognitionStatus,recognitions,domesticDistribution,productForm,functionCategory,tags,oldRole,oldGrade,oldDist,oldCat
ing_7d604df0b60dfed9,글루타치온,건강보조식품 원료,비인정,,국내 판매중,해당없음(원료),해당없음(비인정),,원료,비인정,일반식품(필름·정)·해외직구,간
ing_fba2fda55b322493,리포조말글루타치온,건강보조식품 원료,비인정,,미확인,해당없음(원료),해당없음(비인정),,원료,비인정,해외직구·일반식품,간
ing_4e5af721d4019c5d,NMN,건강보조식품 원료,비인정,,국내 판매중,해당없음(원료),해당없음(비인정),,원료,비인정,해외직구·일반식품,항산화/노화
ing_3daf6d319029d068,NAD+,건강보조식품 원료,비인정,,국내 판매중,해당없음(원료),해당없음(비인정),,원료,비인정,해외직구,항산화/노화
ing_bb952e4161a02adf,스페르미딘,건강보조식품 원료,비인정,,국내 판매중,해당없음(원료),해당없음(비인정),,원료,비인정,해외직구·일반식품,항산화/노화
ing_a3e45bf6f531ba24,우로리틴A,건강보조식품 원료,비인정,,미확인,해당없음(원료),해당없음(비인정),,원료,비인정,해외직구,항산화/노화
ing_0dc3160ca2edbe2c,베르베린,건강보조식품 원료,비인정,,국내 판매중,해당없음(원료),해당없음(비인정),,원료,비인정,해외직구·일반식품,혈당
ing_81c1db84a667fe14,크레아틴모노하이드레이트,건강보조식품 원료,비인정,,국내 판매중,해당없음(원료),해당없음(비인정),,원료,비인정,일반식품(스포츠뉴트리션),근육
ing_8585f141c0cdfe38,알파리포산,건강보조식품 원료,비인정,,국내 판매중,해당없음(원료),해당없음(비인정),,원료,비인정,해외직구·일반식품,항산화/노화
ing_e1599a23d29a22af,코엔자임Q10(유비퀴놀),건강보조식품 원료,비인정,,국내 판매중,해당없음(원료),해당없음(비인정),,원료,비인정,일반식품(건기식 코엔자임Q10과 별개 유비퀴놀형),항산화/노화
ing_2b32c4a81fc8c2e6,트립토판,건강보조식품 원료,비인정,,국내 판매중,해당없음(원료),해당없음(비인정),,원료,비인정,일반식품,기타
ing_67a316d9204af40c,5-HTP,건강보조식품 원료,비인정,,미확인,해당없음(원료),해당없음(비인정),,원료,비인정,해외직구,기타
ing_d884b7d913ce9a4c,글리신,건강보조식품 원료,비인정,,국내 판매중,해당없음(원료),해당없음(비인정),,원료,비인정,일반식품,기타
ing_b5651083bde94434,타우린,건강보조식품 원료,비인정,,국내 판매중,해당없음(원료),해당없음(비인정),,원료,비인정,일반식품(음료 첨가 다수),기타
ing_12ee81e6fd464fb6,아르기닌,건강보조식품 원료,비인정,,국내 판매중,해당없음(원료),해당없음(비인정),,원료,비인정,일반식품,기타
ing_da316f91811832a2,시트룰린,건강보조식품 원료,비인정,,국내 판매중,해당없음(원료),해당없음(비인정),,원료,비인정,일반식품·해외직구,기타
ing_0c49856699600a9f,베타알라닌,건강보조식품 원료,비인정,,국내 판매중,해당없음(원료),해당없음(비인정),,원료,비인정,일반식품(스포츠뉴트리션),기타
ing_55c6483c10bbcb52,아쉬아간다,건강보조식품 원료,비인정,,국내 판매중,해당없음(원료),해당없음(비인정),,원료,비인정,일반식품·건강보조식품,수면
ing_fd15780d5e01ba50,아쉬아간다(KSM-66),건강보조식품 원료,비인정,,미확인,해당없음(원료),해당없음(비인정),,원료,비인정,건강보조식품,수면
ing_23e7c3c408183e23,로디올라,건강보조식품 원료,비인정,,국내 판매중,해당없음(원료),해당없음(비인정),,원료,비인정,일반식품·해외직구,인지
ing_728fd4de0d08b833,마카,건강보조식품 원료,비인정,,국내 판매중,해당없음(원료),해당없음(비인정),,원료,비인정,일반식품,전립선/남성
ing_4a5a293e5296524c,톱야자,건강보조식품 원료,비인정,,국내 판매중,해당없음(원료),해당없음(비인정),,원료,비인정,일반식품,전립선/남성
ing_9cb1d32431347f51,쏘팔메토,건강보조식품 원료,비인정,,국내 판매중,해당없음(원료),해당없음(비인정),,원료,비인정,일반식품,전립선/남성
ing_09092d07011cd493,흑마늘,건강보조식품 원료,비인정,,국내 판매중,해당없음(원료),해당없음(비인정),,원료,비인정,일반식품(액상·환),기타
ing_0a58c245fe6c01e1,비트,건강보조식품 원료,비인정,,미확인,해당없음(원료),해당없음(비인정),,원료,비인정,일반식품(즙·분말),기타
ing_016da49fc921cbe7,새싹보리,건강보조식품 원료,비인정,,국내 판매중,해당없음(원료),해당없음(비인정),,원료,비인정,일반식품(분말·즙),기타
ing_fd009d10a7a9e28e,여주,건강보조식품 원료,비인정,,국내 판매중,해당없음(원료),해당없음(비인정),,원료,비인정,일반식품(즙·분말),혈당
ing_c85f7bf9899a59a9,돼지감자,건강보조식품 원료,비인정,,국내 판매중,해당없음(원료),해당없음(비인정),,원료,비인정,일반식품(즙·환),혈당
ing_cdcfa31060bc6d4a,노니,건강보조식품 원료,비인정,,국내 판매중,해당없음(원료),해당없음(비인정),,원료,비인정,일반식품(액상),기타
ing_c07ab553e66d4a29,모링가,건강보조식품 원료,비인정,,미확인,해당없음(원료),해당없음(비인정),,원료,비인정,일반식품(분말),기타
ing_5593b57d3d292938,차가버섯,건강보조식품 원료,비인정,,국내 판매중,해당없음(원료),해당없음(비인정),,원료,비인정,일반식품(추출액),면역
ing_cc309b2b33417cb0,초석잠,건강보조식품 원료,비인정,,미확인,해당없음(원료),해당없음(비인정),,원료,비인정,일반식품(환·차),기타
ing_06aee214244b6375,흑염소,건강보조식품 원료,비인정,,국내 판매중,해당없음(원료),해당없음(비인정),관련 검색어,원료,비인정,건강보조식품(진액),기타
ing_a614e2292d53abb7,녹용,건강보조식품 원료,비인정,,국내 판매중,해당없음(원료),해당없음(비인정),,원료,비인정,건강보조식품(진액),기타
ing_f23518a9da8c9f08,산삼배양근,건강보조식품 원료,비인정,,국내 판매중,해당없음(원료),해당없음(비인정),,원료,비인정,건강보조식품,기타
ing_cedc48d7a33dd6e5,흑도라지,건강보조식품 원료,비인정,,국내 판매중,해당없음(원료),해당없음(비인정),,원료,비인정,일반식품(즙),기타
ing_b23e03ea56190e5e,배도라지,건강보조식품 원료,비인정,,국내 판매중,해당없음(원료),해당없음(비인정),,원료,비인정,일반식품(즙),기타
ing_2e5beab753b653a1,석류,건강보조식품 원료,비인정,,국내 판매중,해당없음(원료),해당없음(비인정),관련 검색어,원료,비인정,일반식품(즙·농축액),갱년기
ing_6563c007393064da,칼마디,건강보조식품 원료,비인정,,국내 판매중,해당없음(원료),해당없음(비인정),,원료,비인정,일반식품(칼슘마그네슘아연 조합),기타
ing_7a7cbe62652f857f,철분,건강보조식품 원료,비인정,,국내 판매중,해당없음(원료),해당없음(비인정),,원료,비인정,일반식품·의약외품,기타
ing_d76438e65f875b10,엽산(비인정형),건강보조식품 원료,비인정,,국내 판매중,해당없음(원료),해당없음(비인정),,원료,비인정,일반식품,기타
ing_63bfb3b63f08be34,저분자콜라겐,건강보조식품 원료,비인정,,국내 판매중,해당없음(원료),해당없음(비인정),,원료,비인정,일반식품(분말·젤리),피부
ing_a7ac3e9b614422f6,피시콜라겐,건강보조식품 원료,비인정,,국내 판매중,해당없음(원료),해당없음(비인정),,원료,비인정,일반식품(분말·젤리),피부
ing_b7bcdca3ae5d2d46,세라마이드,건강보조식품 원료,비인정,,미확인,해당없음(원료),해당없음(비인정),,원료,비인정,일반식품,피부
ing_304fbb1a972d232d,프로폴리스,건강기능식품 원료,고시형,,국내 판매중,해당없음(원료),구강 항균 · 항산화,관련 검색어,원료,고시형,일반식품·건강보조식품,항산화
ing_3b80b3204934a49e,로열젤리,건강보조식품 원료,비인정,,국내 판매중,해당없음(원료),해당없음(비인정),,원료,비인정,일반식품·건강보조식품,면역
ing_03fbd089905d5639,오메가3(rTG),건강보조식품 원료,비인정,,국내 판매중,해당없음(원료),해당없음(비인정),,원료,비인정,일반식품·해외직구,기타
ing_3f1d6e5a716ddfc7,크릴오일,건강보조식품 원료,비인정,,국내 판매중,해당없음(원료),해당없음(비인정),관련 검색어,원료,비인정,일반식품·해외직구,기타
ing_67cc71e3a077874a,MCT오일,건강보조식품 원료,비인정,,국내 판매중,해당없음(원료),해당없음(비인정),,원료,비인정,일반식품,기타
ing_0c15303853266134,프로틴(WPI),건강보조식품 원료,비인정,,미확인,해당없음(원료),해당없음(비인정),,원료,비인정,일반식품(스포츠뉴트리션),근육
ing_51e5d74e3fd9e6a2,식물성프로틴,건강보조식품 원료,비인정,,미확인,해당없음(원료),해당없음(비인정),,원료,비인정,일반식품,근육
ing_44dae654a56c8d70,알룰로스,건강보조식품 원료,비인정,,국내 판매중,해당없음(원료),해당없음(비인정),,원료,비인정,일반식품(감미료),체지방
ing_85c22550f93cbf4c,스테비아,범위 밖,비인정,,국내 판매중,해당없음(원료),해당없음(비인정),,원료,비인정,일반식품(감미료),기타
ing_edb951dd7d68d520,곡물발효효소,건강보조식품 원료,비인정,,국내 판매중,해당없음(원료),해당없음(비인정),,원료,비인정,일반식품(효소식품),기타
ing_b0f620eba4f03450,유산균,건강보조식품 원료,비인정,,국내 판매중,해당없음(원료),해당없음(비인정),관련 검색어,원료,비인정,일반식품·건강기능식품 양쪽,장
ing_225fc589edecf262,낫토키나제,건강보조식품 원료,비인정,,국내 판매중,해당없음(원료),해당없음(비인정),,원료,비인정,일반식품·해외직구,기타
ing_32356e62f83ce1d1,폴리코사놀,건강보조식품 원료,비인정,,국내 판매중,해당없음(원료),해당없음(비인정),,원료,비인정,일반식품,기타
ing_fc49d393c6b0176e,레드비트,건강보조식품 원료,비인정,,미확인,해당없음(원료),해당없음(비인정),,원료,비인정,일반식품(즙),기타
ing_94466399d52ccf4d,헛개,건강보조식품 원료,비인정,,국내 판매중,해당없음(원료),해당없음(비인정),,원료,비인정,일반식품(농축액·차),간
ing_b6c62b330e2827ac,강황,건강보조식품 원료,비인정,,국내 판매중,해당없음(원료),해당없음(비인정),,원료,비인정,일반식품(분말·환),기타
ing_e0b1eb62210719f2,생강,범위 밖,비인정,,미확인,해당없음(원료),해당없음(비인정),,일반 식재료,비인정,일반식품(청·차),기타
ing_2fc6e87d5eb7f1a3,계피,건강보조식품 원료,비인정,,국내 판매중,해당없음(원료),해당없음(비인정),,원료,비인정,일반식품(차),기타
ing_5a70073a3a58899f,사과초모식초,범위 밖,비인정,,국내 판매중,해당없음(원료),해당없음(비인정),,일반 식재료,비인정,일반식품(발효초),기타
ing_08a48053af7f0507,애사비,건강보조식품 원료,비인정,,국내 판매중,해당없음(원료),해당없음(비인정),,원료,비인정,"일반식품(발효초, 애플사이다비니거)",기타
ing_6c376ad39f275805,콤부차,건강보조식품 원료,비인정,,국내 판매중,해당없음(원료),해당없음(비인정),,원료,비인정,일반식품(발효음료),기타
ing_7f98352c55659152,해조칼슘,건강보조식품 원료,비인정,,국내 판매중,해당없음(원료),해당없음(비인정),,원료,비인정,일반식품,기타
ing_496827611c0d2863,초록입홍합,건강보조식품 원료,비인정,,국내 판매중,해당없음(원료),해당없음(비인정),,원료,비인정,일반식품(오일·분말),관절
ing_13906ae6ceefbdad,보스웰리아,건강보조식품 원료,비인정,,국내 판매중,해당없음(원료),해당없음(비인정),관련 검색어,원료,비인정,일반식품(추출물),관절
ing_0cade9ccd77cc1f1,콘드로이친,건강보조식품 원료,비인정,,국내 판매중,해당없음(원료),해당없음(비인정),관련 검색어,원료,비인정,일반식품(관절보조식품),관절
ing_f5b8f2dc224d230a,비단풀,건강보조식품 원료,비인정,,미확인,해당없음(원료),해당없음(비인정),,원료,비인정,일반식품(즙),기타
ing_4eaa506cb3262a32,백수오,건강보조식품 원료,비인정,,국내 판매중,해당없음(원료),해당없음(비인정),,원료,비인정,일반식품·건강보조식품,갱년기
ing_a57eab66661a22d6,회화나무,건강보조식품 원료,비인정,,국내 판매중,해당없음(원료),해당없음(비인정),관련 검색어,원료,비인정,일반식품(열매추출액),갱년기
ing_95a11f9087922bc3,승마,건강보조식품 원료,비인정,,미확인,해당없음(원료),해당없음(비인정),,원료,비인정,일반식품(추출물),갱년기
ing_08f7238973f59df5,석류추출물,건강기능식품 원료,개별인정,2015-28 주식회사 비엔지,국내 판매중,해당없음(원료),갱년기,,원료,비인정,일반식품,갱년기
ing_e1bd6db22171d6e6,감마리놀렌산,건강보조식품 원료,비인정,,국내 판매중,해당없음(원료),해당없음(비인정),,원료,비인정,일반식품(달맞이꽃종자유),기타
ing_69ee156cffcfe2d8,달맞이꽃,건강보조식품 원료,비인정,,국내 판매중,해당없음(원료),해당없음(비인정),,원료,비인정,일반식품(종자유),기타
ing_6321af524fa7087c,라이코펜,건강보조식품 원료,비인정,,국내 판매중,해당없음(원료),해당없음(비인정),,원료,비인정,일반식품(토마토추출),기타
ing_64646af1abbca0c9,지아잔틴,건강보조식품 원료,비인정,,국내 판매중,해당없음(원료),해당없음(비인정),,원료,비인정,일반식품,눈
ing_edc3e76d92755824,아스타잔틴,건강보조식품 원료,비인정,,국내 판매중,해당없음(원료),해당없음(비인정),,원료,비인정,일반식품·해외직구,눈
ing_fd2eee20267315f2,빌베리,건강보조식품 원료,비인정,,국내 판매중,해당없음(원료),해당없음(비인정),관련 검색어,원료,비인정,일반식품,눈
ing_989be5eafe5d58cb,안토시아닌,건강보조식품 원료,비인정,,국내 판매중,해당없음(원료),해당없음(비인정),,원료,비인정,일반식품,눈
ing_e46149e813ef77c8,포도씨,범위 밖,비인정,,국내 판매중,해당없음(원료),해당없음(비인정),,일반 식재료,비인정,일반식품(추출유),기타
ing_9b29e717777f83f6,피크노제놀,건강보조식품 원료,비인정,,국내 판매중,해당없음(원료),해당없음(비인정),,원료,비인정,해외직구·일반식품,항산화/노화
ing_bdca988ed740aa2a,징코,건강보조식품 원료,비인정,,국내 판매중,해당없음(원료),해당없음(비인정),,원료,비인정,일반식품(은행잎 제품명),인지
ing_241cc39898c6807e,흑삼,건강보조식품 원료,비인정,,국내 판매중,해당없음(원료),해당없음(비인정),,원료,비인정,일반식품(홍삼 발효 심화형),기타
ing_7107cfee00861c46,가바,건강보조식품 원료,비인정,,국내 판매중,해당없음(원료),해당없음(비인정),관련 검색어,원료,비인정,일반식품·건강기능식품 양쪽,수면
ing_9fee7adaa4d697d6,감태,건강보조식품 원료,비인정,,미확인,해당없음(원료),해당없음(비인정),관련 검색어,원료,비인정,일반식품(추출물 음료),기타
ing_c426cf170c0fc1ac,미강,건강보조식품 원료,비인정,,미확인,해당없음(원료),해당없음(비인정),,원료,비인정,일반식품(현미유·분말),기타
ing_a02d6e12e49774d4,커큐민,건강보조식품 원료,비인정,,국내 판매중,해당없음(원료),해당없음(비인정),,원료,비인정,일반식품(강황 추출 고순도형),기타
ing_32c0cbe44cc23c13,보이차,건강보조식품 원료,비인정,,미확인,해당없음(원료),해당없음(비인정),,원료,비인정,일반식품(차),기타
ing_d5a6b6a648c7cfe1,녹차카테킨,건강보조식품 원료,비인정,,국내 판매중,해당없음(원료),해당없음(비인정),,원료,비인정,일반식품,기타
ing_2d1d2e6ec2555c5a,가르시니아,건강보조식품 원료,비인정,,국내 판매중,해당없음(원료),해당없음(비인정),관련 검색어,원료,비인정,일반식품(다이어트보조식품),체지방
ing_9df92a09c9386e87,CLA,건강보조식품 원료,비인정,,국내 판매중,해당없음(원료),해당없음(비인정),,원료,비인정,일반식품(다이어트보조식품),체지방
ing_7c795d5f902f1754,카르니틴,건강보조식품 원료,비인정,,국내 판매중,해당없음(원료),해당없음(비인정),,원료,비인정,일반식품(다이어트·스포츠뉴트리션),근육
ing_5ce31059b9696102,콜레우스포스콜리,건강보조식품 원료,비인정,,국내 판매중,해당없음(원료),해당없음(비인정),,원료,비인정,일반식품,체지방
ing_76f93b6d200d9b82,시서스,건강보조식품 원료,비인정,,국내 판매중,해당없음(원료),해당없음(비인정),,원료,비인정,일반식품,체지방
ing_97f8969696a16032,잔티젠,건강보조식품 원료,비인정,,국내 판매중,해당없음(원료),해당없음(비인정),,원료,비인정,일반식품(미역등복합),체지방
ing_b4a4bce6adad1c62,와일드망고,건강보조식품 원료,비인정,,국내 판매중,해당없음(원료),해당없음(비인정),,원료,비인정,일반식품,체지방
ing_113422d3bec27cf1,그린커피빈,건강보조식품 원료,비인정,,국내 판매중,해당없음(원료),해당없음(비인정),,원료,비인정,일반식품(다이어트보조식품),체지방
ing_4a2b683fb1201803,알파지피시,건강보조식품 원료,비인정,,미확인,해당없음(원료),해당없음(비인정),,원료,비인정,해외직구(인지기능 보조식품),기타
ing_5417403dd548796f,콜라겐타입2,건강보조식품 원료,비인정,,미확인,해당없음(원료),해당없음(비인정),,원료,비인정,일반식품(관절보조식품),관절
ing_418fccaa0787b210,엘라스틴,건강보조식품 원료,비인정,,미확인,해당없음(원료),해당없음(비인정),관련 검색어,원료,비인정,일반식품(피부보조식품),피부
ing_6c0206a8955e04a4,글루타민,건강보조식품 원료,비인정,,국내 판매중,해당없음(원료),해당없음(비인정),,원료,비인정,일반식품(스포츠뉴트리션),근육
ing_4b5641f071061534,BCAA,건강보조식품 원료,비인정,,국내 판매중,해당없음(원료),해당없음(비인정),,원료,비인정,일반식품(스포츠뉴트리션),근육
ing_10d8884e2c31326a,EAA,건강보조식품 원료,비인정,,국내 판매중,해당없음(원료),해당없음(비인정),,원료,비인정,일반식품(스포츠뉴트리션),근육
ing_b51f77a59275b8ca,HMB,건강보조식품 원료,비인정,,국내 판매중,해당없음(원료),해당없음(비인정),,원료,비인정,일반식품·해외직구,근육
ing_90da6652147a2f60,마그네슘글리시네이트,건강보조식품 원료,비인정,,국내 판매중,해당없음(원료),해당없음(비인정),,원료,비인정,일반식품(형태별 마그네슘),기타
ing_c2d8a2211d69bc4a,마그네슘젖산,건강보조식품 원료,비인정,,국내 판매중,해당없음(원료),해당없음(비인정),,원료,비인정,일반식품,기타
ing_c38b1d39c72927cc,마그네슘구연산,건강보조식품 원료,비인정,,국내 판매중,해당없음(원료),해당없음(비인정),,원료,비인정,일반식품,기타
ing_ccc01ca8caa38fa2,활성형비타민B군,건강보조식품 원료,비인정,,국내 판매중,해당없음(원료),해당없음(비인정),,원료,비인정,일반식품,기타
ing_ac63d7ab8af230d9,리포조말비타민C,건강보조식품 원료,비인정,,미확인,해당없음(원료),해당없음(비인정),,원료,비인정,일반식품·해외직구,기타
ing_002f1703b37f6570,양배추즙,건강보조식품,비인정,,국내 판매중,즙,해당없음(일반식품),,일반 식재료,비인정,일반식품(즙),기타
ing_86a2c91334b2bbdd,흑염소진액,건강보조식품,비인정,,국내 판매중,진액,해당없음(일반식품),,원료,비인정,건강보조식품(진액),기타
ing_2f25e796859cd06f,배도라지즙,건강보조식품 원료,비인정,,국내 판매중,해당없음(원료),해당없음(비인정),,원료,비인정,일반식품(즙),기타
ing_4c613b2377b0b737,사과즙,건강보조식품,비인정,,국내 판매중,즙,해당없음(일반식품),,일반 식재료,비인정,일반식품(즙),기타
ing_a45b9e660b5f5b08,석류즙,건강보조식품 원료,비인정,,국내 판매중,해당없음(원료),해당없음(비인정),관련 검색어,원료,비인정,일반식품(즙),갱년기
ing_da8bf2f94b81efc5,발효식초,범위 밖,비인정,,미확인,해당없음(원료),해당없음(비인정),,일반 식재료,비인정,일반식품,기타
ing_be6976bf94114db9,콜라겐젤리,건강보조식품 원료,비인정,,국내 판매중,해당없음(원료),해당없음(비인정),,원료,비인정,일반식품(젤리),피부
ing_ab5769a379aea8a3,단백질바,건강보조식품 원료,비인정,,미확인,해당없음(원료),해당없음(비인정),,원료,비인정,일반식품(바),근육
ing_b86f2e920225c697,곤약,건강보조식품 원료,비인정,,국내 판매중,해당없음(원료),해당없음(비인정),,원료,비인정,일반식품,장
ing_e90f1fa6b977b420,귀리,범위 밖,비인정,,미확인,해당없음(원료),해당없음(비인정),,일반 식재료,비인정,일반식품(곡물),기타
ing_36239d8e1840cdbe,렌틸콩,건강보조식품 원료,비인정,,미확인,해당없음(원료),해당없음(비인정),,원료,비인정,일반식품(곡물),기타
ing_f3d263dc4d03b8e2,병아리콩,범위 밖,비인정,,국내 판매중,해당없음(원료),해당없음(비인정),,원료,비인정,일반식품(곡물),기타
ing_b44f8e67e6a7dd84,아마씨,건강보조식품 원료,비인정,,국내 판매중,해당없음(원료),해당없음(비인정),,원료,비인정,일반식품(씨앗),기타
ing_b3abddb7260630dc,치아씨드,건강보조식품 원료,비인정,,국내 판매중,해당없음(원료),해당없음(비인정),,원료,비인정,일반식품(씨앗),기타
ing_1e51c98d7a829945,햄프씨드,건강보조식품 원료,비인정,,국내 판매중,해당없음(원료),해당없음(비인정),,원료,비인정,일반식품(씨앗),기타
ing_ade8b7b5790ae97a,견과류,범위 밖,비인정,,미확인,해당없음(원료),해당없음(비인정),,원료,비인정,일반식품,기타
ing_339a7176ded9a5b9,그릭요거트,범위 밖,비인정,,국내 판매중,해당없음(원료),해당없음(비인정),,원료,비인정,일반식품(유가공),기타
ing_f5df13dcaa7a25ed,케피어,건강보조식품 원료,비인정,,국내 판매중,해당없음(원료),해당없음(비인정),,원료,비인정,일반식품(발효유),장
ing_d6d9e65a201af582,카무트효소,범위 밖,비인정,,국내 판매중,해당없음(원료),해당없음(비인정),,원료,비인정,"일반식품(곡물효소식품, 홈쇼핑 상시편성 확인)",기타
ing_2d80b89eebc13a1e,MBP(우유유래유단백),건강보조식품 원료,비인정,,국내 판매중,해당없음(원료),해당없음(비인정),,원료,비인정,"일반식품(뼈건강보조식품, 네이버쇼핑 TOP20 확인)",관절
ing_9e05ab036fe1f816,매스틱검,건강기능식품 원료,개별인정,2014-50 (주)프롬바이오,국내 판매중,해당없음(원료),위 건강,,원료,비인정,일반식품(위건강보조식품),기타
ing_fe4ff6ec1c9f3b72,젖산마그네슘,건강기능식품 원료,고시형,,국내 판매중,해당없음(원료),에너지 이용 · 신경·근육 유지,,원료,비인정,일반식품(마그네슘 제형),기타
ing_dc36000abbd8d7a4,AP 콜라겐 효소분해 펩타이드,건강기능식품 원료,개별인정,2010-25 (주)아모레퍼시픽,미확인,해당없음(원료),피부 건강,,원료,개별인정,건강기능식품 전용(개별인정),피부
ing_839ccc5428eb420f,APIC 대두배아열수추출물 등 복합물,건강기능식품 원료,개별인정,2008-6 (주)아모레퍼시픽,미확인,해당없음(원료),체지방,,원료,개별인정,건강기능식품 전용(개별인정),기타
ing_e4294ae330bf55b9,Akkermansia muciniphila EB-AMDK19 열처리배양건조물,건강기능식품 원료,개별인정,2025-47 동아제약(주); 2025-46 (주)엔테로바이옴,미확인,해당없음(원료),보류,자료 부족,원료,개별인정,건강기능식품 전용(개별인정),기타
ing_0321e30d0be4bcba,B.breve IDCC 4401(BBR4401) 열처리배양건조물,보류,보류,,미확인,해당없음(원료),보류,자료 부족,원료,개별인정,건강기능식품 전용(개별인정),기타
ing_af00e16a59d3353d,BT-11원지추출분말,건강기능식품 원료,개별인정,2009-12 (주)바이오스타줄기세포기술연구원,미확인,해당없음(원료),인지·기억,,원료,개별인정,건강기능식품 전용(개별인정),기타
ing_395a5ed31888cbf5,Bacillus coagulans SNZ 1969 프로바이오틱스,건강기능식품 원료,개별인정,2023-34 ㈜씨티씨바이오,미확인,해당없음(원료),장 건강,,원료,개별인정,건강기능식품 전용(개별인정),장
ing_76518ca7941559df,Bacillus coagulans Unique IS-2 프로바이오틱스,건강기능식품 원료,개별인정,2022-16 (주)뉴트리원; 2022-45 (주)제이와이글로벌푸드,미확인,해당없음(원료),장 건강,,원료,개별인정,건강기능식품 전용(개별인정),장
ing_010ef18dbba7fd54,Bifidobacterium breve B-3 프로바이오틱스,건강기능식품 원료,개별인정,2023-2 대한켐텍 주식회사,미확인,해당없음(원료),체지방,,원료,개별인정,건강기능식품 전용(개별인정),장
ing_2fd91ed810e79ece,CJ저분자콜라겐펩타이드,건강기능식품 원료,개별인정,2023-4 씨제이웰케어,미확인,해당없음(원료),피부 건강,,원료,개별인정,건강기능식품 전용(개별인정),피부
ing_1d0f4fc502fb5af2,CMO 함유 FAC(Fatty Acid Complex),건강기능식품 원료,개별인정,2014-26 티케이엘(주),미확인,해당없음(원료),관절·연골,,원료,개별인정,건강기능식품 전용(개별인정),기타
ing_ca9a130e2d3234f1,CaHMB(Calcium β-Hydroxy-β-methylbutyrate),건강기능식품 원료,개별인정,2023-26 ㈜주피터인터내셔널,미확인,해당없음(원료),운동 수행,,원료,개별인정,건강기능식품 전용(개별인정),근육
ing_80891717cf315934,Collactive 콜라겐펩타이드,건강기능식품 원료,개별인정,2012-24 씨제이웰케어,미확인,해당없음(원료),피부 건강,,원료,개별인정,건강기능식품 전용(개별인정),피부
ing_293a007c32c3f195,Enterococcus faecalis FK-23 효소 및 가열처리 분말(LFK),건강기능식품 원료,개별인정,2008-31 (주)대덕약업,미확인,해당없음(원료),코 건강,,원료,개별인정,건강기능식품 전용(개별인정),기타
ing_6bd355f625d2cb0f,HK나토배양물,건강기능식품 원료,개별인정,2009-50 (주)HK바이오텍,국내 판매중,해당없음(원료),혈행,,원료,개별인정,건강기능식품 전용(개별인정),기타
ing_fa39d8783d0fea48,HK표고버섯균사체,건강기능식품 원료,개별인정,2017-7 (주)HK바이오텍; 2010-35 (주)HK바이오텍,국내 판매중,해당없음(원료),간 건강,,원료,개별인정,건강기능식품 전용(개별인정),기타
ing_1a279b0076f90407,INM176(참당귀 주정추출분말),보류,보류,,미확인,해당없음(원료),보류,자료 부족,원료,개별인정,건강기능식품 전용(개별인정),기타
ing_271acc806bdc665b,L-arabinose,건강기능식품 원료,개별인정,2014-45 (주)메디앤바이오,미확인,해당없음(원료),혈당,,원료,개별인정,건강기능식품 전용(개별인정),혈당
ing_e144a7f52498649e,L-글루타민산 유래 GABA 함유 분말,건강기능식품 원료,개별인정,2009-1 롯데쇼핑주식회사,미확인,해당없음(원료),혈압,,원료,개별인정,건강기능식품 전용(개별인정),수면
ing_dddbeb49b4c51858,L-글루탐산발효 가바분말(기능성원료인정제2022-19호),건강기능식품 원료,개별인정,2022-19 (주)아모레퍼시픽,미확인,해당없음(원료),수면,,원료,개별인정,건강기능식품 전용(개별인정),수면
ing_21f4a22ec9ed721f,L-아르기닌,건강기능식품 원료,개별인정,2015-19 대상(주)군산공장,국내 판매중,해당없음(원료),혈행,,원료,개별인정,건강기능식품 전용(개별인정),혈행
ing_9dcb6b029ae9f505,L-카르니틴 타르트레이트,건강기능식품 원료,개별인정,2012-19 (주)주피터인터내셔널; 2010-50 대상(주)건강사업본부,국내 판매중,해당없음(원료),체지방 · 피로,,원료,개별인정,건강기능식품 전용(개별인정),근육
ing_8cfc2fab777e8b88,L. curvatus HY7601와 L. plantarum KY1032의 프로바이오틱스 복합물,건강기능식품 원료,개별인정,2019-4 (주)에치와이 평택공장,미확인,해당없음(원료),장 건강,,원료,개별인정,건강기능식품 전용(개별인정),장
ing_6beb25dc4f921f35,L. mucosae NK41과 B. longum NK46의 프로바이오틱스 복합물(NVP-2106),건강기능식품 원료,개별인정,2025-15 주식회사 엔비피헬스케어,미확인,해당없음(원료),장 건강,,원료,개별인정,건강기능식품 전용(개별인정),장
ing_4969545414232ff9,L. plantarum LC27과 B. longum LC67의 프로바이오틱스 복합물(NVP-1702),건강기능식품 원료,개별인정,2023-19 주식회사 엔비피헬스케어,미확인,해당없음(원료),간 건강,,원료,개별인정,건강기능식품 전용(개별인정),장
ing_154c1e462909a46b,L.plantarum IM76과 B.longum IM55 복합물(NVP1703),건강기능식품 원료,개별인정,2019-28 (주)엔비피헬스케어,미확인,해당없음(원료),코 건강,,원료,개별인정,건강기능식품 전용(개별인정),기타
ing_2c1a6b674fca559e,Lacticaseibacillus paracasei subsp. paracasei 327(K-1) 열처리배양건조물(제2025-43호,건강기능식품 원료,개별인정,2025-43 주식회사 씨에이치랩스,미확인,해당없음(원료),보류,자료 부족,원료,개별인정,건강기능식품 전용(개별인정),기타
ing_a50401c20d145021,Lacticaseibacillus rhamnosus IDCC3201 열처리배양건조물(RHT3201®),보류,보류,,미확인,해당없음(원료),보류,자료 부족,원료,개별인정,건강기능식품 전용(개별인정),기타
ing_ba5cf836b31fe6fc,Lactiplantibacillus plantarum ATG-K2 프로바이오틱스,건강기능식품 원료,개별인정,2025-58 (주)에이투젠 부설연구소,미확인,해당없음(원료),장 건강,,원료,개별인정,건강기능식품 전용(개별인정),장
ing_f5742d2cd02c43b6,Lactiplantibacillus plantarum HAC01 프로바이오틱스,건강기능식품 원료,개별인정,2022-21 (주)에이투젠 부설연구소,미확인,해당없음(원료),혈당,,원료,개별인정,건강기능식품 전용(개별인정),장
ing_3309ffe686b6008e,Lactiplantibacillus plantarum LMT1-48 프로바이오틱스,건강기능식품 원료,개별인정,2025-32 주식회사 메디톡스,미확인,해당없음(원료),장 건강,,원료,개별인정,건강기능식품 전용(개별인정),장
ing_2421f874d2978807,Lactiplantibacillus plantarum PBS067 등 프로바이오틱스 복합물(PBS),건강기능식품 원료,개별인정,2024-5 (주)씨에이치랩스; 2024-31 (주)신우코퍼레이션,미확인,해당없음(원료),피부 건강,,원료,개별인정,건강기능식품 전용(개별인정),장
ing_eeb20424070821ad,Lactiplantibacillus plantarum Q180,건강기능식품 원료,개별인정,2021-23 (주)종근당바이오,미확인,해당없음(원료),보류,자료 부족,원료,개별인정,건강기능식품 전용(개별인정),기타
ing_ecac0b0300b38b6f,Lactiplantibacillus plantarum TWK10 프로바이오틱스,보류,보류,,미확인,해당없음(원료),보류,자료 부족,원료,개별인정,건강기능식품 전용(개별인정),장
ing_aeebd5b3c379bc1e,Lactobacillus acidophilus YT1(HU038),건강기능식품 원료,개별인정,2019-22 (주)휴온스엔,미확인,해당없음(원료),갱년기,,원료,개별인정,건강기능식품 전용(개별인정),기타
ing_c066abb673c99774,Lactobacillus gasseri BNR17,건강기능식품 원료,개별인정,2014-5 주식회사 바이오니아; 2017-6 (주)에이스바이옴,미확인,해당없음(원료),체지방,,원료,개별인정,건강기능식품 전용(개별인정),체지방
ing_3fcec163e616f00b,Lactobacillus plantarum C29 프로바이오틱스와 발효대두분말의 복합물(DW2009),보류,보류,,미확인,해당없음(원료),보류,자료 부족,원료,개별인정,건강기능식품 전용(개별인정),장
ing_b141b3ac629e9544,Lactobacillus sakei Probio65,건강기능식품 원료,개별인정,2013-17 (주)프로바이오닉,미확인,해당없음(원료),피부 건강,,원료,개별인정,건강기능식품 전용(개별인정),기타
ing_186a8c747f05b692,Latilactobacillus curvatus LB-P9 프로바이오틱스,건강기능식품 원료,개별인정,2025-5 주식회사 리스큐어바이오; 2025-6 주식회사 녹십자웰빙,미확인,해당없음(원료),보류,자료 부족,원료,개별인정,건강기능식품 전용(개별인정),장
ing_f57ca0a3b52dcec5,Latilactobacillus sakei LB-P12 프로바이오틱스,건강기능식품 원료,개별인정,2025-55 주식회사 리스큐어바이오,미확인,해당없음(원료),장 건강,,원료,개별인정,건강기능식품 전용(개별인정),장
ing_865b15b4a0108207,MR-10 민들레등복합추출물,건강기능식품 원료,개별인정,2013-31 (주)파미니티,미확인,해당없음(원료),갱년기,,원료,개별인정,건강기능식품 전용(개별인정),기타
ing_b0e049cffc4821f2,MS-10 엉겅퀴등복합추출물,건강기능식품 원료,개별인정,2020-6 (주)파미니티,미확인,해당없음(원료),갱년기,,원료,개별인정,건강기능식품 전용(개별인정),기타
ing_022b8fe982f59d8d,Nopal 추출물,건강기능식품 원료,개별인정,2010-10 에이치엘바이오 주식회사; 2009-39 인성제약(주),미확인,해당없음(원료),혈당,,원료,개별인정,건강기능식품 전용(개별인정),기타
ing_ccdffa141352df1c,PME-88 메론추출물,보류,보류,,미확인,해당없음(원료),보류,자료 부족,원료,개별인정,건강기능식품 전용(개별인정),기타
ing_1dd55c4f18a16b35,PMO 참밀알부민,건강기능식품 원료,개별인정,2007-23 풀무원건강생활(주),미확인,해당없음(원료),보류,자료 부족,원료,개별인정,건강기능식품 전용(개별인정),기타
ing_0d7bf98485cf08b4,UREX 프로바이오틱스,건강기능식품 원료,개별인정,2014-27 (주)빅솔반월공장,국내 판매중,해당없음(원료),여성 질 건강,,원료,개별인정,건강기능식품 전용(개별인정),장
ing_cfa42e38cec62606,Weissella cibaria JW15 프로바이오틱스,건강기능식품 원료,개별인정,2022-20 국립농업과학원; 2022-35 (주)휴온스엔,미확인,해당없음(원료),면역,,원료,개별인정,건강기능식품 전용(개별인정),장
ing_275661a55abf7494,가다랑어 엘라스틴 펩타이드(VGPG Elastin®),건강기능식품 원료,개별인정,2022-38 대한켐텍 주식회사,미확인,해당없음(원료),피부 건강,,원료,개별인정,건강기능식품 전용(개별인정),피부
ing_dec0ee1743f1d2cc,가시오가피숙지황복합추출물,건강기능식품 원료,개별인정,2013-14 (주)오스코텍,미확인,해당없음(원료),뼈 건강,,원료,개별인정,건강기능식품 전용(개별인정),기타
ing_700a8ecf705283ee,가시오갈피등복합추출물,건강기능식품 원료,개별인정,2013-25 (주)뉴메드; 2011-28 (주)뉴메드,미확인,해당없음(원료),관절·연골,,원료,개별인정,건강기능식품 전용(개별인정),기타
ing_bcb0635ff10691e1,가자추출물(Ayuflex®),건강기능식품 원료,개별인정,2022-12 주식회사 뉴온,미확인,해당없음(원료),관절·연골,,원료,개별인정,건강기능식품 전용(개별인정),기타
ing_308b59bb99901de1,가쯔오부시 올리고 펩타이드,건강기능식품 원료,개별인정,2006-16 (주)메코,미확인,해당없음(원료),혈압,,원료,개별인정,건강기능식품 전용(개별인정),기타
ing_610a2fe86c738f0a,갈락토올리고당 분말(Bimuno® GOS Powder),건강기능식품 원료,개별인정,2021-8 (주)네오크레마 익산공장,미확인,해당없음(원료),피부 건강,,원료,개별인정,건강기능식품 전용(개별인정),기타
ing_452b1754e4d23b88,갈락토올리고당분말(네오고스-P70),건강기능식품 원료,개별인정,2021-8 (주)네오크레마 익산공장,미확인,해당없음(원료),피부 건강,,원료,개별인정,건강기능식품 전용(개별인정),기타
ing_ca9f21dbe3212311,감국감태추출복합물,건강기능식품 원료,개별인정,2025-33 (주)에스앤디,미확인,해당없음(원료),보류,자료 부족,원료,개별인정,건강기능식품 전용(개별인정),기타
ing_867d6da21e727ac9,감잎주정추출분말,건강기능식품 원료,개별인정,2022-18 환인제약(주),미확인,해당없음(원료),눈 건강,,원료,개별인정,건강기능식품 전용(개별인정),기타
ing_7cd574dc6c64cca7,감태추출물,건강기능식품 원료,개별인정,2015-6 (주)에스앤디; 2026-20 한국식품연구원,국내 판매중,해당없음(원료),수면,,원료,개별인정,건강기능식품 전용(개별인정),수면
ing_3a59341cc051cebd,강황 추출물(터마신),건강기능식품 원료,개별인정,2014-2 (주)세광에스티코퍼레이션,국내 판매중,해당없음(원료),관절·연골,,원료,개별인정,건강기능식품 전용(개별인정),기타
ing_12c3631dd805e740,강황추출물,건강기능식품 원료,개별인정,2023-5 (주)아리바이오; 2025-53 (주)알피바이오; 2025-51 (주)뉴트리원; 2025-54 주식회사 녹십자웰빙,국내 판매중,해당없음(원료),근육,,원료,개별인정,건강기능식품 전용(개별인정),관절
ing_14118176e798e4a1,골드키위유산균발효물(Kiwibiotics®),건강기능식품 원료,개별인정,2025-22 (주)바이텍 익산지점,미확인,해당없음(원료),장 건강,,원료,개별인정,건강기능식품 전용(개별인정),장
ing_86cbeea0d4e0fc01,곰피추출물,건강기능식품 원료,개별인정,2018-1 주식회사 네추럴웨이,국내 판매중,해당없음(원료),간 건강,,원료,개별인정,건강기능식품 전용(개별인정),기타
ing_86c04747784532c2,과채유래유산균(L.plantarum CJLP133),보류,보류,,미확인,해당없음(원료),보류,자료 부족,원료,개별인정,건강기능식품 전용(개별인정),피부
ing_e66d7d974a8f9c90,구기자추출물,건강기능식품 원료,개별인정,2014-51 (주)바이오믹스,국내 판매중,해당없음(원료),인지·기억,,원료,개별인정,건강기능식품 전용(개별인정),인지
ing_06f7a2684e7c5701,구아바잎추출물 등 복합물(BENDU381),건강기능식품 원료,개별인정,2009-16 주식회사 벤스랩,국내 판매중,해당없음(원료),코 건강,,원료,개별인정,건강기능식품 전용(개별인정),기타
ing_e314d1d033390caf,구절초추출물,보류,보류,,국내 판매중,해당없음(원료),보류,자료 부족,원료,개별인정,건강기능식품 전용(개별인정),기타
ing_78610a68eb170fe6,굴가수분해물,건강기능식품 원료,개별인정,2021-22 경상대학교 산학협력단,미확인,해당없음(원료),보류,자료 부족,원료,개별인정,건강기능식품 전용(개별인정),기타
ing_2f103fe66df5c19b,그린마테추출물,보류,보류,,미확인,해당없음(원료),보류,자료 부족,원료,개별인정,건강기능식품 전용(개별인정),기타
ing_c80e654a1c4317c2,그린커피빈주정추출물,건강기능식품 원료,개별인정,2018-6 대한켐텍 주식회사,미확인,해당없음(원료),체지방,,원료,개별인정,건강기능식품 전용(개별인정),체지방
ing_85bbe0c6d69dcdb6,그린커피빈추출물,건강기능식품 원료,개별인정,2014-31 주영엔에스(주),국내 판매중,해당없음(원료),체지방,,원료,개별인정,건강기능식품 전용(개별인정),체지방
ing_afef278aa10f77bc,글로빈가수분해물,건강기능식품 원료,개별인정,2011-21 (주)헤너스,미확인,해당없음(원료),혈중지질,,원료,개별인정,건강기능식품 전용(개별인정),기타
ing_1e93310191473f32,기장밀추출복합물(KeranatTM),건강기능식품 원료,개별인정,2024-16 주식회사 노바렉스,미확인,해당없음(원료),모발 건강,,원료,개별인정,건강기능식품 전용(개별인정),기타
ing_5955d969a909e22c,까마귀쪽나무 열매 주정추출물,건강기능식품 원료,개별인정,2015-22 (재)제주테크노파크; 2015-23 주식회사 휴럼,미확인,해당없음(원료),관절·연골,,원료,개별인정,건강기능식품 전용(개별인정),관절
ing_5d1e17c97ee7c222,깻잎추출물(PF501),건강기능식품 원료,개별인정,2019-3 (주)휴온스내츄럴; 2009-83 (주)휴메딕스,미확인,해당없음(원료),체지방,,원료,개별인정,건강기능식품 전용(개별인정),기타
ing_ca256b548266c8b9,꾸지뽕잎추출물,건강기능식품 원료,개별인정,2021-16 (주)에치와이,미확인,해당없음(원료),위 건강,,원료,개별인정,건강기능식품 전용(개별인정),기타
ing_edce474392861ef3,나토균배양분말,건강기능식품 원료,개별인정,2012-7 주식회사애니닥터헬스케어; 2013-6 (주)지에프퍼멘텍,국내 판매중,해당없음(원료),혈행,,원료,개별인정,건강기능식품 전용(개별인정),혈행
ing_a7ff49d9f2668749,나한과박추출분말,보류,보류,,미확인,해당없음(원료),보류,자료 부족,원료,개별인정,건강기능식품 전용(개별인정),기타
ing_754406f1bbccf156,난각막가수분해물(NEM®),건강기능식품 원료,개별인정,2024-9 주식회사 성동,국내 판매중,해당없음(원료),보류,자료 부족,원료,개별인정,건강기능식품 전용(개별인정),기타
ing_5f666a3aaa0dca05,난각막분말,보류,보류,,미확인,해당없음(원료),보류,자료 부족,원료,개별인정,건강기능식품 전용(개별인정),기타
ing_3e7be90f1b08a10e,녹각효소분해추출물HP(NP-2007),건강기능식품 원료,개별인정,2025-28 (주)한풍네이처팜,미확인,해당없음(원료),보류,자료 부족,원료,개별인정,건강기능식품 전용(개별인정),기타
ing_e15e2dc2e6cba95b,녹용당귀등 복합추출물,건강기능식품 원료,개별인정,2023-16 광동제약주식회사,미확인,해당없음(원료),전립선,,원료,개별인정,건강기능식품 전용(개별인정),기타
ing_aedbf436f1efbfa6,녹용유산균발효분말,건강기능식품 원료,개별인정,2025-45 (주)에치와이,미확인,해당없음(원료),장 건강,,원료,개별인정,건강기능식품 전용(개별인정),장
ing_184fbb0164495db2,녹용효소분해추출물(HENKIVⓇ),건강기능식품 원료,개별인정,2024-2 주식회사 유한건강생활,미확인,해당없음(원료),면역,,원료,개별인정,건강기능식품 전용(개별인정),기타
ing_6cea87cae6e84e8f,다래추출물(PG102),건강기능식품 원료,개별인정,2009-18 (주)헬릭스미스,미확인,해당없음(원료),면역,,원료,개별인정,건강기능식품 전용(개별인정),기타
ing_6891a96c0855d11f,다이크로스타키스 글로메라타 추출물(Dyglomera®),건강기능식품 원료,개별인정,2023-36 주식회사 뉴온; 2023-9 (주)케이지엠팜,미확인,해당없음(원료),체지방,,원료,개별인정,건강기능식품 전용(개별인정),기타
ing_3b7ebb54c2ac0258,다이크로스타키스 글로메라타 추출물(DyglomeraⓇ),보류,보류,,미확인,해당없음(원료),보류,자료 부족,원료,개별인정,건강기능식품 전용(개별인정),기타
ing_c67e422f4261fa3c,단삼주정추출분말,건강기능식품 원료,개별인정,2023-3 (주) 운트바이오,국내 판매중,해당없음(원료),갱년기,,원료,개별인정,건강기능식품 전용(개별인정),기타
ing_42a878c25f34d361,단삼주정추출분말(SAGX),건강기능식품 원료,개별인정,2025-16 주식회사 큐롬바이오사이언스,국내 판매중,해당없음(원료),보류,자료 부족,원료,개별인정,건강기능식품 전용(개별인정),기타
ing_11286b49e39d674f,닭가슴연골분말,보류,보류,,미확인,해당없음(원료),보류,자료 부족,원료,개별인정,건강기능식품 전용(개별인정),관절
ing_5c3e6b330084d717,당귀등추출복합물,건강기능식품 원료,개별인정,2011-3 (주)현대바이오랜드 안산,미확인,해당없음(원료),인지·기억,,원료,개별인정,건강기능식품 전용(개별인정),인지
ing_a4e73b91f13def6e,당귤농축분말(ROCH)당귤농축분말,보류,보류,,미확인,해당없음(원료),보류,자료 부족,원료,개별인정,건강기능식품 전용(개별인정),기타
ing_b475cf43e04daae8,당조고추건조분말,건강기능식품 원료,개별인정,2023-32 한국식품산업클러스터진흥원,미확인,해당없음(원료),혈당,,원료,개별인정,건강기능식품 전용(개별인정),기타
ing_99b5b2e1a9270a32,대두배아유산균발효물(SE5-OH),건강기능식품 원료,개별인정,2025-20 한국오츠카제약(주),미확인,해당없음(원료),장 건강,,일반 식재료,개별인정,건강기능식품 전용(개별인정),장
ing_a760c6a6584484ab,대두올리고당,건강기능식품 원료,개별인정,2005-20 현대약품주식회사,미확인,해당없음(원료),장 건강,,일반 식재료,개별인정,건강기능식품 전용(개별인정),장
ing_f286542254509057,대두추출물등 복합물(메노세라),건강기능식품 원료,개별인정,2019-29 풀무원건강생활(주),미확인,해당없음(원료),보류,자료 부족,일반 식재료,개별인정,건강기능식품 전용(개별인정),기타
ing_36610493c1b79d32,댕댕이나무열매(허니베리)추출분말,건강기능식품 원료,개별인정,2019-19 주식회사 아리너스,미확인,해당없음(원료),간 건강,,원료,개별인정,건강기능식품 전용(개별인정),기타
ing_d25fe90f50d1f2d0,덖음귤피추출분말(JRC),건강기능식품 원료,개별인정,2025-23 주식회사 제이앤제이바이오헬스케어 전남센터; 2025-24 (주)알피바이오,미확인,해당없음(원료),보류,자료 부족,원료,개별인정,건강기능식품 전용(개별인정),기타
ing_020df3ba6a702d69,도라지추출물,건강기능식품 원료,개별인정,2013-26 (주)온사이언스,미확인,해당없음(원료),간 건강,,원료,개별인정,건강기능식품 전용(개별인정),간
ing_9d177b25aafc476a,돈태반 발효추출물,건강기능식품 원료,개별인정,2019-31 (주)엘지생활건강,국내 판매중,해당없음(원료),피로,,원료,개별인정,건강기능식품 전용(개별인정),기타
ing_4e83a3801894ad76,돌외잎주정추출분말,보류,보류,,미확인,해당없음(원료),보류,자료 부족,원료,개별인정,건강기능식품 전용(개별인정),체지방
ing_9d2ac95a6909d5a0,돌외잎추출물,건강기능식품 원료,개별인정,2015-7 주식회사 노바렉스,미확인,해당없음(원료),긴장 완화,,원료,개별인정,건강기능식품 전용(개별인정),수면
ing_223948ca6da17b81,동결건조누에분말,건강기능식품 원료,개별인정,2009-67 (사)대한잠사회,미확인,해당없음(원료),혈당,,원료,개별인정,건강기능식품 전용(개별인정),혈당
ing_dff78d17a4589b30,동충하초 발효 추출물,보류,보류,,미확인,해당없음(원료),보류,자료 부족,원료,개별인정,건강기능식품 전용(개별인정),근육
ing_87750025329f1a35,동충하초 주정추출물,건강기능식품 원료,개별인정,2013-16 동아제약(주)달성공장,미확인,해당없음(원료),면역,,원료,개별인정,건강기능식품 전용(개별인정),면역
ing_536585cfef542591,두충우슬추출복합물(KGC08EA),건강기능식품 원료,개별인정,2023-40 (주)한국인삼공사,미확인,해당없음(원료),보류,자료 부족,원료,개별인정,건강기능식품 전용(개별인정),기타
ing_350037360997b8d8,들깨쇠비름혼합추출물,보류,보류,,미확인,해당없음(원료),보류,자료 부족,일반 식재료,개별인정,건강기능식품 전용(개별인정),기타
ing_c61ad5a1a8488f14,들쭉열매추출분말,건강기능식품 원료,개별인정,2022-1 (주)씨에이치랩스,미확인,해당없음(원료),피부 건강,,원료,개별인정,건강기능식품 전용(개별인정),기타
ing_2858e1d095c99bf3,디글리세라이드 함유유지,보류,보류,,미확인,해당없음(원료),보류,자료 부족,원료,개별인정,건강기능식품 전용(개별인정),기타
ing_31eb057e5473054f,라임과피추출물,건강기능식품 원료,개별인정,2025-26 주식회사 뉴트라잇,국내 판매중,해당없음(원료),보류,자료 부족,원료,개별인정,건강기능식품 전용(개별인정),기타
ing_685eea8044a4d1a7,락추로스 파우더,보류,보류,,미확인,해당없음(원료),보류,자료 부족,원료,개별인정,건강기능식품 전용(개별인정),기타
ing_d41c351e69f61179,락토페린(우유유래정제단백질),건강기능식품 원료,개별인정,2013-20 라이온코리아주식회사,국내 판매중,해당없음(원료),체지방,,원료,개별인정,건강기능식품 전용(개별인정),근육
ing_2207e0b095129c9b,락토페린(우유정제단백질),건강기능식품 원료,개별인정,2013-20 라이온코리아주식회사,국내 판매중,해당없음(원료),체지방,,원료,개별인정,건강기능식품 전용(개별인정),체지방
ing_c164ca703aaf36c8,레몬 밤 추출물 혼합분말,건강기능식품 원료,개별인정,2010-24 (주)안지오랩,미확인,해당없음(원료),체지방,,일반 식재료,개별인정,건강기능식품 전용(개별인정),체지방
ing_7d7e8a3b641d99e2,레몬밤민들레추출복합물(LD100),건강기능식품 원료,개별인정,2022-22 유한회사 파이토뉴트리메디; 2022-23 (주)한국씨엔에스팜,미확인,해당없음(원료),간 건강,,일반 식재료,개별인정,건강기능식품 전용(개별인정),기타
ing_02f10063bdbd5211,레몬버베나추출물 등 복합물(티에뜨레Ⓡ),건강기능식품 원료,개별인정,2022-13 (주)노바웰스,국내 판매중,해당없음(원료),체지방,,일반 식재료,개별인정,건강기능식품 전용(개별인정),기타
ing_455ab9d35cbdfe29,로즈마리자몽추출복합물(Nutroxsun),건강기능식품 원료,개별인정,2019-25 광동헬스바이오(주),미확인,해당없음(원료),피부 건강,,원료,개별인정,건강기능식품 전용(개별인정),기타
ing_bac28eea8c3a1f61,로즈마리추출물등복합물,보류,보류,,국내 판매중,해당없음(원료),보류,자료 부족,원료,개별인정,건강기능식품 전용(개별인정),기타
ing_545220df13557bfb,로즈힙분말,건강기능식품 원료,개별인정,2014-17 (주)코드바이오; 2007-22 (주)주안상사; 2012-27 (주)서흥캅셀; 2013-18 (주)뉴트리플랜; 2013-1 (주)주안바이오테크; 2008-81 (주)디에스엠뉴트리션코리아; 2006-7 (주)주안상사,국내 판매중,해당없음(원료),관절·연골,,원료,개별인정,건강기능식품 전용(개별인정),관절
ing_031830e2ab308c98,루바브뿌리 추출물,건강기능식품 원료,개별인정,2019-6 한국암웨이(주); 2021-17 콜마비앤에이치(주); 2022-28 (주)오나트라,국내 판매중,해당없음(원료),갱년기,,원료,개별인정,건강기능식품 전용(개별인정),기타
ing_b57b45c70274ce8f,루바브뿌리추출물(ERr731Ⓡ),건강기능식품 원료,개별인정,2024-17 주식회사 시나몬랩,미확인,해당없음(원료),갱년기,,원료,개별인정,건강기능식품 전용(개별인정),기타
ing_cd4dcd569a0de405,루테인 에스테르,보류,보류,,국내 판매중,해당없음(원료),보류,자료 부족,원료,개별인정,건강기능식품 전용(개별인정),눈
ing_83ab75d60e7e4bb2,루테인/지아잔틴 복합추출물,건강기능식품 원료,개별인정,2008-66 주식회사 노바렉스; 2019-16 고려은단(주); 2018-11 주식회사 노바렉스; 2018-4 대한켐텍 주식회사,미확인,해당없음(원료),눈 건강,,원료,개별인정,건강기능식품 전용(개별인정),눈
ing_0ec175fbe801f9fd,루테인지아잔틴복합추출물,건강기능식품 원료,개별인정,2008-66 주식회사 노바렉스; 2019-16 고려은단(주); 2018-11 주식회사 노바렉스; 2018-4 대한켐텍 주식회사,국내 판매중,해당없음(원료),눈 건강,,원료,개별인정,건강기능식품 전용(개별인정),눈
ing_3eeeea4ba0414d1e,루테인지아잔틴복합추출물20%,건강기능식품 원료,개별인정,2013-23 주식회사 노바렉스; 2010-3 주식회사 노바렉스,미확인,해당없음(원료),눈 건강,,원료,개별인정,건강기능식품 전용(개별인정),눈
ing_63ed214475cc159f,루테인지아잔틴추출복합물,건강기능식품 원료,개별인정,2023-37 한국암웨이(주); 2021-21 주식회사 디에스엠퍼메니쉬코리아; 2022-29 안국건강주식회사; 2025-35 에이지바이오테라퓨틱스 주식회사,미확인,해당없음(원료),눈 건강,,원료,개별인정,건강기능식품 전용(개별인정),눈
ing_044ddff5842b7ded,루테인지아잔틴추출복합물(기능성원료인정제2022-29호),건강기능식품 원료,개별인정,2022-29 안국건강주식회사,미확인,해당없음(원료),눈 건강,,원료,개별인정,건강기능식품 전용(개별인정),눈
ing_d7f8472d3bbbcbd9,리스펙타(Respecta®)[프로바이오틱스 등 복합물],건강기능식품 원료,개별인정,2019-26 코스맥스엔비티(주),국내 판매중,해당없음(원료),장 건강,,원료,개별인정,건강기능식품 전용(개별인정),장
ing_f8687ebd0ee0d790,리프리놀-초록입홍합추출오일,건강기능식품 원료,개별인정,2009-49 (주)한국파마링크; 2008-69 (주)한국파마링크,국내 판매중,해당없음(원료),관절·연골,,원료,개별인정,건강기능식품 전용(개별인정),관절
ing_dfff49e3bff3cdb4,마르멜로추출물,건강기능식품 원료,개별인정,2025-64 주식회사 비엔지,미확인,해당없음(원료),보류,자료 부족,원료,개별인정,건강기능식품 전용(개별인정),기타
ing_9c1d180ab7c7db4a,마리골드꽃추출물(지아잔틴함유),건강기능식품 원료,개별인정,2024-25 (주)엘지생활건강; 2025-7 (주)화인비에스; 2026-9 대한켐텍 주식회사,국내 판매중,해당없음(원료),보류,자료 부족,원료,개별인정,건강기능식품 전용(개별인정),눈
ing_c1f085255bf545c9,마카 젤라틴화 분말,건강기능식품 원료,개별인정,2011-7 (주)이스터비엔에프,국내 판매중,해당없음(원료),운동 수행 · 갱년기,,원료,개별인정,건강기능식품 전용(개별인정),근육
ing_8877d544d626e4e7,마키베리추출물,건강기능식품 원료,개별인정,2025-8 (주)성우바이오팜,국내 판매중,해당없음(원료),눈 건강,,원료,개별인정,건강기능식품 전용(개별인정),기타
ing_0d37a6489f79b357,맥아구절초추출복합물,건강기능식품 원료,개별인정,2023-11 주식회사 제넨셀; 2023-12 동국제약(주),미확인,해당없음(원료),월경 전 불편,,원료,개별인정,건강기능식품 전용(개별인정),기타
ing_4626b3f5efa2b027,모로오렌지추출분말(Morosil®),건강기능식품 원료,개별인정,2021-7 광동헬스바이오(주); 2025-25 주식회사 비티씨 오송공장,미확인,해당없음(원료),체지방,,원료,개별인정,건강기능식품 전용(개별인정),기타
ing_b10d89a94033131c,목천료추출분말,건강기능식품 원료,개별인정,2024-10 (주)지앤피바이오사이언스; 2024-11 이연제약(주),미확인,해당없음(원료),피부 건강,,원료,개별인정,건강기능식품 전용(개별인정),기타
ing_7f9898a70d4a6629,무화과페이스트,건강기능식품 원료,개별인정,2014-29 영암녹색무화과(주),미확인,해당없음(원료),장 건강,,원료,개별인정,건강기능식품 전용(개별인정),장
ing_3e8cb821be50769f,미강주정추출물,건강기능식품 원료,개별인정,2018-3 (주)에스앤디,국내 판매중,해당없음(원료),수면,,원료,개별인정,건강기능식품 전용(개별인정),기타
ing_510d52956a8d3fe4,미숙여주주정추출분말,건강기능식품 원료,개별인정,2020-14 콜마비앤에이치(주),국내 판매중,해당없음(원료),혈당,,원료,개별인정,건강기능식품 전용(개별인정),혈당
ing_51db90eb1101ed81,미역 등 복합추출물(잔티젠),보류,보류,,미확인,해당없음(원료),보류,자료 부족,일반 식재료,개별인정,건강기능식품 전용(개별인정),체지방
ing_7cf3509b3fcbb850,민들레 등 추출복합물,건강기능식품 원료,개별인정,2012-12 (주)성균바이오텍,미확인,해당없음(원료),피부 건강,,원료,개별인정,건강기능식품 전용(개별인정),기타
ing_8d3ceca020910fcd,밀 추출물(Ceratiq®),건강기능식품 원료,개별인정,2020-15 주식회사 노바렉스,미확인,해당없음(원료),피부 건강,,원료,개별인정,건강기능식품 전용(개별인정),기타
ing_937d0af75c658827,밀배유 추출물,건강기능식품 원료,개별인정,2015-18 한국암웨이(주); 2025-11 (주)그린스토어; 2025-10 코스맥스엔에스 주식회사,국내 판매중,해당없음(원료),피부 건강,,원료,개별인정,건강기능식품 전용(개별인정),기타
ing_eb52310190792a75,밀전분유래 난소화성말토덱스트린,건강기능식품 원료,개별인정,2011-6 로케뜨코리아(유),미확인,해당없음(원료),장 건강,,원료,개별인정,건강기능식품 전용(개별인정),장
ing_03785704f4fd5f30,바이오게르마늄 효모,건강기능식품 원료,개별인정,2007-15 게란티제약(주),미확인,해당없음(원료),면역,,원료,개별인정,건강기능식품 전용(개별인정),기타
ing_a4af4a0cd40d3530,바이오게르마늄 효모(기능성원료인정New제2007-15호),건강기능식품 원료,개별인정,2007-15 게란티제약(주),미확인,해당없음(원료),면역,,원료,개별인정,건강기능식품 전용(개별인정),기타
ing_b89a8823bdba5b7c,발아발효콩추출물,건강기능식품 원료,개별인정,2022-8 (주)휴바이오,국내 판매중,해당없음(원료),갱년기,,원료,개별인정,건강기능식품 전용(개별인정),기타
ing_3dfeaeee0be0c266,발효굴추출물(FSO),건강기능식품 원료,개별인정,2023-39 (주)마린바이오프로세스; 2023-41 (주)엘지생활건강,미확인,해당없음(원료),근육,,원료,개별인정,건강기능식품 전용(개별인정),기타
ing_df01fb51786e1583,발효생성아미노산 복합물,건강기능식품 원료,개별인정,2011-40 (주)빅솔 반월공장; 2010-21 씨제이웰케어,미확인,해당없음(원료),피로,,원료,개별인정,건강기능식품 전용(개별인정),기타
ing_e7c25df9ecfad3aa,발효식초석류복합물,건강기능식품 원료,개별인정,2014-20 대상(주); 2014-57 대상(주)오산공장,미확인,해당없음(원료),체지방,,일반 식재료,개별인정,건강기능식품 전용(개별인정),체지방
ing_ea7a9ea0885d93c9,발효우슬등복합물,건강기능식품 원료,개별인정,2020-12 주식회사 현대바이오랜드,국내 판매중,해당없음(원료),관절·연골,,원료,개별인정,건강기능식품 전용(개별인정),기타
ing_9d47233252e49a11,발효율피추출분말,건강기능식품 원료,개별인정,2021-4 주식회사 현대바이오랜드 안산,미확인,해당없음(원료),체지방,,원료,개별인정,건강기능식품 전용(개별인정),기타
ing_d73f2f0e9397295b,배초향 추출물(Agatri)(기능성원료인정제2020-5호),건강기능식품 원료,개별인정,2020-5 코스맥스엔비티 주식회사,미확인,해당없음(원료),피부 건강,,원료,개별인정,건강기능식품 전용(개별인정),기타
ing_aed1c4760fc99176,배초향 추출물(Agatri®),건강기능식품 원료,개별인정,2020-4 코스맥스엔비티(주); 2020-5 코스맥스엔비티 주식회사,미확인,해당없음(원료),피부 건강,,원료,개별인정,건강기능식품 전용(개별인정),기타
ing_02fa3b57970defe1,배초향·고지베리·무화과복합추출물,건강기능식품 원료,개별인정,2024-23 코스맥스엔비티(주); 2024-24 코스맥스엔비티(주),미확인,해당없음(원료),피부 건강,,원료,개별인정,건강기능식품 전용(개별인정),기타
ing_1bb0148b1957f7cc,백수오 등 복합추출물,건강기능식품 원료,개별인정,2010-20 주식회사 내츄럴엔도텍,미확인,해당없음(원료),갱년기,,원료,개별인정,건강기능식품 전용(개별인정),갱년기
ing_793690c292571d29,백출양춘사추출복합물,건강기능식품 원료,개별인정,2025-44 주식회사 뉴온,미확인,해당없음(원료),보류,자료 부족,원료,개별인정,건강기능식품 전용(개별인정),기타
ing_3b7ab6c0ac5bb82e,백편두추출분말(NOVAponinⓇ),건강기능식품 원료,개별인정,2024-6 주식회사 노바웰스,미확인,해당없음(원료),보류,자료 부족,원료,개별인정,건강기능식품 전용(개별인정),기타
ing_ee90ec1ea6f871cd,베타글루칸분말,건강기능식품 원료,개별인정,2020-10 네이처런스(주),국내 판매중,해당없음(원료),면역,,원료,개별인정,건강기능식품 전용(개별인정),면역
ing_0a48b192cdb18bba,병풀추출분말,건강기능식품 원료,개별인정,2021-24 주식회사 제넨셀; 2025-37 주식회사 쓰리에이치랩스,국내 판매중,해당없음(원료),눈 건강 · 간 건강,,원료,개별인정,건강기능식품 전용(개별인정),기타
ing_d7d948e08dbeb322,보리 베타글루칸 추출물,건강기능식품 원료,개별인정,2009-73 주식회사 노바렉스,미확인,해당없음(원료),혈중지질,,일반 식재료,개별인정,건강기능식품 전용(개별인정),면역
ing_09e3460b016ff41a,보리수나무열매추출물,보류,보류,,미확인,해당없음(원료),보류,자료 부족,일반 식재료,개별인정,건강기능식품 전용(개별인정),기타
ing_368568b432f71e2c,보스웰리아 추출물(Boswellia serrata R.),보류,보류,,미확인,해당없음(원료),보류,자료 부족,원료,개별인정,건강기능식품 전용(개별인정),관절
ing_8b8e81bb6721322e,보스웰리아추출물,건강기능식품 원료,개별인정,2024-15 대한켐텍 주식회사; 2024-32 코스맥스바이오(주),미확인,해당없음(원료),관절·연골,,원료,개별인정,건강기능식품 전용(개별인정),관절
ing_a13f43386ad6d37b,보스웰리아추출물(FJH-BS),건강기능식품 원료,개별인정,2025-14 주식회사 프롬바이오 익산공장,미확인,해당없음(원료),관절·연골,,원료,개별인정,건강기능식품 전용(개별인정),관절
ing_c94b4cf596300176,보스웰리아추출물(SERRATRIN),건강기능식품 원료,개별인정,2022-17 (주) 뉴트리,미확인,해당없음(원료),관절·연골,,원료,개별인정,건강기능식품 전용(개별인정),관절
ing_016fdec34144de1b,보스웰리아추출물등 복합물(Flexir),건강기능식품 원료,개별인정,2021-9 주식회사 뉴온,미확인,해당없음(원료),관절·연골,,원료,개별인정,건강기능식품 전용(개별인정),관절
ing_1603085e8e915b31,보이차 추출물,건강기능식품 원료,개별인정,2009-17 씨제이웰케어; 2014-7 주영엔에스(주),국내 판매중,해당없음(원료),혈중지질 · 체지방,,원료,개별인정,건강기능식품 전용(개별인정),기타
ing_c0a621144773e615,복분자 추출물(RE-20),건강기능식품 원료,개별인정,2021-2 (주)비엔텍; 2025-34 (주)빅썸바이오,미확인,해당없음(원료),혈중지질,,원료,개별인정,건강기능식품 전용(개별인정),기타
ing_fb8216a4037017a8,복분자동결건조분말,건강기능식품 원료,개별인정,2022-44 한국식품산업클러스터진흥원,미확인,해당없음(원료),항산화,,원료,개별인정,건강기능식품 전용(개별인정),기타
ing_fab09ed17ee3681d,복분자추출분말,건강기능식품 원료,개별인정,2017-10 (주)리즈바이오텍; 2010-62 (주)리즈바이오텍,미확인,해당없음(원료),보류,자료 부족,원료,개별인정,건강기능식품 전용(개별인정),기타
ing_316019accb3f42d6,블랙라즈베리 추출물,건강기능식품 원료,개별인정,2022-10 (재)고창식품산업연구원; 2022-9 한국식품산업클러스터진흥원,미확인,해당없음(원료),혈압,,원료,개별인정,건강기능식품 전용(개별인정),기타
ing_251597635b8ba694,블랙커민추출분말(BCS-001F®),보류,보류,,미확인,해당없음(원료),보류,자료 부족,원료,개별인정,건강기능식품 전용(개별인정),기타
ing_a9ec96d06f5249b9,비수리추출분말,건강기능식품 원료,개별인정,2022-40 주식회사 네추럴웨이,미확인,해당없음(원료),갱년기,,원료,개별인정,건강기능식품 전용(개별인정),기타
ing_e83c6d4c3ab21f32,"비즈왁스알코올(Bees Wax Alcohol, BWA)",건강기능식품 원료,개별인정,2010-1 (주)레이델코리아,미확인,해당없음(원료),위 건강 · 항산화 · 관절·연골,,원료,개별인정,건강기능식품 전용(개별인정),기타
ing_d57316b3b28466fa,비파엽추출물,건강기능식품 원료,개별인정,2014-46 한국인스팜(주),미확인,해당없음(원료),인지·기억,,원료,개별인정,건강기능식품 전용(개별인정),인지
ing_ced44a46c01caf84,빌베리 추출물,건강기능식품 원료,고시형,,미확인,해당없음(원료),눈 건강,,원료,개별인정,건강기능식품 전용(개별인정),눈
ing_4e4b6ac8cf6ae8cd,뽕나무가지주정추출분말,건강기능식품 원료,개별인정,2021-15 농업회사법인(주)이비채,미확인,해당없음(원료),혈당,,원료,개별인정,건강기능식품 전용(개별인정),기타
ing_7ecccded49481268,사군자추출분말,건강기능식품 원료,개별인정,2021-3 (주)휴온스엔,미확인,해당없음(원료),보류,자료 부족,원료,개별인정,건강기능식품 전용(개별인정),기타
ing_8252cc321a5003e3,사삼추출물,건강기능식품 원료,개별인정,2022-7 (주)동일팜텍,미확인,해당없음(원료),체지방,,원료,개별인정,건강기능식품 전용(개별인정),기타
ing_307f12a489c6d6ca,사탕수수왁스알코올(폴리코사놀),건강기능식품 원료,개별인정,2025-19 (주)네이처스원,국내 판매중,해당없음(원료),혈중지질,,원료,개별인정,건강기능식품 전용(개별인정),기타
ing_0e46418c2de26387,산딸기·왕느릅나무·치자추출복합물,건강기능식품 원료,개별인정,2024-36 (주)리즈바이오텍,미확인,해당없음(원료),위 건강,,원료,개별인정,건강기능식품 전용(개별인정),기타
ing_6347d4a207801438,산수유추출물등복합물(리베스틴®),건강기능식품 원료,개별인정,2022-26 (주)나인비,미확인,해당없음(원료),체지방,,원료,개별인정,건강기능식품 전용(개별인정),기타
ing_16780dc6409ff72f,살라시아레티큘라타추출물,건강기능식품 원료,개별인정,2025-39 대한켐텍 주식회사,미확인,해당없음(원료),보류,자료 부족,원료,개별인정,건강기능식품 전용(개별인정),기타
ing_76b40c1732c01ebf,삼백초추출물(LHF618),건강기능식품 원료,개별인정,2023-31 주식회사 위랩,미확인,해당없음(원료),코 건강,,원료,개별인정,건강기능식품 전용(개별인정),기타
ing_d831de3dc1128f6a,상엽추출물,건강기능식품 원료,개별인정,2014-14 (주)헬릭스미스,미확인,해당없음(원료),혈당,,원료,개별인정,건강기능식품 전용(개별인정),혈당
ing_923bea65407cd9d6,상추추출물,건강기능식품 원료,개별인정,2025-21 유니바이오,국내 판매중,해당없음(원료),보류,자료 부족,원료,개별인정,건강기능식품 전용(개별인정),기타
ing_2eb9c446704c0d4e,상황버섯등 추출복합물,건강기능식품 원료,개별인정,2019-8 풀무원건강생활(주),미확인,해당없음(원료),혈행,,원료,개별인정,건강기능식품 전용(개별인정),면역
ing_d36a398b38dd29f8,새싹보리추출물(RexcliverⓇ),건강기능식품 원료,개별인정,2023-20 주식회사 노바렉스,미확인,해당없음(원료),간 건강,,원료,개별인정,건강기능식품 전용(개별인정),기타
ing_c0286ceac2c93830,새싹인삼추출분말,건강기능식품 원료,개별인정,2023-27 (주)비티씨 익산공장,미확인,해당없음(원료),인지·기억,,원료,개별인정,건강기능식품 전용(개별인정),기타
ing_f7877fb9951d3fd9,서목태(쥐눈이콩)펩타이드,건강기능식품 원료,개별인정,2010-53 농심태경(주),미확인,해당없음(원료),혈압 · 혈당 · 체지방,,원료,개별인정,건강기능식품 전용(개별인정),기타
ing_06c1e08ac48feb62,서목태추출물,보류,보류,,미확인,해당없음(원료),보류,자료 부족,원료,개별인정,건강기능식품 전용(개별인정),기타
ing_f3465523069ca271,석류농축분말,건강기능식품 원료,개별인정,2018-7 (주)에이치엘사이언스; 2018-8 (주)에이치엘사이언스,국내 판매중,해당없음(원료),피부 건강,,원료,개별인정,건강기능식품 전용(개별인정),갱년기
ing_64857e840152df17,석류농축액,보류,보류,,국내 판매중,해당없음(원료),보류,자료 부족,원료,개별인정,건강기능식품 전용(개별인정),갱년기
ing_98d32fa0b7b52e8b,섬쑥부쟁이추출분말,건강기능식품 원료,개별인정,2022-11 고려은단(주),미확인,해당없음(원료),인지·기억,,원료,개별인정,건강기능식품 전용(개별인정),기타
ing_2681986a39135871,세리포리아 락세라타 균사체 배양물,건강기능식품 원료,개별인정,2018-5 주식회사 마이코제닉스,미확인,해당없음(원료),보류,자료 부족,원료,개별인정,건강기능식품 전용(개별인정),기타
ing_53941e1add010467,소나무껍질추출물등복합물,건강기능식품 원료,개별인정,2008-14 (주)서흥,미확인,해당없음(원료),피부 건강,,원료,개별인정,건강기능식품 전용(개별인정),피부
ing_cda455c39decafa4,솔잎 증류 농축액,건강기능식품 원료,개별인정,2007-8 파인생명공학; 2012-30 파인생명공학,국내 판매중,해당없음(원료),혈당,,원료,개별인정,건강기능식품 전용(개별인정),기타
ing_d517ab3cfa7b6a2d,쇠비름주정추출분말(KDC16-2),건강기능식품 원료,개별인정,2019-18 고려제약(주),미확인,해당없음(원료),장 건강,,원료,개별인정,건강기능식품 전용(개별인정),기타
ing_b599b22a4c67b5c9,수국잎열수추출물(기능성원료인정제2020-8호),건강기능식품 원료,개별인정,2020-8 코스맥스바이오(주),국내 판매중,해당없음(원료),피부 건강,,원료,개별인정,건강기능식품 전용(개별인정),기타
ing_72f3bcca790ec141,수국잎열수추출물(리세린지®),건강기능식품 원료,개별인정,2020-7 코스맥스바이오(주),국내 판매중,해당없음(원료),체지방,,원료,개별인정,건강기능식품 전용(개별인정),기타
ing_23cf8cec4eab8f9a,스페인감초추출물,건강기능식품 원료,개별인정,2014-4 (주) 뉴트리; 2019-7 (주)뉴트리,국내 판매중,해당없음(원료),위 건강,,원료,개별인정,건강기능식품 전용(개별인정),기타
ing_acef043b1d27ad5d,스피루리나 원말(기능성원료인정제2010-4호),건강기능식품 원료,개별인정,2010-4 (주)이에스바이오텍,미확인,해당없음(원료),면역,,원료,개별인정,건강기능식품 전용(개별인정),면역
ing_b817ab6f09c043da,스피루리나추출물(SM70EE),건강기능식품 원료,개별인정,2023-15 한국해양과학기술원,미확인,해당없음(원료),보류,자료 부족,원료,개별인정,건강기능식품 전용(개별인정),면역
ing_2d81d3e5a9bf6fe3,시서스추출물,건강기능식품 원료,개별인정,2018-14 주식회사 뉴온,미확인,해당없음(원료),체지방,,원료,개별인정,건강기능식품 전용(개별인정),체지방
ing_3ecfbbd4df0064da,식물스타놀 에스테르,건강기능식품 원료,개별인정,2006-11 와이에치푸드(주); 2014-32 기문물산(주),미확인,해당없음(원료),혈중지질,,원료,개별인정,건강기능식품 전용(개별인정),기타
ing_8bf191989ae8e990,실크단백질 산가수분해물(Sil-Q1),건강기능식품 원료,개별인정,2021-1 월드웨이(주),미확인,해당없음(원료),면역,,원료,개별인정,건강기능식품 전용(개별인정),근육
ing_9a61bc1928fffcf9,쌀겨추출물,건강기능식품 원료,개별인정,2009-66 씨제이웰케어,미확인,해당없음(원료),피부 건강,,원료,개별인정,건강기능식품 전용(개별인정),피부
ing_aaed3baf959f3fe3,쏘팔메토 열매 추출물 등 복합물,건강기능식품 원료,개별인정,2008-79 한국암웨이(주),미확인,해당없음(원료),전립선,,원료,개별인정,건강기능식품 전용(개별인정),전립선/남성
ing_bb92c88b6f5ca5ef,쑥부쟁이추출분말,건강기능식품 원료,개별인정,2019-13 국립농업과학원본원동; 2021-13 주식회사 휴럼,미확인,해당없음(원료),보류,자료 부족,원료,개별인정,건강기능식품 전용(개별인정),기타
ing_59cd561d9ef90bc7,씨폴리놀 감태주정추출물,건강기능식품 원료,개별인정,2012-28 (주)헤파톨,미확인,해당없음(원료),혈당,,원료,개별인정,건강기능식품 전용(개별인정),혈중지질
ing_31d04c7e44563993,아마인,건강기능식품 원료,개별인정,2007-4 네이쳐스메디신(주); 2009-72 네이쳐스메디신(주),국내 판매중,해당없음(원료),혈중지질,,원료,개별인정,건강기능식품 전용(개별인정),혈중지질
ing_ea6dd311728bda5f,아쉬아간다 추출물,건강기능식품 원료,개별인정,2012-33 (주)에치와이,미확인,해당없음(원료),긴장 완화,,원료,개별인정,건강기능식품 전용(개별인정),수면
ing_43bce7724d39c470,아쉬아간다 추출물(ShodenⓇ),건강기능식품 원료,개별인정,2022-27 코스맥스엔비티(주),미확인,해당없음(원료),수면,,원료,개별인정,건강기능식품 전용(개별인정),수면
ing_0a5a2d24c4694782,아쉬아간다추출물(Sensoril®),건강기능식품 원료,개별인정,2024-30 주식회사 노바렉스,미확인,해당없음(원료),수면,,원료,개별인정,건강기능식품 전용(개별인정),수면
ing_8ffa8330cde555d3,아티초크추출물,건강기능식품 원료,개별인정,2010-8 (주)삼오제약,미확인,해당없음(원료),소화,,원료,개별인정,건강기능식품 전용(개별인정),기타
ing_e8eae905162b30f1,아프리카 망고 종자추출물(IGOB131),건강기능식품 원료,개별인정,2015-14 (주)프롬바이오,미확인,해당없음(원료),체지방,,원료,개별인정,건강기능식품 전용(개별인정),기타
ing_01704c6c4317c5bc,액상 다래추출물,건강기능식품 원료,개별인정,2009-58 (주)헬릭스미스,미확인,해당없음(원료),면역,,원료,개별인정,건강기능식품 전용(개별인정),기타
ing_1cf2a1f02c3b21a4,양춘사추출물,건강기능식품 원료,개별인정,2023-6 (주)일원바이오,미확인,해당없음(원료),체지방,,원료,개별인정,건강기능식품 전용(개별인정),기타
ing_2ff5bcc317d0b99c,어린도두꼬투리추출물,건강기능식품 원료,개별인정,2025-60 대상웰라이프(주); 2025-61 고려대학교 세종산학협력단; 2025-62 국립식량과학원,미확인,해당없음(원료),보류,자료 부족,원료,개별인정,건강기능식품 전용(개별인정),기타
ing_a2d2fcec64ebfe7f,에키네시아추출물,건강기능식품 원료,개별인정,2024-3 주식회사 뉴온; 2023-1 주식회사 현준에프앤비,국내 판매중,해당없음(원료),면역,,원료,개별인정,건강기능식품 전용(개별인정),기타
ing_f3d796aa60826a73,연어 펩타이드,건강기능식품 원료,개별인정,2010-2 (주)대덕약업,미확인,해당없음(원료),혈압,,원료,개별인정,건강기능식품 전용(개별인정),혈압
ing_7f7f02449b1a0e5f,연어이리추출물(DOT™연어핵산),건강기능식품 원료,개별인정,2019-5 주식회사 플루토,미확인,해당없음(원료),위 건강,,원료,개별인정,건강기능식품 전용(개별인정),기타
ing_fa94e7ba47a07927,연어코연골추출물,건강기능식품 원료,개별인정,2025-42 (주)네이처텍; 2026-23 종근당건강(주),국내 판매중,해당없음(원료),보류,자료 부족,원료,개별인정,건강기능식품 전용(개별인정),관절
ing_ef0fff310321b2d2,열처리녹차추출물,건강기능식품 원료,개별인정,2022-34 (주)아모레퍼시픽,미확인,해당없음(원료),인지·기억,,원료,개별인정,건강기능식품 전용(개별인정),기타
ing_c8e216b7e8f08090,영지버섯균사체추출분말,건강기능식품 원료,개별인정,2024-8 크림슨파마,미확인,해당없음(원료),면역,,원료,개별인정,건강기능식품 전용(개별인정),기타
ing_199101468fd9d037,오가피열매추출물,보류,보류,,미확인,해당없음(원료),보류,자료 부족,원료,개별인정,건강기능식품 전용(개별인정),기타
ing_e2d716183ee31dcc,오미자·두충·구기자추출복합물,건강기능식품 원료,개별인정,2024-13 (주)보인바이오컨버젼스,미확인,해당없음(원료),뼈 건강,,원료,개별인정,건강기능식품 전용(개별인정),기타
ing_7e860efa2244974b,오미자박추출물,건강기능식품 원료,개별인정,2025-30 (주)서흥헬스케어; 2025-31 주식회사 지큐바이오,미확인,해당없음(원료),보류,자료 부족,원료,개별인정,건강기능식품 전용(개별인정),기타
ing_df6782617d39adb2,오미자추출물,건강기능식품 원료,개별인정,2016-21 (주)바이오믹스; 2018-9 (주)바이오포트코리아,미확인,해당없음(원료),관절·연골 · 근육 · 갱년기,,원료,개별인정,건강기능식품 전용(개별인정),갱년기
ing_77f4418e430c25bf,옥수수배아추출물,건강기능식품 원료,개별인정,"2014-8 에이케이바이오링크 주식회사 (AK Biolink Co.,Ltd)",미확인,해당없음(원료),피부 건강,,일반 식재료,개별인정,건강기능식품 전용(개별인정),피부
ing_91113d746cb7350b,옥수수수염·레몬밤추출복합물(CL-5MoA),건강기능식품 원료,개별인정,2023-7 주식회사뉴트라코어,미확인,해당없음(원료),체지방,,일반 식재료,개별인정,건강기능식품 전용(개별인정),기타
ing_2b9d1958681d32fe,올리브잎주정추출물,건강기능식품 원료,개별인정,2014-9 (주)메디뉴트라,미확인,해당없음(원료),보류,자료 부족,원료,개별인정,건강기능식품 전용(개별인정),기타
ing_a8ff85b7063903d6,올리브잎주정추출물 EFLA943,건강기능식품 원료,개별인정,2006-25 씨제이웰케어,미확인,해당없음(원료),보류,자료 부족,원료,개별인정,건강기능식품 전용(개별인정),기타
ing_17110590442bada8,옻나무 추출분말,건강기능식품 원료,개별인정,2014-64 농업회사법인 주식회사 생명의나무; 2019-1 (주)씨앤엘바이오,미확인,해당없음(원료),갱년기,,원료,개별인정,건강기능식품 전용(개별인정),갱년기
ing_9f5a731d25184f44,와사비잎추출물(NCWL01),건강기능식품 원료,개별인정,2023-17 주식회사뉴트라코어; 2023-18 (주) 엔에스쇼핑,미확인,해당없음(원료),체지방,,원료,개별인정,건강기능식품 전용(개별인정),기타
ing_075d31c1c4cce493,우뭇가사리추출물,건강기능식품 원료,개별인정,2019-9 (주)뉴트리,미확인,해당없음(원료),체지방,,원료,개별인정,건강기능식품 전용(개별인정),기타
ing_b709804b2c475f0a,우슬 등 복합물(HL-Joint100),건강기능식품 원료,개별인정,2018-13 (주)에이치엘사이언스,미확인,해당없음(원료),관절·연골,,원료,개별인정,건강기능식품 전용(개별인정),기타
ing_1008d83db6d37dc2,유단백가수분해물(락티움),건강기능식품 원료,개별인정,2007-21 롯데쇼핑주식회사; 2012-21 (주)사노피-아벤티스코리아; 2010-36 씨제이주식회사; 2009-52 주식회사 노바렉스; 2020-2 주식회사 노바렉스; 2012-35 대상주식회사,미확인,해당없음(원료),수면 · 긴장 완화,,원료,개별인정,건강기능식품 전용(개별인정),수면
ing_3f12ddda17beacaa,유단백추출물,건강기능식품 원료,개별인정,2015-16 주영엔에스(주),국내 판매중,해당없음(원료),뼈 건강,,원료,개별인정,건강기능식품 전용(개별인정),관절
ing_23bb468561f011ab,유산균 발효 다시마추출물,건강기능식품 원료,개별인정,2011-23 (주)에치와이,미확인,해당없음(원료),간 건강,,원료,개별인정,건강기능식품 전용(개별인정),간
ing_69bee761d48a37f7,유산균발효굴추출물(FGO),건강기능식품 원료,개별인정,2024-26 (주)마린바이오프로세스; 2024-27 (주)엘지생활건강,국내 판매중,해당없음(원료),어린이 성장,,원료,개별인정,건강기능식품 전용(개별인정),장
ing_734973782d1f5ef5,유산균발효대두분말,건강기능식품 원료,개별인정,2024-38 (주)비전바이오켐; 2024-39 코스맥스엔비티(주),미확인,해당없음(원료),위 건강,,원료,개별인정,건강기능식품 전용(개별인정),장
ing_3520f74ba2d2b7af,유산균발효마늘추출분말,보류,보류,,미확인,해당없음(원료),보류,자료 부족,원료,개별인정,건강기능식품 전용(개별인정),장
ing_e48f5c6cd7c40264,유산균복합물(AB-LIFE®),건강기능식품 원료,개별인정,2022-14 (주)서흥; 2022-15 오펠라헬스케어코리아 주식회사,미확인,해당없음(원료),혈중지질,,원료,개별인정,건강기능식품 전용(개별인정),장
ing_1926c74a3f07da06,유산균복합물(AB-LIFEⓇ),보류,보류,,미확인,해당없음(원료),보류,자료 부족,원료,개별인정,건강기능식품 전용(개별인정),장
ing_4c22fca7cdaed4f0,유청단백지질추출물,건강기능식품 원료,개별인정,2023-29 (주)홀리스틱바이오; 2023-30 크로다코리아(주),미확인,해당없음(원료),피부 건강,,원료,개별인정,건강기능식품 전용(개별인정),기타
ing_746f8921e2a3b00a,유크림농축분말,건강기능식품 원료,개별인정,2023-42 매일유업(주)아산공장,미확인,해당없음(원료),보류,자료 부족,원료,개별인정,건강기능식품 전용(개별인정),기타
ing_685a36d314d53663,이소말토올리고당,건강기능식품 원료,개별인정,2005-10 유한회사 사조씨피케이,미확인,해당없음(원료),장 건강,,원료,개별인정,건강기능식품 전용(개별인정),장
ing_80452ad550b5e364,인동덩굴꽃봉오리추출물(그린세라-F),보류,보류,,미확인,해당없음(원료),보류,자료 부족,원료,개별인정,건강기능식품 전용(개별인정),기타
ing_d249b94079971024,인디안구스베리·새싹보리추출복합물(IB Complex),건강기능식품 원료,개별인정,2025-40 (주)에이치엘사이언스,미확인,해당없음(원료),보류,자료 부족,원료,개별인정,건강기능식품 전용(개별인정),기타
ing_9dbfa34f6897fba1,인삼,건강기능식품 원료,고시형,,국내 판매중,해당없음(원료),면역 · 간 건강(제조방법 조건) · 뼈 건강 · 피로,,원료,개별인정,건강기능식품 전용(개별인정),기타
ing_ca6475ad49f2db18,인삼가수분해 농축액,건강기능식품 원료,개별인정,2011-27 (주)일화,미확인,해당없음(원료),혈당,,원료,개별인정,건강기능식품 전용(개별인정),혈당
ing_3fcb037299217ed4,인삼다당체추출물,건강기능식품 원료,개별인정,2015-11 주식회사 헬스바이오메드,미확인,해당없음(원료),보류,자료 부족,원료,개별인정,건강기능식품 전용(개별인정),기타
ing_c08fc5fbce42dab6,인삼추출물,건강기능식품 원료,개별인정,2019-2 국립원예특작과학원 인삼특작부,미확인,해당없음(원료),보류,자료 부족,원료,개별인정,건강기능식품 전용(개별인정),기타
ing_fbacad148d219195,자몽추출물등 복합물(Sinetrol),건강기능식품 원료,개별인정,2019-24 (주)알피바이오,미확인,해당없음(원료),체지방,,원료,개별인정,건강기능식품 전용(개별인정),기타
ing_92105d1e1116135e,자일로올리고당(xylooligosaccharide) 분말,건강기능식품 원료,개별인정,2009-80 에이치씨엔,미확인,해당없음(원료),장 건강,,원료,개별인정,건강기능식품 전용(개별인정),기타
ing_5f40cad805342a89,자일로올리고당(xylooligosaccharide)액상,건강기능식품 원료,개별인정,2009-81 에이치씨엔,미확인,해당없음(원료),장 건강,,원료,개별인정,건강기능식품 전용(개별인정),기타
ing_12b4ec4871dfdf51,자일리톨,건강기능식품 원료,개별인정,2004-2 다니스코뉴트리션앤드바이오싸이언스코리아 유한회사,미확인,해당없음(원료),구강 항균,,원료,개별인정,건강기능식품 전용(개별인정),기타
ing_7714bd3fc9a5abaa,작약추출물등복합물(HT074),건강기능식품 원료,개별인정,2020-3 (주)뉴메드,미확인,해당없음(원료),위 건강,,원료,개별인정,건강기능식품 전용(개별인정),기타
ing_a7c7ab60ab6753a5,장미꽃잎추출물(NOVAROSE®),건강기능식품 원료,개별인정,2025-2 주식회사 노바웰스,미확인,해당없음(원료),피부 건강,,원료,개별인정,건강기능식품 전용(개별인정),기타
ing_90095a4a787e575b,저분자 피쉬 콜라겐 펩타이드 (Naticol® BPMG),건강기능식품 원료,개별인정,2023-24 코스맥스엔비티(주); 2023-25 (주)트라이콤바이오,미확인,해당없음(원료),피부 건강,,원료,개별인정,건강기능식품 전용(개별인정),피부
ing_777ac18ccc32fb0c,저분자돈태반펩타이드,건강기능식품 원료,개별인정,2025-29 대한켐텍 주식회사,미확인,해당없음(원료),보류,자료 부족,원료,개별인정,건강기능식품 전용(개별인정),기타
ing_162c3693c680ad7a,저분자유청단백가수분해물,건강기능식품 원료,개별인정,2023-21 매일유업(주)아산공장; 2023-22 ㈜네오크레마 익산공장,미확인,해당없음(원료),근육,,원료,개별인정,건강기능식품 전용(개별인정),기타
ing_64a9ce37465e1e2b,저분자콜라겐펩타이드,건강기능식품 원료,개별인정,2013-30 (주)뉴트리; 2023-33 대한켐텍 주식회사; 2023-14 (주)뉴트리; 2024-34 주식회사 씨에이치랩스; 2024-35 (주)에이치엔아이,국내 판매중,해당없음(원료),관절·연골 · 피부 건강,,원료,개별인정,건강기능식품 전용(개별인정),피부
ing_cb20b197410d00d0,저분자콜라겐펩타이드 AG,건강기능식품 원료,개별인정,2023-10 아미코젠(주),미확인,해당없음(원료),피부 건강,,원료,개별인정,건강기능식품 전용(개별인정),피부
ing_28007a471c876214,저분자콜라겐펩타이드GT,건강기능식품 원료,개별인정,2022-6 (주)젤텍,국내 판매중,해당없음(원료),피부 건강,,원료,개별인정,건강기능식품 전용(개별인정),피부
ing_1d21fb2d4816f496,저분자콜라겐펩타이드NS,건강기능식품 원료,개별인정,2019-20 농심태경(주),미확인,해당없음(원료),보류,자료 부족,원료,개별인정,건강기능식품 전용(개별인정),피부
ing_f3bd6d6c6d257ddd,저분자콜라겐펩타이드SH,건강기능식품 원료,개별인정,2022-5 (주)서흥,미확인,해당없음(원료),피부 건강,,원료,개별인정,건강기능식품 전용(개별인정),피부
ing_4772a02d1a1d3291,적포도발효농축액,건강기능식품 원료,개별인정,2014-30 하이바이오(주),미확인,해당없음(원료),혈중지질,,원료,개별인정,건강기능식품 전용(개별인정),혈중지질
ing_83b08de01653c999,전칠삼추출물 등 복합물,건강기능식품 원료,개별인정,2013-32 주식회사 노바렉스; 2017-8 (주)오스코텍; 2010-47 (주)오스코텍,미확인,해당없음(원료),관절·연골,,원료,개별인정,건강기능식품 전용(개별인정),관절
ing_4acbc01df8f2e7a8,전호잎추출물,건강기능식품 원료,개별인정,2022-25 (주)네츄럴큐어,미확인,해당없음(원료),관절·연골,,원료,개별인정,건강기능식품 전용(개별인정),기타
ing_0451de0435a79020,정어리펩타이드 SP100N,보류,보류,,미확인,해당없음(원료),보류,자료 부족,원료,개별인정,건강기능식품 전용(개별인정),기타
ing_6675e08941d9ebea,정제오징어유,보류,보류,,미확인,해당없음(원료),보류,자료 부족,원료,개별인정,건강기능식품 전용(개별인정),혈행
ing_6a0dee3d4c31ab58,중쇄지방산 함유유지,보류,보류,,미확인,해당없음(원료),보류,자료 부족,원료,개별인정,건강기능식품 전용(개별인정),기타
ing_11401c575f613cab,중쇄지방산(MCFA)함유 유지,건강기능식품 원료,개별인정,2009-20 롯데푸드(주),미확인,해당없음(원료),체지방,,원료,개별인정,건강기능식품 전용(개별인정),체지방
ing_39716c3aee7d70eb,증숙생강추출분말(GGE03),건강기능식품 원료,개별인정,2022-24 (주)에스디생명공학 건강식품사업부문,미확인,해당없음(원료),보류,자료 부족,원료,개별인정,건강기능식품 전용(개별인정),기타
ing_a662dbd6f391185d,지각상엽 추출 혼합물,건강기능식품 원료,개별인정,2010-33 (주)지엠피바이오,미확인,해당없음(원료),혈당,,원료,개별인정,건강기능식품 전용(개별인정),기타
ing_397930e8fbed4893,지방산복합물 FAC(Fatty Acid Complex),건강기능식품 원료,개별인정,2012-16 보람바이오주식회사,미확인,해당없음(원료),관절·연골,,원료,개별인정,건강기능식품 전용(개별인정),기타
ing_bf19cace7f980f19,지방산복합물(기능성원료인정제2009-2호),보류,보류,,국내 판매중,해당없음(원료),보류,자료 부족,원료,개별인정,건강기능식품 전용(개별인정),기타
ing_67be79e568f8e36c,지아잔틴 추출물,건강기능식품 원료,개별인정,2008-65 주식회사 노바렉스,미확인,해당없음(원료),눈 건강,,원료,개별인정,건강기능식품 전용(개별인정),눈
ing_60250e87e7d407ca,지초추출물,건강기능식품 원료,개별인정,2010-59 (주)뉴트렉스테크놀러지,미확인,해당없음(원료),피부 건강,,원료,개별인정,건강기능식품 전용(개별인정),기타
ing_548f8c35b3fe8fea,지초추출분말,건강기능식품 원료,개별인정,2025-52 주식회사 데이젠,미확인,해당없음(원료),피부 건강,,원료,개별인정,건강기능식품 전용(개별인정),피부
ing_c11ba918042c7c17,차조기등복합추출물,보류,보류,,미확인,해당없음(원료),보류,자료 부족,원료,개별인정,건강기능식품 전용(개별인정),관절
ing_227c5e187eff6e85,차즈기추출물,건강기능식품 원료,개별인정,2019-17 코스맥스바이오(주),국내 판매중,해당없음(원료),눈 건강,,원료,개별인정,건강기능식품 전용(개별인정),기타
ing_402ce6b33375e861,참깨박추출물,건강기능식품 원료,개별인정,2021-14 극동에치팜 주식회사 2공장,미확인,해당없음(원료),인지·기억,,일반 식재료,개별인정,건강기능식품 전용(개별인정),기타
ing_2b80444bc8ddd588,참나리추출분말,건강기능식품 원료,개별인정,2023-43 (주)에치와이,미확인,해당없음(원료),관절·연골,,원료,개별인정,건강기능식품 전용(개별인정),기타
ing_5fec607262643883,참당귀 추출분말(Nutragen),건강기능식품 원료,개별인정,2014-44 (주)뉴트라젠,미확인,해당없음(원료),관절·연골 · 인지·기억,,원료,개별인정,건강기능식품 전용(개별인정),기타
ing_ec0b8078d3c7435b,참당귀·녹용·황기 복합추출물,건강기능식품 원료,개별인정,2023-23 광동제약주식회사,미확인,해당없음(원료),피로,,원료,개별인정,건강기능식품 전용(개별인정),기타
ing_164cb61ab1f52589,참당귀황기추출복합물(SHPro®),건강기능식품 원료,개별인정,2024-28 (주)서흥헬스케어,미확인,해당없음(원료),전립선,,원료,개별인정,건강기능식품 전용(개별인정),기타
ing_589511164f2fb855,창녕양파추출액,건강기능식품 원료,개별인정,2016-11 천호식품(주); 2010-38 (주)우포의아침,미확인,해당없음(원료),혈중지질,,원료,개별인정,건강기능식품 전용(개별인정),혈중지질
ing_9db16ef7464ac358,천마 등 복합추출물(HX106),건강기능식품 원료,개별인정,2015-17 (주)헬릭스미스,미확인,해당없음(원료),인지·기억,,원료,개별인정,건강기능식품 전용(개별인정),인지
ing_c258a386ae71af44,천마추출물,건강기능식품 원료,개별인정,2024-19 (주)일원바이오,미확인,해당없음(원료),보류,자료 부족,원료,개별인정,건강기능식품 전용(개별인정),기타
ing_352dae319078b775,천심련추출물(ParActinⓇ),보류,보류,,미확인,해당없음(원료),보류,자료 부족,원료,개별인정,건강기능식품 전용(개별인정),기타
ing_331e74318077df27,청국장균배양정제물(폴리감마글루탐산칼륨),건강기능식품 원료,개별인정,2012-25 (주)모아라이프플러스,미확인,해당없음(원료),면역,,원료,개별인정,건강기능식품 전용(개별인정),면역
ing_3875f5d43a28aa59,청호추출분말(리베라템),건강기능식품 원료,개별인정,2021-19 (주)성균바이오텍; 2021-20 (주)지앤피바이오사이언스,국내 판매중,해당없음(원료),간 건강,,원료,개별인정,건강기능식품 전용(개별인정),기타
ing_fb28409fac25696b,초록입홍합추출오일복합물,건강기능식품 원료,개별인정,2004-8 (주)씨스팡,미확인,해당없음(원료),관절·연골,,원료,개별인정,건강기능식품 전용(개별인정),관절
ing_893cc741a21c66ef,카제인가수분해물,건강기능식품 원료,개별인정,2006-19 씨제이웰케어; 2010-6 (주)부국유통,미확인,해당없음(원료),혈압,,원료,개별인정,건강기능식품 전용(개별인정),혈압
ing_0222f9b299ffa034,카카오분말,건강기능식품 원료,개별인정,2014-25 롯데웰푸드(주),미확인,해당없음(원료),혈행,,일반 식재료,개별인정,건강기능식품 전용(개별인정),혈행
ing_a547cc3a964a1bdd,커피만노올리고당분말,건강기능식품 원료,개별인정,2009-15 동서식품주식회사,미확인,해당없음(원료),장 건강,,일반 식재료,개별인정,건강기능식품 전용(개별인정),장
ing_65529ebe34fea79e,콘드로이친황산염,건강기능식품 원료,개별인정,2020-1 주영엔에스(주); 2025-63 대한켐텍 주식회사; 2026-16 고려은단헬스케어 주식회사,국내 판매중,해당없음(원료),관절·연골,,원료,개별인정,건강기능식품 전용(개별인정),관절
ing_4f3a1b0174e40e8f,콜레우스 포스콜리 추출물 Forslean(기능성원료인정제2009-47호),건강기능식품 원료,개별인정,2009-47 씨제이제일제당(주),미확인,해당없음(원료),체지방,,원료,개별인정,건강기능식품 전용(개별인정),기타
ing_10acd651dcc78ce8,콜레우스 포스콜리 추출물(기능성원료인정제2011-42호),건강기능식품 원료,개별인정,2011-42 주영엔에스(주),미확인,해당없음(원료),체지방,,원료,개별인정,건강기능식품 전용(개별인정),기타
ing_f7ed470e6cfed594,콜레우스 포스콜리 추출물(기능성원료인정제2012-5호),건강기능식품 원료,개별인정,2012-5 사빈사코리아주식회사,미확인,해당없음(원료),체지방,,원료,개별인정,건강기능식품 전용(개별인정),기타
ing_7aab58294e87dcd3,콩․보리 발효복합물,건강기능식품 원료,개별인정,2015-10 샘표식품 주식회사,미확인,해당없음(원료),피부 건강,,원료,개별인정,건강기능식품 전용(개별인정),기타
ing_73e81a336ffa8dc0,콩발효추출물,건강기능식품 원료,개별인정,2012-31 주영엔에스(주); 2012-32 (주)네이처텍; 2007-10 씨제이웰케어,미확인,해당없음(원료),혈당,,원료,개별인정,건강기능식품 전용(개별인정),혈당
ing_7d31f9088b2baf03,크랜베리 추출물,건강기능식품 원료,개별인정,2010-39 주식회사 노바렉스; 2011-39 씨제이웰케어,국내 판매중,해당없음(원료),장 건강,,원료,개별인정,건강기능식품 전용(개별인정),기타
ing_e3a37175908dfa75,크랜베리 추출물(Cran-Max),보류,보류,,미확인,해당없음(원료),보류,자료 부족,원료,개별인정,건강기능식품 전용(개별인정),기타
ing_7011c334041a6ba7,크릴오일(FJH-KO),건강기능식품 원료,개별인정,2022-41 주식회사 프롬바이오 익산공장,미확인,해당없음(원료),관절·연골,,원료,개별인정,건강기능식품 전용(개별인정),기타
ing_7062c6809f8a3e22,크릴오일(SuperbaTM Boost),보류,보류,,미확인,해당없음(원료),보류,자료 부족,원료,개별인정,건강기능식품 전용(개별인정),기타
ing_62053760598559df,크릴오일등복합물(FlexPro MDⓇ),건강기능식품 원료,개별인정,2022-39 주식회사 노바렉스,미확인,해당없음(원료),관절·연골,,원료,개별인정,건강기능식품 전용(개별인정),기타
ing_2bd3034bac14c653,키토올리고당,건강기능식품 원료,개별인정,2012-23 (주)키토라이프; 2018-10 (주)건풍바이오,국내 판매중,해당없음(원료),혈중지질 · 체지방,,원료,개별인정,건강기능식품 전용(개별인정),체지방
ing_55daf5a7649dbaa9,타가토스,건강기능식품 원료,개별인정,2011-37 씨제이제일제당(주),미확인,해당없음(원료),혈당,,원료,개별인정,건강기능식품 전용(개별인정),혈당
ing_0011f1b33ce2ab31,타마린드강황주정추출복합물(TamaFlexⓇ),건강기능식품 원료,개별인정,2024-12 콜마비앤에이치(주),미확인,해당없음(원료),관절·연골,,원료,개별인정,건강기능식품 전용(개별인정),기타
ing_5a586f92d2bf6461,타히보 추출물 (TabetriⓇ),건강기능식품 원료,개별인정,2022-2 코스맥스엔비티(주),미확인,해당없음(원료),보류,자료 부족,원료,개별인정,건강기능식품 전용(개별인정),기타
ing_c6939eb142104abf,털부처꽃추출물,건강기능식품 원료,개별인정,2024-37 (주)바이오포트코리아,미확인,해당없음(원료),보류,자료 부족,원료,개별인정,건강기능식품 전용(개별인정),기타
ing_15fc8c624d49abcf,테트라셀미스추이건조분말,건강기능식품 원료,개별인정,2025-48 (주)미래생명자원,미확인,해당없음(원료),보류,자료 부족,원료,개별인정,건강기능식품 전용(개별인정),기타
ing_58c1821cb9901e28,토치대두발효추출물,건강기능식품 원료,개별인정,2007-11 한국암웨이(주); 2008-18 한국암웨이(주),미확인,해당없음(원료),혈당,,원료,개별인정,건강기능식품 전용(개별인정),기타
ing_cc01da6398858129,티아이소크라이시스루테아분말,건강기능식품 원료,개별인정,2025-9 (주)마이크로알지에스크어스,미확인,해당없음(원료),눈 건강,,원료,개별인정,건강기능식품 전용(개별인정),기타
ing_c5256b8f5673c620,파비플로라생강뿌리추출물,건강기능식품 원료,개별인정,2024-14 대한켐텍 주식회사; 2025-36 닥터블릿헬스케어 주식회사; 2026-7 마루온 주식회사,미확인,해당없음(원료),체지방,,원료,개별인정,건강기능식품 전용(개별인정),기타
ing_92181fb53156e52b,파크랜 크랜베리 분말,건강기능식품 원료,개별인정,2014-34 (주)뉴트렉스테크놀러지; 2014-35 (주)서흥,국내 판매중,해당없음(원료),장 건강,,원료,개별인정,건강기능식품 전용(개별인정),기타
ing_ccc8de250bb70f93,팔밋올레산 함유 명태(알래스카폴락)유래 정제어유,건강기능식품 원료,개별인정,2024-18 (주)바이텍 익산지점,미확인,해당없음(원료),피부 건강,,원료,개별인정,건강기능식품 전용(개별인정),기타
ing_e2ef69ae665395de,포도과피 효소발효추출물(KL-GEFE),건강기능식품 원료,개별인정,2019-27 (주)키토라이프,미확인,해당없음(원료),눈 건강,,일반 식재료,개별인정,건강기능식품 전용(개별인정),기타
ing_97e372c432c826ec,포도블루베리추출혼합분말,건강기능식품 원료,개별인정,2019-30 ㈜콜마비앤에이치; 2026-3 주식회사 푸가,미확인,해당없음(원료),인지·기억,,일반 식재료,개별인정,건강기능식품 전용(개별인정),기타
ing_01de9ae4084bbdd7,포도씨 효소분해 추출 분말,보류,보류,,미확인,해당없음(원료),보류,자료 부족,일반 식재료,개별인정,건강기능식품 전용(개별인정),기타
ing_b229f34babed0926,포도잎추출물(HP-01),건강기능식품 원료,개별인정,2022-31 (유)한풍제약,미확인,해당없음(원료),혈행,,일반 식재료,개별인정,건강기능식품 전용(개별인정),기타
ing_053934a6c1eef4ca,포도종자추출물,건강기능식품 원료,개별인정,2008-42 (주)네추럴에프앤피,미확인,해당없음(원료),항산화,,일반 식재료,개별인정,건강기능식품 전용(개별인정),항산화/노화
ing_291f0f2846bf8531,폴리코사놀-사탕수수왁스알코올,건강기능식품 원료,개별인정,2006-4 (주)레이델코리아,미확인,해당없음(원료),혈중지질,,원료,개별인정,건강기능식품 전용(개별인정),기타
ing_12d52fab63369ce5,표고버섯균사체 AHCC,건강기능식품 원료,개별인정,2008-34 (주)케이씨에프코리아; 2008-78 (주)케이씨에프코리아; 2006-5 (주)케이씨에프코리아,미확인,해당없음(원료),면역,,원료,개별인정,건강기능식품 전용(개별인정),기타
ing_3c2db12bd2ef6e97,표고버섯균사체추출물,보류,보류,,미확인,해당없음(원료),보류,자료 부족,원료,개별인정,건강기능식품 전용(개별인정),기타
ing_15a1141f225021f7,풋사과 농축분말(APPLOZINⓇ),건강기능식품 원료,개별인정,2024-4 (주)한국씨엔에스팜,미확인,해당없음(원료),피부 건강,,원료,개별인정,건강기능식품 전용(개별인정),기타
ing_edb5a35619448e9a,풋사과추출물 애플페논(Applephenon),건강기능식품 원료,개별인정,2015-9 (주)서흥; 2019-21 (주)유니젠; 2020-9 주식회사 비티씨 오송공장; 2023-28 주식회사 밸런스웨이; 2021-6 콜마비앤에이치(주),미확인,해당없음(원료),체지방,,원료,개별인정,건강기능식품 전용(개별인정),기타
ing_4213d39356971d07,프로바이오틱스 HY7714,건강기능식품 원료,개별인정,2015-2 (주)한국야쿠르트 평택 프로바이오틱스 플랜트; 2015-1 (주)에치와이 평택공장,미확인,해당없음(원료),피부 건강,,원료,개별인정,건강기능식품 전용(개별인정),장
ing_7e3c7259de81caff,프로바이오틱스(Lactiplantibacillus plantarum KC3)·익모초추출복합물(CKDB-315),건강기능식품 원료,개별인정,2025-1 (주)종근당바이오,미확인,해당없음(원료),호흡기 건강,,원료,개별인정,건강기능식품 전용(개별인정),장
ing_ad160b9ef238fd93,프로바이오틱스(드시모네),건강기능식품 원료,개별인정,2009-28 주식회사 헥토헬스케어,국내 판매중,해당없음(원료),장 건강 · 면역,,원료,개별인정,건강기능식품 전용(개별인정),장
ing_ea1b124e49155ed9,프로폴리스망고스틴껍질복합물,건강기능식품 원료,개별인정,2025-13 (주)메디바이오랩,미확인,해당없음(원료),피부 건강,,원료,개별인정,건강기능식품 전용(개별인정),피부
ing_9fd6bdfa4e3e75d8,피니톨,건강기능식품 원료,개별인정,2005-15 아미코젠(주)문산제2공장,국내 판매중,해당없음(원료),간 건강,,원료,개별인정,건강기능식품 전용(개별인정),혈당
ing_c474fe21e1586871,피롤로퀴놀린퀴논이나트륨염(NOVAQ®),건강기능식품 원료,개별인정,2025-56 주식회사 노바렉스,미확인,해당없음(원료),보류,자료 부족,원료,개별인정,건강기능식품 전용(개별인정),기타
ing_e9b393789c560fcc,피브로인추출물 BF-7,건강기능식품 원료,개별인정,2009-46 (주)파미니티,미확인,해당없음(원료),인지·기억,,원료,개별인정,건강기능식품 전용(개별인정),기타
ing_0f03ff583d2d5bc4,피쉬 콜라겐펩타이드,건강기능식품 원료,개별인정,2019-12 주영엔에스(주); 2019-23 주영엔에스(주),미확인,해당없음(원료),피부 건강,,원료,개별인정,건강기능식품 전용(개별인정),피부
ing_5848a0d001123217,"피엘에이지(PLAG, 1-palmitoyl-2-linoleoyl-3-acetyl-rac-glycerol)",보류,보류,,미확인,해당없음(원료),보류,자료 부족,원료,개별인정,건강기능식품 전용(개별인정),기타
ing_702f6dce6be4a78f,피카오프레토 분말 등 복합물,보류,보류,,미확인,해당없음(원료),보류,자료 부족,원료,개별인정,건강기능식품 전용(개별인정),면역
ing_ff65bf26f316f515,피크노제놀-프랑스해안송껍질추출물,건강기능식품 원료,개별인정,2006-1 (주)주피터인터내셔널,미확인,해당없음(원료),항산화 · 혈행,,원료,개별인정,건강기능식품 전용(개별인정),항산화/노화
ing_a07fdf89bc7c631f,핑거루트추출분말,건강기능식품 원료,개별인정,2012-36 (주)한국야쿠르트 중앙연구소,미확인,해당없음(원료),피부 건강 · 체지방,,원료,개별인정,건강기능식품 전용(개별인정),체지방
ing_9d5ab4a333a6a6d1,핑거루트추출분말(판두라틴),건강기능식품 원료,개별인정,2012-36 (주)한국야쿠르트 중앙연구소,미확인,해당없음(원료),피부 건강 · 체지방,,원료,개별인정,건강기능식품 전용(개별인정),기타
ing_cdd97d70408d27fd,한삼덩굴추출분말(HSy2),건강기능식품 원료,개별인정,2025-41 (주)펜즈,국내 판매중,해당없음(원료),보류,자료 부족,원료,개별인정,건강기능식품 전용(개별인정),기타
ing_aa204d0c7bc6ff8d,해국추출물,건강기능식품 원료,개별인정,2020-11 (주)뉴트리; 2022-36 주식회사 노바웰스,미확인,해당없음(원료),체지방,,원료,개별인정,건강기능식품 전용(개별인정),기타
ing_0f83eb2cea6ed69a,해바라기종자추출물,건강기능식품 원료,개별인정,2025-38 (주)알피바이오; 2026-15 대한켐텍 주식회사,미확인,해당없음(원료),보류,자료 부족,원료,개별인정,건강기능식품 전용(개별인정),기타
ing_004a89711e396584,해태올리고펩티드(NORI-PEPTIDE),보류,보류,,미확인,해당없음(원료),보류,자료 부족,원료,개별인정,건강기능식품 전용(개별인정),기타
ing_af59580e2d521dae,허니부쉬추출발효분말,건강기능식품 원료,개별인정,2017-1 (주)휴온스; 2017-3 (주)휴온스엔,미확인,해당없음(원료),피부 건강,,원료,개별인정,건강기능식품 전용(개별인정),기타
ing_452a83744f32d81c,헛개나무과병·오미자박추출복합물,건강기능식품 원료,개별인정,2025-12 주식회사뉴트라코어; 2025-18 (주) 엔에스쇼핑,미확인,해당없음(원료),보류,자료 부족,원료,개별인정,건강기능식품 전용(개별인정),간
ing_2a6546643bd0ca6d,헛개나무과병추출분말,건강기능식품 원료,개별인정,2008-55 농업회사법인 주식회사 생명의나무; 2016-10 주식회사 아리너스; 2009-86 (주)바이오랜드; 2014-1 (주)뉴메드,미확인,해당없음(원료),간 건강 · 피로 · 운동 수행,,원료,개별인정,건강기능식품 전용(개별인정),근육
ing_a6fd4f7292bc1f54,헤모힘 당귀등 혼합추출물,건강기능식품 원료,개별인정,2006-17 콜마비앤에이치(주),미확인,해당없음(원료),보류,자료 부족,원료,개별인정,건강기능식품 전용(개별인정),기타
ing_2a7d87eb96bd913e,현삼추출물,건강기능식품 원료,개별인정,2022-42 주식회사 뉴온,미확인,해당없음(원료),보류,자료 부족,원료,개별인정,건강기능식품 전용(개별인정),기타
ing_50139fd1d36396c3,호로파종자 등 추출복합물,건강기능식품 원료,개별인정,2017-5 (주)두한바이오,미확인,해당없음(원료),갱년기,,원료,개별인정,건강기능식품 전용(개별인정),기타
ing_60221ed09bd1e384,호로파종자추출물,건강기능식품 원료,개별인정,2025-17 주영엔에스(주),국내 판매중,해당없음(원료),보류,자료 부족,원료,개별인정,건강기능식품 전용(개별인정),기타
ing_7af6d0cb969ef8b2,호로파종자추출물(TestofenⓇ),건강기능식품 원료,개별인정,2019-15 주식회사 비티씨 오송공장,미확인,해당없음(원료),보류,자료 부족,원료,개별인정,건강기능식품 전용(개별인정),기타
ing_27cb790ed1e3f8bc,호박씨추출물 등 복합물,건강기능식품 원료,개별인정,2014-43 (주)삼정; 2011-15 씨제이웰케어,미확인,해당없음(원료),배뇨,,일반 식재료,개별인정,건강기능식품 전용(개별인정),기타
ing_4dd0229e4ed1b1f5,호프추출물,건강기능식품 원료,개별인정,2009-25 씨제이웰케어,국내 판매중,해당없음(원료),관절·연골,,원료,개별인정,건강기능식품 전용(개별인정),관절
ing_6eb45ba1d6631d9d,홀리바질추출물,건강기능식품 원료,개별인정,2025-50 (주) 뉴트리,미확인,해당없음(원료),보류,자료 부족,원료,개별인정,건강기능식품 전용(개별인정),기타
ing_d3f859b1412aaf1c,홍국쌀,건강기능식품 원료,개별인정,2009-19 (주)에프앤피,미확인,해당없음(원료),혈중지질,,원료,개별인정,건강기능식품 전용(개별인정),혈중지질
ing_5a3de34d5287e327,홍삼,건강기능식품 원료,고시형,,국내 판매중,해당없음(원료),항산화 · 면역 · 인지·기억 · 혈행 · 피로 · 갱년기,관련 검색어,원료,개별인정,건강기능식품 전용(개별인정),면역
ing_e60207675148cc74,"홍삼, 사상자, 산수유 복합추출물",보류,보류,,미확인,해당없음(원료),보류,자료 부족,원료,개별인정,건강기능식품 전용(개별인정),면역
ing_218d8265b8e15108,홍삼오일(KGC11o),건강기능식품 원료,개별인정,2022-33 (주)한국인삼공사,미확인,해당없음(원료),전립선,,원료,개별인정,건강기능식품 전용(개별인정),면역
ing_6a70f346108c834e,홍삼추출효소처리분말,건강기능식품 원료,개별인정,2024-33 (주)비티진,미확인,해당없음(원료),혈압,,원료,개별인정,건강기능식품 전용(개별인정),면역
ing_7d173b392b35e361,홍어껍질콜라겐펩타이드,건강기능식품 원료,개별인정,2025-49 영산홍어(주),미확인,해당없음(원료),피부 건강,,원료,개별인정,건강기능식품 전용(개별인정),피부
ing_7e4f1c9cad2d333f,황국(Aspergillus 발효물 MK01),건강기능식품 원료,개별인정,2022-4 대상(주),미확인,해당없음(원료),혈중지질,,원료,개별인정,건강기능식품 전용(개별인정),기타
ing_75431db607af5836,황금등복합물,건강기능식품 원료,개별인정,2006-3 (주)유니젠,미확인,해당없음(원료),보류,자료 부족,원료,개별인정,건강기능식품 전용(개별인정),기타
ing_59a02a7ae7d1a59b,황기추출물 등 복합물(HT042),건강기능식품 원료,개별인정,2014-40 (주)뉴메드,미확인,해당없음(원료),보류,자료 부족,원료,개별인정,건강기능식품 전용(개별인정),기타
ing_aff3b0b3abc80677,황칠나무잎·줄기추출물,건강기능식품 원료,개별인정,2024-40 (주)휴온스엔,국내 판매중,해당없음(원료),인지·기억,,원료,개별인정,건강기능식품 전용(개별인정),기타
ing_58f9a3549ce5554d,황해쑥추출분말,건강기능식품 원료,개별인정,2024-1 풍림무약(주); 2024-21 동아제약(주),미확인,해당없음(원료),위 건강,,원료,개별인정,건강기능식품 전용(개별인정),기타
ing_7c8828d1f7e388d3,효모베타글루칸,건강기능식품 원료,개별인정,2013-34 (주)내츄럴엔도텍,미확인,해당없음(원료),면역,,원료,개별인정,건강기능식품 전용(개별인정),면역
ing_889c30891cc0b70e,흑차추출물,건강기능식품 원료,개별인정,2024-7 (주)아모레퍼시픽,미확인,해당없음(원료),혈중지질,,원료,개별인정,건강기능식품 전용(개별인정),기타
ing_d735e071f7c65df3,흰목이버섯효소분해추출물(Neu learn),건강기능식품 원료,개별인정,2022-30 풀무원건강생활(주),미확인,해당없음(원료),보류,자료 부족,원료,개별인정,건강기능식품 전용(개별인정),기타
ing_247b171d60be007f,히드록시프로필메틸셀룰로오스,건강기능식품 원료,개별인정,2014-12 롯데정밀화학(주)인천공장,미확인,해당없음(원료),혈당,,원료,개별인정,건강기능식품 전용(개별인정),혈당
ing_411ecdd178e3eb60,히비스커스 등 복합추출물,보류,보류,,미확인,해당없음(원료),보류,자료 부족,원료,개별인정,건강기능식품 전용(개별인정),기타
ing_702da04fc888f741,히알루론산,건강기능식품 원료,고시형,,미확인,해당없음(원료),피부 건강,,원료,개별인정,건강기능식품 전용(개별인정),피부
ing_c6d14650aff60d3e,비타민A,건강기능식품 원료,고시형,,국내 판매중,해당없음(원료),시각 적응 · 피부·점막 유지 · 상피세포 성장,,원료,고시형,건강기능식품 전용(고시형),기타
ing_5a79cd68c31f58d9,베타카로틴,건강기능식품 원료,고시형,,국내 판매중,해당없음(원료),시각 적응 · 피부·점막 유지 · 상피세포 성장,,원료,고시형,건강기능식품 전용(고시형),기타
ing_3eca39f390d864e5,비타민D,건강기능식품 원료,고시형,,국내 판매중,해당없음(원료),칼슘·인 흡수 · 뼈 형성·유지 · 골다공증 위험 감소,,원료,고시형,건강기능식품 전용(고시형),기타
ing_4c27cf7b3908d197,비타민E,건강기능식품 원료,고시형,,국내 판매중,해당없음(원료),항산화 · 유해산소로부터 세포 보호,,원료,고시형,건강기능식품 전용(고시형),기타
ing_d16523d2f4b074fa,비타민K,건강기능식품 원료,고시형,,미확인,해당없음(원료),혈액응고 · 뼈 구성,,원료,고시형,건강기능식품 전용(고시형),기타
ing_bea55b2462d0d9d7,비타민B1,건강기능식품 원료,고시형,,국내 판매중,해당없음(원료),탄수화물·에너지 대사,,원료,고시형,건강기능식품 전용(고시형),기타
ing_1db5ad35dcd8bbeb,비타민B2,건강기능식품 원료,고시형,,미확인,해당없음(원료),에너지 생성,,원료,고시형,건강기능식품 전용(고시형),기타
ing_d46257fd00499c7b,나이아신,건강기능식품 원료,고시형,,국내 판매중,해당없음(원료),에너지 생성,,원료,고시형,건강기능식품 전용(고시형),기타
ing_4882504f0ee0ee73,판토텐산,건강기능식품 원료,고시형,,국내 판매중,해당없음(원료),지방·탄수화물·단백질 대사 · 에너지 생성,,원료,고시형,건강기능식품 전용(고시형),기타
ing_59df4a7844df72ee,비타민B6,건강기능식품 원료,고시형,,미확인,해당없음(원료),단백질·아미노산 이용 · 호모시스테인 정상 유지,,원료,고시형,건강기능식품 전용(고시형),기타
ing_6fd9d3e746c0431c,엽산,건강기능식품 원료,고시형,,국내 판매중,해당없음(원료),세포·혈액 생성 · 태아 신경관 발달 · 호모시스테인 정상 유지,,원료,고시형,건강기능식품 전용(고시형),기타
ing_c1754a6c14e2e2f4,비타민B12,건강기능식품 원료,고시형,,국내 판매중,해당없음(원료),엽산 대사,,원료,고시형,건강기능식품 전용(고시형),기타
ing_348838ae589edbdf,비오틴,건강기능식품 원료,고시형,,국내 판매중,해당없음(원료),지방·탄수화물·단백질 대사 · 에너지 생성,,원료,고시형,건강기능식품 전용(고시형),기타
ing_6e8daf20893dfe9e,비타민C,건강기능식품 원료,고시형,,국내 판매중,해당없음(원료),결합조직 형성·유지 · 철 흡수 · 유해산소로부터 세포 보호,관련 검색어,원료,고시형,건강기능식품 전용(고시형),기타
ing_dce2a6ea062a562d,칼슘,건강기능식품 원료,고시형,,국내 판매중,해당없음(원료),뼈·치아 형성 · 신경·근육 유지 · 혈액응고 · 골다공증 위험 감소,,원료,고시형,건강기능식품 전용(고시형),기타
ing_3b43f38712ae66a4,마그네슘,건강기능식품 원료,고시형,,국내 판매중,해당없음(원료),에너지 이용 · 신경·근육 유지,관련 검색어,원료,고시형,건강기능식품 전용(고시형),기타
ing_86f186a0317d70fc,철,건강기능식품 원료,고시형,,미확인,해당없음(원료),산소 운반·혈액 생성 · 에너지 생성,,원료,고시형,건강기능식품 전용(고시형),기타
ing_0616815ac902144e,아연,건강기능식품 원료,고시형,,국내 판매중,해당없음(원료),면역 · 세포분열,,원료,고시형,건강기능식품 전용(고시형),기타
ing_f69a2ba54840cb9a,구리,건강기능식품 원료,고시형,,미확인,해당없음(원료),철 운반·이용 · 유해산소로부터 세포 보호,,원료,고시형,건강기능식품 전용(고시형),기타
ing_c67b4b472be30384,셀레늄,건강기능식품 원료,고시형,,국내 판매중,해당없음(원료),유해산소로부터 세포 보호,,원료,고시형,건강기능식품 전용(고시형),기타
ing_f9720dd3cf2c9301,요오드,건강기능식품 원료,고시형,,국내 판매중,해당없음(원료),갑상선 호르몬 합성 · 에너지 생성 · 신경 발달,,원료,고시형,건강기능식품 전용(고시형),기타
ing_f25c71586711bc87,망간,건강기능식품 원료,고시형,,국내 판매중,해당없음(원료),뼈 형성 · 에너지 이용 · 유해산소로부터 세포 보호,,원료,고시형,건강기능식품 전용(고시형),기타
ing_82249fc155e576f6,몰리브덴,건강기능식품 원료,고시형,,미확인,해당없음(원료),산화·환원 효소 활성,,원료,고시형,건강기능식품 전용(고시형),기타
ing_5b24f48b9e01728b,칼륨,건강기능식품 원료,고시형,,국내 판매중,해당없음(원료),물·전해질 균형,,원료,고시형,건강기능식품 전용(고시형),기타
ing_ba7da3f885a3d688,크롬,건강기능식품 원료,고시형,,국내 판매중,해당없음(원료),탄수화물·지방·단백질 대사,,원료,고시형,건강기능식품 전용(고시형),혈당
ing_84cbde76a16df4d4,필수지방산,건강기능식품 원료,고시형,,국내 판매중,해당없음(원료),필수지방산 보충,,원료,고시형,건강기능식품 전용(고시형),기타
ing_4e51fbe0bd373e84,단백질,건강기능식품 원료,고시형,,미확인,해당없음(원료),신체조직·효소·호르몬·항체 구성 · 영양성분 운반·저장 · 체액 균형 · 에너지 합성,관련 검색어,원료,고시형,건강기능식품 전용(고시형),근육
ing_d4a4eaed75e38796,식이섬유,건강기능식품 원료,고시형,,국내 판매중,해당없음(원료),식이섬유 보충,,원료,고시형,건강기능식품 전용(고시형),장
ing_ab86aabab5d32a44,엽록소함유식물,건강기능식품 원료,고시형,,미확인,해당없음(원료),항산화 · 피부 건강,,원료,고시형,건강기능식품 전용(고시형),기타
ing_568af50b8dbae631,클로렐라,건강기능식품 원료,고시형,,국내 판매중,해당없음(원료),항산화 · 혈중지질 · 면역 · 피부 건강,,원료,고시형,건강기능식품 전용(고시형),혈중지질
ing_eadef027e571564d,스피루리나,건강기능식품 원료,고시형,,국내 판매중,해당없음(원료),항산화 · 혈중지질,,원료,고시형,건강기능식품 전용(고시형),혈중지질
ing_038d7071bde02b43,녹차추출물,건강기능식품 원료,고시형,,국내 판매중,해당없음(원료),항산화 · 혈중지질 · 체지방,,원료,고시형,건강기능식품 전용(고시형),혈중지질
ing_63f4008ff00761b4,알로에전잎,보류,보류,,국내 판매중,해당없음(원료),보류,자료 부족,원료,고시형,건강기능식품 전용(고시형),기타
ing_016864e38e0ebc1d,프로폴리스추출물,건강기능식품 원료,고시형,,국내 판매중,해당없음(원료),구강 항균 · 항산화,,원료,고시형,건강기능식품 전용(고시형),항산화
ing_84ed631f9dfe8b84,코엔자임Q10,건강기능식품 원료,고시형,,국내 판매중,해당없음(원료),항산화 · 혈압,,원료,고시형,건강기능식품 전용(고시형),항산화/노화
ing_64b955228b4c7464,대두이소플라본,건강기능식품 원료,고시형,,국내 판매중,해당없음(원료),뼈 건강,,일반 식재료,고시형,건강기능식품 전용(고시형),관절
ing_db44afae7f87fc28,구아바잎추출물,건강기능식품 원료,고시형,,국내 판매중,해당없음(원료),혈당,,원료,고시형,건강기능식품 전용(고시형),혈당
ing_199508d90a8a8c91,바나바잎추출물,건강기능식품 원료,고시형,,국내 판매중,해당없음(원료),혈당,,원료,고시형,건강기능식품 전용(고시형),혈당
ing_c809a009851b5e13,은행잎추출물,건강기능식품 원료,고시형,,국내 판매중,해당없음(원료),인지·기억 · 혈행,관련 검색어,원료,고시형,건강기능식품 전용(고시형),혈행
ing_39621d80ea0ae1ae,밀크씨슬추출물,건강기능식품 원료,고시형,,국내 판매중,해당없음(원료),간 건강,,원료,고시형,건강기능식품 전용(고시형),간
ing_b25a10ddb4ef042c,달맞이꽃종자추출물,건강기능식품 원료,고시형,,국내 판매중,해당없음(원료),혈당,,원료,고시형,건강기능식품 전용(고시형),기타
ing_e9828b4a4cd9049f,오메가3지방산함유유지,건강기능식품 원료,고시형,,미확인,해당없음(원료),눈 건강 · 혈중지질 · 인지·기억 · 혈행,,원료,고시형,건강기능식품 전용(고시형),기타
ing_5ccb81006a632cf3,감마리놀렌산함유유지,건강기능식품 원료,고시형,,미확인,해당없음(원료),혈중지질 · 피부 건강 · 혈행 · 월경 전 불편,,원료,고시형,건강기능식품 전용(고시형),기타
ing_42aa7fb94546332e,레시틴,건강기능식품 원료,고시형,,국내 판매중,해당없음(원료),혈중지질,,원료,고시형,건강기능식품 전용(고시형),기타
ing_b57645fa484cbf89,스쿠알렌,건강기능식품 원료,고시형,,국내 판매중,해당없음(원료),항산화,,원료,고시형,건강기능식품 전용(고시형),기타
ing_4593fd7acba135ff,식물스테롤,건강기능식품 원료,고시형,,국내 판매중,해당없음(원료),혈중지질,,원료,고시형,건강기능식품 전용(고시형),기타
ing_768d1c07ceca15ec,알콕시글리세롤함유상어간유,건강기능식품 원료,고시형,,미확인,해당없음(원료),면역,,원료,고시형,건강기능식품 전용(고시형),기타
ing_410ec128c1fab942,옥타코사놀함유유지,건강기능식품 원료,고시형,,국내 판매중,해당없음(원료),지구력 증진,,원료,고시형,건강기능식품 전용(고시형),기타
ing_a8fd9a57f3b003c1,매실추출물,건강기능식품 원료,고시형,,미확인,해당없음(원료),피로,,원료,고시형,건강기능식품 전용(고시형),기타
ing_402513b783d699a3,공액리놀레산,건강기능식품 원료,고시형,,국내 판매중,해당없음(원료),체지방,,원료,고시형,건강기능식품 전용(고시형),체지방
ing_3a4b2adfcf490222,가르시니아캄보지아추출물,건강기능식품 원료,고시형,,미확인,해당없음(원료),체지방,,원료,고시형,건강기능식품 전용(고시형),체지방
ing_0acd2b2f2a45e603,루테인,건강기능식품 원료,고시형,,국내 판매중,해당없음(원료),눈 건강,,원료,고시형,건강기능식품 전용(고시형),눈
ing_bcd984fc4d5f4005,헤마토코쿠스추출물,건강기능식품 원료,고시형,,국내 판매중,해당없음(원료),눈 건강,,원료,고시형,건강기능식품 전용(고시형),눈
ing_2d1bd79eb783d1b4,쏘팔메토열매추출물,건강기능식품 원료,고시형,,미확인,해당없음(원료),전립선,,원료,고시형,건강기능식품 전용(고시형),전립선/남성
ing_7478199ee3e9cb57,포스파티딜세린,건강기능식품 원료,고시형,,국내 판매중,해당없음(원료),피부 건강 · 인지·기억,,원료,고시형,건강기능식품 전용(고시형),인지
ing_132a040bf4d008f0,글루코사민,건강기능식품 원료,고시형,,국내 판매중,해당없음(원료),관절·연골,,원료,고시형,건강기능식품 전용(고시형),관절
ing_9977028ed9289e70,N-아세틸글루코사민,건강기능식품 원료,고시형,,국내 판매중,해당없음(원료),관절·연골 · 피부 건강,,원료,고시형,건강기능식품 전용(고시형),관절
ing_dd15ac540326b6a9,뮤코다당단백,건강기능식품 원료,고시형,,국내 판매중,해당없음(원료),관절·연골,,원료,고시형,건강기능식품 전용(고시형),관절
ing_1f6182b5f01d2d7c,알로에겔,건강기능식품 원료,고시형,,미확인,해당없음(원료),장 건강 · 면역 · 피부 건강,,원료,고시형,건강기능식품 전용(고시형),기타
ing_36d8d620cc1e0e99,영지버섯자실체추출물,건강기능식품 원료,고시형,,미확인,해당없음(원료),혈행,,원료,고시형,건강기능식품 전용(고시형),기타
ing_200957bb3949bdf9,키토산,건강기능식품 원료,고시형,,국내 판매중,해당없음(원료),혈중지질 · 체지방,,원료,고시형,건강기능식품 전용(고시형),체지방
ing_af1c3da859bda4e0,프락토올리고당,건강기능식품 원료,고시형,,미확인,해당없음(원료),장 건강,,원료,고시형,건강기능식품 전용(고시형),장
ing_d4fbbc4fd53ae6bd,프로바이오틱스,건강기능식품 원료,고시형,,국내 판매중,해당없음(원료),장 건강,,원료,고시형,건강기능식품 전용(고시형),장
ing_3e6ad3f1442d6c86,홍국,건강기능식품 원료,고시형,,국내 판매중,해당없음(원료),혈중지질,,원료,고시형,건강기능식품 전용(고시형),기타
ing_aa2839d527170fb3,대두단백,건강기능식품 원료,고시형,,미확인,해당없음(원료),혈중지질,,일반 식재료,고시형,건강기능식품 전용(고시형),기타
ing_c5575f2c3f55b806,테아닌,건강기능식품 원료,고시형,,국내 판매중,해당없음(원료),긴장 완화,,원료,고시형,건강기능식품 전용(고시형),인지
ing_5ad5a851b0a4dc89,MSM,건강기능식품 원료,고시형,,국내 판매중,해당없음(원료),관절·연골,관련 검색어,원료,고시형,건강기능식품 전용(고시형),관절
ing_34681d4b711bf6f5,폴리감마글루탐산,건강기능식품 원료,고시형,,국내 판매중,해당없음(원료),칼슘 흡수,,원료,고시형,건강기능식품 전용(고시형),기타
ing_90ef35d952d0399c,마늘,건강기능식품 원료,고시형,,미확인,해당없음(원료),혈중지질 · 혈압,,일반 식재료,고시형,건강기능식품 전용(고시형),기타
ing_b09dc6d32ce12cc4,홍경천추출물,건강기능식품 원료,고시형,,국내 판매중,해당없음(원료),피로,,원료,고시형,건강기능식품 전용(고시형),인지
ing_dc5d850fa4696c79,라피노스,건강기능식품 원료,고시형,,국내 판매중,해당없음(원료),장 건강,,원료,고시형,건강기능식품 전용(고시형),장
ing_5def52cf57bbe4ac,크레아틴,건강기능식품 원료,고시형,,국내 판매중,해당없음(원료),운동 수행,관련 검색어,원료,고시형,건강기능식품 전용(고시형),근육
ing_0cca5a39621234b3,유단백가수분해물,건강기능식품 원료,고시형,,국내 판매중,해당없음(원료),수면 · 긴장 완화,,원료,고시형,건강기능식품 전용(고시형),수면
ing_01e0507c57ffb5cc,상황버섯추출물,건강기능식품 원료,고시형,,미확인,해당없음(원료),면역,,원료,고시형,건강기능식품 전용(고시형),면역
ing_02553ad47fddc05c,토마토추출물,건강기능식품 원료,고시형,,국내 판매중,해당없음(원료),항산화,,일반 식재료,고시형,건강기능식품 전용(고시형),항산화/노화
ing_391b65ad49a62418,곤약감자추출물,건강기능식품 원료,고시형,,국내 판매중,해당없음(원료),피부 건강,,원료,고시형,건강기능식품 전용(고시형),피부
ing_c03242046227e236,구아검,건강기능식품 원료,고시형,,국내 판매중,해당없음(원료),혈중지질 · 혈당 · 장 건강,,원료,고시형,건강기능식품 전용(고시형),기타
ing_1fcc047ab4a20be6,글루코만난,건강기능식품 원료,고시형,,미확인,해당없음(원료),혈중지질 · 장 건강,,원료,고시형,건강기능식품 전용(고시형),기타
ing_6739a085ec8af806,귀리식이섬유,건강기능식품 원료,고시형,,미확인,해당없음(원료),혈중지질 · 혈당,,일반 식재료,고시형,건강기능식품 전용(고시형),장
ing_566251d02323949e,난소화성말토덱스트린,건강기능식품 원료,고시형,,국내 판매중,해당없음(원료),혈중지질 · 혈당 · 장 건강,,원료,고시형,건강기능식품 전용(고시형),혈중지질
ing_10717c3b09eebb56,대두식이섬유,건강기능식품 원료,고시형,,미확인,해당없음(원료),혈중지질 · 혈당 · 장 건강,,일반 식재료,고시형,건강기능식품 전용(고시형),장
ing_9eee33541384a7bd,목이버섯식이섬유,건강기능식품 원료,고시형,,미확인,해당없음(원료),장 건강,,원료,고시형,건강기능식품 전용(고시형),장
ing_8a9d19ed60776e4f,밀식이섬유,건강기능식품 원료,고시형,,미확인,해당없음(원료),혈당 · 장 건강,,원료,고시형,건강기능식품 전용(고시형),장
ing_3d7c3f5dac6141bd,보리식이섬유,건강기능식품 원료,고시형,,미확인,해당없음(원료),장 건강,,일반 식재료,고시형,건강기능식품 전용(고시형),장
ing_85756db968f939ea,아라비아검,건강기능식품 원료,고시형,,국내 판매중,해당없음(원료),장 건강,,원료,고시형,건강기능식품 전용(고시형),기타
ing_d51ef5fabd6773a2,옥수수겨식이섬유,건강기능식품 원료,고시형,,미확인,해당없음(원료),혈중지질 · 혈당,,일반 식재료,고시형,건강기능식품 전용(고시형),장
ing_4842075ac25f0c14,이눌린,건강기능식품 원료,고시형,,국내 판매중,해당없음(원료),혈중지질 · 혈당 · 장 건강,,원료,고시형,건강기능식품 전용(고시형),혈당
ing_1513da8b9f41d08e,차전자피식이섬유,건강기능식품 원료,고시형,,국내 판매중,해당없음(원료),혈중지질 · 장 건강,,원료,고시형,건강기능식품 전용(고시형),장
ing_e25d092feb74bd2c,폴리덱스트로스,건강기능식품 원료,고시형,,미확인,해당없음(원료),장 건강,,원료,고시형,건강기능식품 전용(고시형),기타
ing_01a285f4f5c8d6dd,호로파종자식이섬유,건강기능식품 원료,고시형,,미확인,해당없음(원료),혈당,,원료,고시형,건강기능식품 전용(고시형),장
ing_4d6cdba99d4425a6,분말한천,건강기능식품 원료,고시형,,미확인,해당없음(원료),장 건강,,원료,고시형,건강기능식품 전용(고시형),장
ing_975390965534dba9,GLP-1,참고,의약품,,미확인,해당없음(원료),해당없음(의약품),,의약품(참고),의약품,"의약품(비만치료 주사제 계열, 국내 처방)",기타
ing_03fc29bc1ed1fb86,마운자로,참고,의약품,,미확인,해당없음(원료),해당없음(의약품),,의약품(참고),의약품,의약품(국내 처방),기타
ing_378c0b3327c04ff0,위고비,참고,의약품,,미확인,해당없음(원료),해당없음(의약품),,의약품(참고),의약품,의약품(국내 처방),기타
ing_28ba5a20c5f41297,오젬픽,참고,의약품,,미확인,해당없음(원료),해당없음(의약품),,의약품(참고),의약품,"의약품(국내 당뇨치료제, 비만 처방 논의)",기타
ing_2cf48b51d45018a1,삭센다,참고,의약품,,미확인,해당없음(원료),해당없음(의약품),,의약품(참고),의약품,의약품(국내 처방),기타
ing_16c16c94848e05ae,젭바운드,참고,의약품,,미확인,해당없음(원료),해당없음(의약품),,의약품(참고),의약품,의약품(국내 미출시·해외 처방),기타
ing_49ada5a662db7c40,멜라토닌,참고,의약품,,국내 판매중,해당없음(원료),해당없음(의약품),,의약품(참고),의약품,"의약품(국내 전문/일반의약품, 식품 사용 불가)",수면
ing_5b40a0952c5ca3ba,청국장분말,건강보조식품 원료,비인정,,미확인,해당없음(원료),해당없음(비인정),,원료,비인정,일반식품(분말),기타
ing_0e9665833d62f781,홍삼정,건강보조식품 원료,비인정,,국내 판매중,해당없음(원료),해당없음(비인정),,원료,비인정,"일반식품(농축액, 고시형 홍삼과 별개 제품유형)",기타
ing_8698423ad9cbbff3,양파즙,건강보조식품,비인정,,국내 판매중,즙,해당없음(일반식품),관련 검색어,일반 식재료,비인정,일반식품(즙),기타
ing_390a87bd6012e30b,블루베리즙,건강보조식품 원료,비인정,,국내 판매중,해당없음(원료),해당없음(비인정),,원료,비인정,일반식품(즙),기타
ing_5f5a75c288b2d16f,아사이베리,건강보조식품 원료,비인정,,미확인,해당없음(원료),해당없음(비인정),,원료,비인정,해외직구·일반식품,기타
ing_df33e28b0fc173a0,마늘즙,건강보조식품,비인정,,국내 판매중,즙,해당없음(일반식품),,일반 식재료,비인정,일반식품(즙),기타
ing_44f164037fe76cd8,생강차,건강보조식품,비인정,,국내 판매중,차,해당없음(일반식품),,일반 식재료,비인정,일반식품(차),기타
ing_5db8e7eabcea78e8,수세미즙,건강보조식품 원료,비인정,,국내 판매중,해당없음(원료),해당없음(비인정),,원료,비인정,일반식품(즙),기타
ing_ad8a44b19e4901b8,돌미나리즙,건강보조식품 원료,비인정,,국내 판매중,해당없음(원료),해당없음(비인정),,원료,비인정,일반식품(즙),기타
ing_0f366c09b8b44999,민들레즙,건강보조식품 원료,비인정,,국내 판매중,해당없음(원료),해당없음(비인정),,원료,비인정,일반식품(즙),기타
ing_c4cdeba82ad247e9,알로에즙,건강보조식품 원료,비인정,,미확인,해당없음(원료),해당없음(비인정),,원료,비인정,"일반식품(즙, 고시형 알로에겔과 별개 제품유형)",기타
ing_fa4fee4b4c95aed0,프로폴리스캔디,건강보조식품 원료,비인정,,미확인,해당없음(원료),해당없음(비인정),,원료,비인정,일반식품(캔디),기타
ing_757ce8ce38eba956,콜라겐사탕,건강보조식품 원료,비인정,,미확인,해당없음(원료),해당없음(비인정),,원료,비인정,일반식품(캔디),기타
ing_9c1efa74fe85b628,매실효소,건강보조식품 원료,비인정,,국내 판매중,해당없음(원료),해당없음(비인정),,원료,비인정,일반식품(발효액),기타
ing_b4591df4eb73d345,감식초,건강보조식품 원료,비인정,,미확인,해당없음(원료),해당없음(비인정),,원료,비인정,일반식품(발효초),기타
ing_9ff5ffa6ab1b8c75,흑초,건강보조식품 원료,비인정,,미확인,해당없음(원료),해당없음(비인정),,원료,비인정,일반식품(발효초),기타
ing_9ff549cbf951c613,식이섬유음료,건강보조식품 원료,비인정,,미확인,해당없음(원료),해당없음(비인정),,원료,비인정,일반식품(음료),기타
ing_a0489778fc25c435,도라지즙,건강보조식품 원료,비인정,,미확인,해당없음(원료),해당없음(비인정),,원료,비인정,일반식품(즙),기타
ing_528eba02aa3db393,더덕즙,건강보조식품 원료,비인정,,국내 판매중,해당없음(원료),해당없음(비인정),,원료,비인정,일반식품(즙),기타
ing_8cf8095b7b3e7450,칡즙,건강보조식품 원료,비인정,,국내 판매중,해당없음(원료),해당없음(비인정),관련 검색어,원료,비인정,일반식품(즙),기타
ing_f1f71d98a26a22b6,함초,건강보조식품 원료,비인정,,미확인,해당없음(원료),해당없음(비인정),,원료,비인정,일반식품(분말·환),기타
ing_bb66292bfa9b9e81,보리새싹,범위 밖,비인정,,미확인,해당없음(원료),해당없음(비인정),,일반 식재료,비인정,일반식품(분말),기타
ing_95583fc76b6649a6,케일즙,건강보조식품 원료,비인정,,국내 판매중,해당없음(원료),해당없음(비인정),,원료,비인정,일반식품(즙),기타
ing_0350577e70994a1c,여성유산균,건강보조식품 원료,비인정,,미확인,해당없음(원료),해당없음(비인정),관련 검색어,원료,비인정,일반식품(질건강 유산균 제품유형),기타
ing_155219d270088048,남성유산균,건강보조식품 원료,비인정,,국내 판매중,해당없음(원료),해당없음(비인정),,원료,비인정,일반식품(전립선 유산균 제품유형),기타
ing_bf433df2c70d92de,스퀄렌,건강보조식품 원료,비인정,,미확인,해당없음(원료),해당없음(비인정),,원료,비인정,"일반식품(상어간유 성분, 고시형 별표기와 유통명 구분)",기타
