id,name,oldBranch,newBranch,oldRecognition,newRecognition,oldDomestic,newDomestic,oldForm,newForm,oldFunction,newFunction,newRecognitionNumbers
ing_7d604df0b60dfed9,글루타치온,건강보조식품 원료,건강보조식품 원료,비인정,비인정,미확인,국내 판매중,해당없음(원료),해당없음(원료),해당없음(비인정),해당없음(비인정),
ing_4e5af721d4019c5d,NMN,건강보조식품 원료,건강보조식품 원료,비인정,비인정,미확인,국내 판매중,해당없음(원료),해당없음(원료),해당없음(비인정),해당없음(비인정),
ing_3daf6d319029d068,NAD+,건강보조식품 원료,건강보조식품 원료,비인정,비인정,미확인,국내 판매중,해당없음(원료),해당없음(원료),해당없음(비인정),해당없음(비인정),
ing_bb952e4161a02adf,스페르미딘,건강보조식품 원료,건강보조식품 원료,비인정,비인정,미확인,국내 판매중,해당없음(원료),해당없음(원료),해당없음(비인정),해당없음(비인정),
ing_0dc3160ca2edbe2c,베르베린,건강보조식품 원료,건강보조식품 원료,비인정,비인정,미확인,국내 판매중,해당없음(원료),해당없음(원료),해당없음(비인정),해당없음(비인정),
ing_8585f141c0cdfe38,알파리포산,건강보조식품 원료,건강보조식품 원료,비인정,비인정,미확인,국내 판매중,해당없음(원료),해당없음(원료),해당없음(비인정),해당없음(비인정),
ing_e1599a23d29a22af,코엔자임Q10(유비퀴놀),건강보조식품 원료,건강보조식품 원료,비인정,비인정,미확인,국내 판매중,해당없음(원료),해당없음(원료),해당없음(비인정),해당없음(비인정),
ing_2b32c4a81fc8c2e6,트립토판,건강보조식품 원료,건강보조식품 원료,비인정,비인정,미확인,국내 판매중,해당없음(원료),해당없음(원료),해당없음(비인정),해당없음(비인정),
ing_d884b7d913ce9a4c,글리신,건강보조식품 원료,건강보조식품 원료,비인정,비인정,미확인,국내 판매중,해당없음(원료),해당없음(원료),해당없음(비인정),해당없음(비인정),
ing_b5651083bde94434,타우린,건강보조식품 원료,건강보조식품 원료,비인정,비인정,미확인,국내 판매중,해당없음(원료),해당없음(원료),해당없음(비인정),해당없음(비인정),
ing_12ee81e6fd464fb6,아르기닌,건강보조식품 원료,건강보조식품 원료,비인정,비인정,미확인,국내 판매중,해당없음(원료),해당없음(원료),해당없음(비인정),해당없음(비인정),
ing_da316f91811832a2,시트룰린,건강보조식품 원료,건강보조식품 원료,비인정,비인정,미확인,국내 판매중,해당없음(원료),해당없음(원료),해당없음(비인정),해당없음(비인정),
ing_0c49856699600a9f,베타알라닌,건강보조식품 원료,건강보조식품 원료,비인정,비인정,미확인,국내 판매중,해당없음(원료),해당없음(원료),해당없음(비인정),해당없음(비인정),
ing_55c6483c10bbcb52,아쉬아간다,건강보조식품 원료,건강보조식품 원료,비인정,비인정,미확인,국내 판매중,해당없음(원료),해당없음(원료),해당없음(비인정),해당없음(비인정),
ing_23e7c3c408183e23,로디올라,건강보조식품 원료,건강보조식품 원료,비인정,비인정,미확인,국내 판매중,해당없음(원료),해당없음(원료),해당없음(비인정),해당없음(비인정),
ing_728fd4de0d08b833,마카,건강보조식품 원료,건강보조식품 원료,비인정,비인정,미확인,국내 판매중,해당없음(원료),해당없음(원료),해당없음(비인정),해당없음(비인정),
ing_4a5a293e5296524c,톱야자,건강보조식품 원료,건강보조식품 원료,비인정,비인정,미확인,국내 판매중,해당없음(원료),해당없음(원료),해당없음(비인정),해당없음(비인정),
ing_9cb1d32431347f51,쏘팔메토,건강보조식품 원료,건강보조식품 원료,비인정,비인정,미확인,국내 판매중,해당없음(원료),해당없음(원료),해당없음(비인정),해당없음(비인정),
ing_09092d07011cd493,흑마늘,건강보조식품 원료,건강보조식품 원료,비인정,비인정,미확인,국내 판매중,해당없음(원료),해당없음(원료),해당없음(비인정),해당없음(비인정),
ing_016da49fc921cbe7,새싹보리,건강보조식품 원료,건강보조식품 원료,비인정,비인정,미확인,국내 판매중,해당없음(원료),해당없음(원료),해당없음(비인정),해당없음(비인정),
ing_fd009d10a7a9e28e,여주,건강보조식품 원료,건강보조식품 원료,비인정,비인정,미확인,국내 판매중,해당없음(원료),해당없음(원료),해당없음(비인정),해당없음(비인정),
ing_c85f7bf9899a59a9,돼지감자,건강보조식품 원료,건강보조식품 원료,비인정,비인정,미확인,국내 판매중,해당없음(원료),해당없음(원료),해당없음(비인정),해당없음(비인정),
ing_cdcfa31060bc6d4a,노니,건강보조식품 원료,건강보조식품 원료,비인정,비인정,미확인,국내 판매중,해당없음(원료),해당없음(원료),해당없음(비인정),해당없음(비인정),
ing_5593b57d3d292938,차가버섯,건강보조식품 원료,건강보조식품 원료,비인정,비인정,미확인,국내 판매중,해당없음(원료),해당없음(원료),해당없음(비인정),해당없음(비인정),
ing_06aee214244b6375,흑염소,건강보조식품 원료,건강보조식품 원료,비인정,비인정,미확인,국내 판매중,해당없음(원료),해당없음(원료),해당없음(비인정),해당없음(비인정),
ing_a614e2292d53abb7,녹용,건강보조식품 원료,건강보조식품 원료,비인정,비인정,미확인,국내 판매중,해당없음(원료),해당없음(원료),해당없음(비인정),해당없음(비인정),
ing_f23518a9da8c9f08,산삼배양근,건강보조식품 원료,건강보조식품 원료,비인정,비인정,미확인,국내 판매중,해당없음(원료),해당없음(원료),해당없음(비인정),해당없음(비인정),
ing_cedc48d7a33dd6e5,흑도라지,건강보조식품 원료,건강보조식품 원료,비인정,비인정,미확인,국내 판매중,해당없음(원료),해당없음(원료),해당없음(비인정),해당없음(비인정),
ing_b23e03ea56190e5e,배도라지,건강보조식품 원료,건강보조식품 원료,비인정,비인정,미확인,국내 판매중,해당없음(원료),해당없음(원료),해당없음(비인정),해당없음(비인정),
ing_2e5beab753b653a1,석류,건강보조식품 원료,건강보조식품 원료,비인정,비인정,미확인,국내 판매중,해당없음(원료),해당없음(원료),해당없음(비인정),해당없음(비인정),
ing_6563c007393064da,칼마디,건강보조식품 원료,건강보조식품 원료,비인정,비인정,미확인,국내 판매중,해당없음(원료),해당없음(원료),해당없음(비인정),해당없음(비인정),
ing_7a7cbe62652f857f,철분,건강보조식품 원료,건강보조식품 원료,비인정,비인정,미확인,국내 판매중,해당없음(원료),해당없음(원료),해당없음(비인정),해당없음(비인정),
ing_d76438e65f875b10,엽산(비인정형),건강보조식품 원료,건강보조식품 원료,비인정,비인정,미확인,국내 판매중,해당없음(원료),해당없음(원료),해당없음(비인정),해당없음(비인정),
ing_63bfb3b63f08be34,저분자콜라겐,건강보조식품 원료,건강보조식품 원료,비인정,비인정,미확인,국내 판매중,해당없음(원료),해당없음(원료),해당없음(비인정),해당없음(비인정),
ing_a7ac3e9b614422f6,피시콜라겐,건강보조식품 원료,건강보조식품 원료,비인정,비인정,미확인,국내 판매중,해당없음(원료),해당없음(원료),해당없음(비인정),해당없음(비인정),
ing_304fbb1a972d232d,프로폴리스,건강기능식품 원료,건강기능식품 원료,고시형,고시형,국내 판매중,국내 판매중,해당없음(원료),해당없음(원료),항산화 · 구강 항균,구강 항균 · 항산화,
ing_3b80b3204934a49e,로열젤리,건강보조식품 원료,건강보조식품 원료,비인정,비인정,미확인,국내 판매중,해당없음(원료),해당없음(원료),해당없음(비인정),해당없음(비인정),
ing_03fbd089905d5639,오메가3(rTG),건강보조식품 원료,건강보조식품 원료,비인정,비인정,미확인,국내 판매중,해당없음(원료),해당없음(원료),해당없음(비인정),해당없음(비인정),
ing_3f1d6e5a716ddfc7,크릴오일,건강보조식품 원료,건강보조식품 원료,비인정,비인정,미확인,국내 판매중,해당없음(원료),해당없음(원료),해당없음(비인정),해당없음(비인정),
ing_67cc71e3a077874a,MCT오일,건강보조식품 원료,건강보조식품 원료,비인정,비인정,미확인,국내 판매중,해당없음(원료),해당없음(원료),해당없음(비인정),해당없음(비인정),
ing_44dae654a56c8d70,알룰로스,건강보조식품 원료,건강보조식품 원료,비인정,비인정,미확인,국내 판매중,해당없음(원료),해당없음(원료),해당없음(비인정),해당없음(비인정),
ing_85c22550f93cbf4c,스테비아,범위 밖,범위 밖,비인정,비인정,미확인,국내 판매중,해당없음(원료),해당없음(원료),해당없음(비인정),해당없음(비인정),
ing_edb951dd7d68d520,곡물발효효소,건강보조식품 원료,건강보조식품 원료,비인정,비인정,미확인,국내 판매중,해당없음(원료),해당없음(원료),해당없음(비인정),해당없음(비인정),
ing_225fc589edecf262,낫토키나제,건강보조식품 원료,건강보조식품 원료,비인정,비인정,미확인,국내 판매중,해당없음(원료),해당없음(원료),해당없음(비인정),해당없음(비인정),
ing_32356e62f83ce1d1,폴리코사놀,건강보조식품 원료,건강보조식품 원료,비인정,비인정,미확인,국내 판매중,해당없음(원료),해당없음(원료),해당없음(비인정),해당없음(비인정),
ing_94466399d52ccf4d,헛개,건강보조식품 원료,건강보조식품 원료,비인정,비인정,미확인,국내 판매중,해당없음(원료),해당없음(원료),해당없음(비인정),해당없음(비인정),
ing_b6c62b330e2827ac,강황,건강보조식품 원료,건강보조식품 원료,비인정,비인정,미확인,국내 판매중,해당없음(원료),해당없음(원료),해당없음(비인정),해당없음(비인정),
ing_2fc6e87d5eb7f1a3,계피,건강보조식품 원료,건강보조식품 원료,비인정,비인정,미확인,국내 판매중,해당없음(원료),해당없음(원료),해당없음(비인정),해당없음(비인정),
ing_5a70073a3a58899f,사과초모식초,범위 밖,범위 밖,비인정,비인정,미확인,국내 판매중,해당없음(원료),해당없음(원료),해당없음(비인정),해당없음(비인정),
ing_08a48053af7f0507,애사비,건강보조식품 원료,건강보조식품 원료,비인정,비인정,미확인,국내 판매중,해당없음(원료),해당없음(원료),해당없음(비인정),해당없음(비인정),
ing_6c376ad39f275805,콤부차,건강보조식품 원료,건강보조식품 원료,비인정,비인정,미확인,국내 판매중,해당없음(원료),해당없음(원료),해당없음(비인정),해당없음(비인정),
ing_496827611c0d2863,초록입홍합,건강보조식품 원료,건강보조식품 원료,비인정,비인정,미확인,국내 판매중,해당없음(원료),해당없음(원료),해당없음(비인정),해당없음(비인정),
ing_0cade9ccd77cc1f1,콘드로이친,건강보조식품 원료,건강보조식품 원료,비인정,비인정,미확인,국내 판매중,해당없음(원료),해당없음(원료),해당없음(비인정),해당없음(비인정),
ing_4eaa506cb3262a32,백수오,건강보조식품 원료,건강보조식품 원료,비인정,비인정,미확인,국내 판매중,해당없음(원료),해당없음(원료),해당없음(비인정),해당없음(비인정),
ing_a57eab66661a22d6,회화나무,건강보조식품 원료,건강보조식품 원료,비인정,비인정,미확인,국내 판매중,해당없음(원료),해당없음(원료),해당없음(비인정),해당없음(비인정),
ing_08f7238973f59df5,석류추출물,건강기능식품 원료,건강기능식품 원료,개별인정,개별인정,미확인,국내 판매중,해당없음(원료),해당없음(원료),갱년기,갱년기,2015-28 주식회사 비엔지
ing_e1bd6db22171d6e6,감마리놀렌산,건강보조식품 원료,건강보조식품 원료,비인정,비인정,미확인,국내 판매중,해당없음(원료),해당없음(원료),해당없음(비인정),해당없음(비인정),
ing_69ee156cffcfe2d8,달맞이꽃,건강보조식품 원료,건강보조식품 원료,비인정,비인정,미확인,국내 판매중,해당없음(원료),해당없음(원료),해당없음(비인정),해당없음(비인정),
ing_6321af524fa7087c,라이코펜,건강보조식품 원료,건강보조식품 원료,비인정,비인정,미확인,국내 판매중,해당없음(원료),해당없음(원료),해당없음(비인정),해당없음(비인정),
ing_64646af1abbca0c9,지아잔틴,건강보조식품 원료,건강보조식품 원료,비인정,비인정,미확인,국내 판매중,해당없음(원료),해당없음(원료),해당없음(비인정),해당없음(비인정),
ing_edc3e76d92755824,아스타잔틴,건강보조식품 원료,건강보조식품 원료,비인정,비인정,미확인,국내 판매중,해당없음(원료),해당없음(원료),해당없음(비인정),해당없음(비인정),
ing_fd2eee20267315f2,빌베리,건강보조식품 원료,건강보조식품 원료,비인정,비인정,미확인,국내 판매중,해당없음(원료),해당없음(원료),해당없음(비인정),해당없음(비인정),
ing_989be5eafe5d58cb,안토시아닌,건강보조식품 원료,건강보조식품 원료,비인정,비인정,미확인,국내 판매중,해당없음(원료),해당없음(원료),해당없음(비인정),해당없음(비인정),
ing_e46149e813ef77c8,포도씨,범위 밖,범위 밖,비인정,비인정,미확인,국내 판매중,해당없음(원료),해당없음(원료),해당없음(비인정),해당없음(비인정),
ing_9b29e717777f83f6,피크노제놀,건강보조식품 원료,건강보조식품 원료,비인정,비인정,미확인,국내 판매중,해당없음(원료),해당없음(원료),해당없음(비인정),해당없음(비인정),
ing_bdca988ed740aa2a,징코,건강보조식품 원료,건강보조식품 원료,비인정,비인정,미확인,국내 판매중,해당없음(원료),해당없음(원료),해당없음(비인정),해당없음(비인정),
ing_241cc39898c6807e,흑삼,건강보조식품 원료,건강보조식품 원료,비인정,비인정,미확인,국내 판매중,해당없음(원료),해당없음(원료),해당없음(비인정),해당없음(비인정),
ing_7107cfee00861c46,가바,건강보조식품 원료,건강보조식품 원료,비인정,비인정,미확인,국내 판매중,해당없음(원료),해당없음(원료),해당없음(비인정),해당없음(비인정),
ing_a02d6e12e49774d4,커큐민,건강보조식품 원료,건강보조식품 원료,비인정,비인정,미확인,국내 판매중,해당없음(원료),해당없음(원료),해당없음(비인정),해당없음(비인정),
ing_d5a6b6a648c7cfe1,녹차카테킨,건강보조식품 원료,건강보조식품 원료,비인정,비인정,미확인,국내 판매중,해당없음(원료),해당없음(원료),해당없음(비인정),해당없음(비인정),
ing_2d1d2e6ec2555c5a,가르시니아,건강보조식품 원료,건강보조식품 원료,비인정,비인정,미확인,국내 판매중,해당없음(원료),해당없음(원료),해당없음(비인정),해당없음(비인정),
ing_9df92a09c9386e87,CLA,건강보조식품 원료,건강보조식품 원료,비인정,비인정,미확인,국내 판매중,해당없음(원료),해당없음(원료),해당없음(비인정),해당없음(비인정),
ing_7c795d5f902f1754,카르니틴,건강보조식품 원료,건강보조식품 원료,비인정,비인정,미확인,국내 판매중,해당없음(원료),해당없음(원료),해당없음(비인정),해당없음(비인정),
ing_5ce31059b9696102,콜레우스포스콜리,건강보조식품 원료,건강보조식품 원료,비인정,비인정,미확인,국내 판매중,해당없음(원료),해당없음(원료),해당없음(비인정),해당없음(비인정),
ing_76f93b6d200d9b82,시서스,건강보조식품 원료,건강보조식품 원료,비인정,비인정,미확인,국내 판매중,해당없음(원료),해당없음(원료),해당없음(비인정),해당없음(비인정),
ing_97f8969696a16032,잔티젠,건강보조식품 원료,건강보조식품 원료,비인정,비인정,미확인,국내 판매중,해당없음(원료),해당없음(원료),해당없음(비인정),해당없음(비인정),
ing_b4a4bce6adad1c62,와일드망고,건강보조식품 원료,건강보조식품 원료,비인정,비인정,미확인,국내 판매중,해당없음(원료),해당없음(원료),해당없음(비인정),해당없음(비인정),
ing_113422d3bec27cf1,그린커피빈,건강보조식품 원료,건강보조식품 원료,비인정,비인정,미확인,국내 판매중,해당없음(원료),해당없음(원료),해당없음(비인정),해당없음(비인정),
ing_6c0206a8955e04a4,글루타민,건강보조식품 원료,건강보조식품 원료,비인정,비인정,미확인,국내 판매중,해당없음(원료),해당없음(원료),해당없음(비인정),해당없음(비인정),
ing_4b5641f071061534,BCAA,건강보조식품 원료,건강보조식품 원료,비인정,비인정,미확인,국내 판매중,해당없음(원료),해당없음(원료),해당없음(비인정),해당없음(비인정),
ing_10d8884e2c31326a,EAA,건강보조식품 원료,건강보조식품 원료,비인정,비인정,미확인,국내 판매중,해당없음(원료),해당없음(원료),해당없음(비인정),해당없음(비인정),
ing_b51f77a59275b8ca,HMB,건강보조식품 원료,건강보조식품 원료,비인정,비인정,미확인,국내 판매중,해당없음(원료),해당없음(원료),해당없음(비인정),해당없음(비인정),
ing_90da6652147a2f60,마그네슘글리시네이트,건강보조식품 원료,건강보조식품 원료,비인정,비인정,미확인,국내 판매중,해당없음(원료),해당없음(원료),해당없음(비인정),해당없음(비인정),
ing_c2d8a2211d69bc4a,마그네슘젖산,건강보조식품 원료,건강보조식품 원료,비인정,비인정,미확인,국내 판매중,해당없음(원료),해당없음(원료),해당없음(비인정),해당없음(비인정),
ing_c38b1d39c72927cc,마그네슘구연산,건강보조식품 원료,건강보조식품 원료,비인정,비인정,미확인,국내 판매중,해당없음(원료),해당없음(원료),해당없음(비인정),해당없음(비인정),
ing_ccc01ca8caa38fa2,활성형비타민B군,건강보조식품 원료,건강보조식품 원료,비인정,비인정,미확인,국내 판매중,해당없음(원료),해당없음(원료),해당없음(비인정),해당없음(비인정),
ing_002f1703b37f6570,양배추즙,범위 밖,건강보조식품,비인정,비인정,미확인,국내 판매중,해당없음(원료),즙,해당없음(비인정),해당없음(일반식품),
ing_86a2c91334b2bbdd,흑염소진액,범위 밖,건강보조식품,비인정,비인정,미확인,국내 판매중,해당없음(원료),진액,해당없음(비인정),해당없음(일반식품),
ing_2f25e796859cd06f,배도라지즙,건강보조식품 원료,건강보조식품 원료,비인정,비인정,미확인,국내 판매중,해당없음(원료),해당없음(원료),해당없음(비인정),해당없음(비인정),
ing_4c613b2377b0b737,사과즙,범위 밖,건강보조식품,비인정,비인정,미확인,국내 판매중,해당없음(원료),즙,해당없음(비인정),해당없음(일반식품),
ing_a45b9e660b5f5b08,석류즙,건강보조식품 원료,건강보조식품 원료,비인정,비인정,미확인,국내 판매중,해당없음(원료),해당없음(원료),해당없음(비인정),해당없음(비인정),
ing_be6976bf94114db9,콜라겐젤리,건강보조식품 원료,건강보조식품 원료,비인정,비인정,미확인,국내 판매중,해당없음(원료),해당없음(원료),해당없음(비인정),해당없음(비인정),
ing_b86f2e920225c697,곤약,건강보조식품 원료,건강보조식품 원료,비인정,비인정,미확인,국내 판매중,해당없음(원료),해당없음(원료),해당없음(비인정),해당없음(비인정),
ing_f3d263dc4d03b8e2,병아리콩,범위 밖,범위 밖,비인정,비인정,미확인,국내 판매중,해당없음(원료),해당없음(원료),해당없음(비인정),해당없음(비인정),
ing_b44f8e67e6a7dd84,아마씨,건강보조식품 원료,건강보조식품 원료,비인정,비인정,미확인,국내 판매중,해당없음(원료),해당없음(원료),해당없음(비인정),해당없음(비인정),
ing_b3abddb7260630dc,치아씨드,건강보조식품 원료,건강보조식품 원료,비인정,비인정,미확인,국내 판매중,해당없음(원료),해당없음(원료),해당없음(비인정),해당없음(비인정),
ing_1e51c98d7a829945,햄프씨드,건강보조식품 원료,건강보조식품 원료,비인정,비인정,미확인,국내 판매중,해당없음(원료),해당없음(원료),해당없음(비인정),해당없음(비인정),
ing_339a7176ded9a5b9,그릭요거트,범위 밖,범위 밖,비인정,비인정,미확인,국내 판매중,해당없음(원료),해당없음(원료),해당없음(비인정),해당없음(비인정),
ing_f5df13dcaa7a25ed,케피어,건강보조식품 원료,건강보조식품 원료,비인정,비인정,미확인,국내 판매중,해당없음(원료),해당없음(원료),해당없음(비인정),해당없음(비인정),
ing_d6d9e65a201af582,카무트효소,범위 밖,범위 밖,비인정,비인정,미확인,국내 판매중,해당없음(원료),해당없음(원료),해당없음(비인정),해당없음(비인정),
ing_2d80b89eebc13a1e,MBP(우유유래유단백),건강보조식품 원료,건강보조식품 원료,비인정,비인정,미확인,국내 판매중,해당없음(원료),해당없음(원료),해당없음(비인정),해당없음(비인정),
ing_fe4ff6ec1c9f3b72,젖산마그네슘,건강기능식품 원료,건강기능식품 원료,고시형,고시형,국내 판매중,국내 판매중,해당없음(원료),해당없음(원료),신경·근육 · 에너지 대사,에너지 이용 · 신경·근육 유지,
ing_fa39d8783d0fea48,HK표고버섯균사체,건강기능식품 원료,건강기능식품 원료,개별인정,개별인정,미확인,국내 판매중,해당없음(원료),해당없음(원료),간 건강,간 건강,2017-7 (주)HK바이오텍; 2010-35 (주)HK바이오텍
ing_dddbeb49b4c51858,L-글루탐산발효 가바분말(기능성원료인정제2022-19호),보류,건강기능식품 원료,보류,개별인정,미확인,미확인,해당없음(원료),해당없음(원료),보류,수면,2022-19 (주)아모레퍼시픽
ing_21f4a22ec9ed721f,L-아르기닌,건강기능식품 원료,건강기능식품 원료,개별인정,개별인정,미확인,국내 판매중,해당없음(원료),해당없음(원료),혈행,혈행,2015-19 대상(주)군산공장
ing_2c1a6b674fca559e,Lacticaseibacillus paracasei subsp. paracasei 327(K-1) 열처리배양건조물(제2025-43호,보류,건강기능식품 원료,보류,개별인정,미확인,미확인,해당없음(원료),해당없음(원료),보류,보류,2025-43 주식회사 씨에이치랩스
ing_aeebd5b3c379bc1e,Lactobacillus acidophilus YT1(HU038),보류,건강기능식품 원료,보류,개별인정,미확인,미확인,해당없음(원료),해당없음(원료),보류,갱년기,2019-22 (주)휴온스엔
ing_b141b3ac629e9544,Lactobacillus sakei Probio65,건강기능식품 원료,건강기능식품 원료,개별인정,개별인정,미확인,미확인,해당없음(원료),해당없음(원료),면역 · 피부 건강,피부 건강,2013-17 (주)프로바이오닉
ing_0d7bf98485cf08b4,UREX 프로바이오틱스,건강기능식품 원료,건강기능식품 원료,개별인정,개별인정,미확인,국내 판매중,해당없음(원료),해당없음(원료),여성 질 건강,여성 질 건강,2014-27 (주)빅솔반월공장
ing_275661a55abf7494,가다랑어 엘라스틴 펩타이드(VGPG Elastin®),보류,건강기능식품 원료,보류,개별인정,미확인,미확인,해당없음(원료),해당없음(원료),보류,피부 건강,2022-38 대한켐텍 주식회사
ing_bcb0635ff10691e1,가자추출물(Ayuflex®),보류,건강기능식품 원료,보류,개별인정,미확인,미확인,해당없음(원료),해당없음(원료),보류,관절·연골,2022-12 주식회사 뉴온
ing_610a2fe86c738f0a,갈락토올리고당 분말(Bimuno® GOS Powder),보류,건강기능식품 원료,보류,개별인정,미확인,미확인,해당없음(원료),해당없음(원료),보류,피부 건강,2021-8 (주)네오크레마 익산공장
ing_ca9f21dbe3212311,감국감태추출복합물,건강기능식품 원료,건강기능식품 원료,개별인정,개별인정,국내 판매중,미확인,해당없음(원료),해당없음(원료),보류,보류,2025-33 (주)에스앤디
ing_7cd574dc6c64cca7,감태추출물,건강기능식품 원료,건강기능식품 원료,개별인정,개별인정,미확인,국내 판매중,해당없음(원료),해당없음(원료),수면,수면,2015-6 (주)에스앤디; 2026-20 한국식품연구원
ing_3a59341cc051cebd,강황 추출물(터마신),건강기능식품 원료,건강기능식품 원료,개별인정,개별인정,미확인,국내 판매중,해당없음(원료),해당없음(원료),관절·연골,관절·연골,2014-2 (주)세광에스티코퍼레이션
ing_12c3631dd805e740,강황추출물,건강기능식품 원료,건강기능식품 원료,개별인정,개별인정,미확인,국내 판매중,해당없음(원료),해당없음(원료),근육,근육,2023-5 (주)아리바이오; 2025-53 (주)알피바이오; 2025-51 (주)뉴트리원; 2025-54 주식회사 녹십자웰빙
ing_86cbeea0d4e0fc01,곰피추출물,건강기능식품 원료,건강기능식품 원료,개별인정,개별인정,미확인,국내 판매중,해당없음(원료),해당없음(원료),간 건강,간 건강,2018-1 주식회사 네추럴웨이
ing_e66d7d974a8f9c90,구기자추출물,건강기능식품 원료,건강기능식품 원료,개별인정,개별인정,미확인,국내 판매중,해당없음(원료),해당없음(원료),인지·기억,인지·기억,2014-51 (주)바이오믹스
ing_e314d1d033390caf,구절초추출물,보류,보류,보류,보류,미확인,국내 판매중,해당없음(원료),해당없음(원료),보류,보류,
ing_85bbe0c6d69dcdb6,그린커피빈추출물,건강기능식품 원료,건강기능식품 원료,개별인정,개별인정,미확인,국내 판매중,해당없음(원료),해당없음(원료),체지방,체지방,2014-31 주영엔에스(주)
ing_754406f1bbccf156,난각막가수분해물(NEM®),보류,건강기능식품 원료,보류,개별인정,미확인,국내 판매중,해당없음(원료),해당없음(원료),보류,보류,2024-9 주식회사 성동
ing_6cea87cae6e84e8f,다래추출물(PG102),보류,건강기능식품 원료,보류,개별인정,미확인,미확인,해당없음(원료),해당없음(원료),보류,면역,2009-18 (주)헬릭스미스
ing_42a878c25f34d361,단삼주정추출분말(SAGX),건강기능식품 원료,건강기능식품 원료,개별인정,개별인정,미확인,국내 판매중,해당없음(원료),해당없음(원료),보류,보류,2025-16 주식회사 큐롬바이오사이언스
ing_9d177b25aafc476a,돈태반 발효추출물,건강기능식품 원료,건강기능식품 원료,개별인정,개별인정,미확인,국내 판매중,해당없음(원료),해당없음(원료),피로,피로,2019-31 (주)엘지생활건강
ing_d41c351e69f61179,락토페린(우유유래정제단백질),보류,건강기능식품 원료,보류,개별인정,미확인,국내 판매중,해당없음(원료),해당없음(원료),보류,체지방,2013-20 라이온코리아주식회사
ing_2207e0b095129c9b,락토페린(우유정제단백질),건강기능식품 원료,건강기능식품 원료,개별인정,개별인정,미확인,국내 판매중,해당없음(원료),해당없음(원료),체지방,체지방,2013-20 라이온코리아주식회사
ing_02f10063bdbd5211,레몬버베나추출물 등 복합물(티에뜨레Ⓡ),보류,건강기능식품 원료,보류,개별인정,미확인,국내 판매중,해당없음(원료),해당없음(원료),보류,체지방,2022-13 (주)노바웰스
ing_455ab9d35cbdfe29,로즈마리자몽추출복합물(Nutroxsun),보류,건강기능식품 원료,보류,개별인정,미확인,미확인,해당없음(원료),해당없음(원료),보류,피부 건강,2019-25 광동헬스바이오(주)
ing_bac28eea8c3a1f61,로즈마리추출물등복합물,보류,보류,보류,보류,미확인,국내 판매중,해당없음(원료),해당없음(원료),보류,보류,
ing_545220df13557bfb,로즈힙분말,건강기능식품 원료,건강기능식품 원료,개별인정,개별인정,미확인,국내 판매중,해당없음(원료),해당없음(원료),관절·연골,관절·연골,2014-17 (주)코드바이오; 2007-22 (주)주안상사; 2012-27 (주)서흥캅셀; 2013-18 (주)뉴트리플랜; 2013-1 (주)주안바이오테크; 2008-81 (주)디에스엠뉴트리션코리아; 2006-7 (주)주안상사
ing_cd4dcd569a0de405,루테인 에스테르,보류,보류,보류,보류,미확인,국내 판매중,해당없음(원료),해당없음(원료),보류,보류,
ing_044ddff5842b7ded,루테인지아잔틴추출복합물(기능성원료인정제2022-29호),보류,건강기능식품 원료,보류,개별인정,미확인,미확인,해당없음(원료),해당없음(원료),보류,눈 건강,2022-29 안국건강주식회사
ing_d7f8472d3bbbcbd9,리스펙타(Respecta®)[프로바이오틱스 등 복합물],보류,건강기능식품 원료,보류,개별인정,미확인,국내 판매중,해당없음(원료),해당없음(원료),보류,장 건강,2019-26 코스맥스엔비티(주)
ing_f8687ebd0ee0d790,리프리놀-초록입홍합추출오일,건강기능식품 원료,건강기능식품 원료,개별인정,개별인정,미확인,국내 판매중,해당없음(원료),해당없음(원료),관절·연골,관절·연골,2009-49 (주)한국파마링크; 2008-69 (주)한국파마링크
ing_9c1d180ab7c7db4a,마리골드꽃추출물(지아잔틴함유),건강기능식품 원료,건강기능식품 원료,개별인정,개별인정,미확인,국내 판매중,해당없음(원료),해당없음(원료),보류,보류,2024-25 (주)엘지생활건강; 2025-7 (주)화인비에스; 2026-9 대한켐텍 주식회사
ing_c1f085255bf545c9,마카 젤라틴화 분말,건강기능식품 원료,건강기능식품 원료,개별인정,개별인정,미확인,국내 판매중,해당없음(원료),해당없음(원료),운동 수행 · 갱년기,운동 수행 · 갱년기,2011-7 (주)이스터비엔에프
ing_8877d544d626e4e7,마키베리추출물,건강기능식품 원료,건강기능식품 원료,개별인정,개별인정,미확인,국내 판매중,해당없음(원료),해당없음(원료),눈 건강,눈 건강,2025-8 (주)성우바이오팜
ing_8d3ceca020910fcd,밀 추출물(Ceratiq®),보류,건강기능식품 원료,보류,개별인정,미확인,미확인,해당없음(원료),해당없음(원료),보류,피부 건강,2020-15 주식회사 노바렉스
ing_937d0af75c658827,밀배유 추출물,건강기능식품 원료,건강기능식품 원료,개별인정,개별인정,미확인,국내 판매중,해당없음(원료),해당없음(원료),피부 건강,피부 건강,2015-18 한국암웨이(주); 2025-11 (주)그린스토어; 2025-10 코스맥스엔에스 주식회사
ing_a4af4a0cd40d3530,바이오게르마늄 효모(기능성원료인정New제2007-15호),보류,건강기능식품 원료,보류,개별인정,미확인,미확인,해당없음(원료),해당없음(원료),보류,면역,2007-15 게란티제약(주)
ing_ea7a9ea0885d93c9,발효우슬등복합물,건강기능식품 원료,건강기능식품 원료,개별인정,개별인정,미확인,국내 판매중,해당없음(원료),해당없음(원료),관절·연골,관절·연골,2020-12 주식회사 현대바이오랜드
ing_d73f2f0e9397295b,배초향 추출물(Agatri)(기능성원료인정제2020-5호),보류,건강기능식품 원료,보류,개별인정,미확인,미확인,해당없음(원료),해당없음(원료),보류,피부 건강,2020-5 코스맥스엔비티 주식회사
ing_0a48b192cdb18bba,병풀추출분말,건강기능식품 원료,건강기능식품 원료,개별인정,개별인정,미확인,국내 판매중,해당없음(원료),해당없음(원료),눈 건강 · 간 건강,눈 건강 · 간 건강,2021-24 주식회사 제넨셀; 2025-37 주식회사 쓰리에이치랩스
ing_1603085e8e915b31,보이차 추출물,건강기능식품 원료,건강기능식품 원료,개별인정,개별인정,미확인,국내 판매중,해당없음(원료),해당없음(원료),혈중지질 · 체지방,혈중지질 · 체지방,2009-17 씨제이웰케어; 2014-7 주영엔에스(주)
ing_e83c6d4c3ab21f32,"비즈왁스알코올(Bees Wax Alcohol, BWA)",보류,건강기능식품 원료,보류,개별인정,미확인,미확인,해당없음(원료),해당없음(원료),보류,위 건강 · 항산화 · 관절·연골,2010-1 (주)레이델코리아
ing_307f12a489c6d6ca,사탕수수왁스알코올(폴리코사놀),건강기능식품 원료,건강기능식품 원료,개별인정,개별인정,미확인,국내 판매중,해당없음(원료),해당없음(원료),혈중지질,혈중지질,2025-19 (주)네이처스원
ing_76b40c1732c01ebf,삼백초추출물(LHF618),건강기능식품 원료,건강기능식품 원료,개별인정,개별인정,미확인,미확인,해당없음(원료),해당없음(원료),코 건강 · 면역,코 건강,2023-31 주식회사 위랩
ing_923bea65407cd9d6,상추추출물,건강기능식품 원료,건강기능식품 원료,개별인정,개별인정,미확인,국내 판매중,해당없음(원료),해당없음(원료),보류,보류,2025-21 유니바이오
ing_d36a398b38dd29f8,새싹보리추출물(RexcliverⓇ),보류,건강기능식품 원료,보류,개별인정,미확인,미확인,해당없음(원료),해당없음(원료),보류,간 건강,2023-20 주식회사 노바렉스
ing_f3465523069ca271,석류농축분말,건강기능식품 원료,건강기능식품 원료,개별인정,개별인정,미확인,국내 판매중,해당없음(원료),해당없음(원료),피부 건강,피부 건강,2018-7 (주)에이치엘사이언스; 2018-8 (주)에이치엘사이언스
ing_64857e840152df17,석류농축액,보류,보류,보류,보류,미확인,국내 판매중,해당없음(원료),해당없음(원료),보류,보류,
ing_cda455c39decafa4,솔잎 증류 농축액,건강기능식품 원료,건강기능식품 원료,개별인정,개별인정,미확인,국내 판매중,해당없음(원료),해당없음(원료),혈당,혈당,2007-8 파인생명공학; 2012-30 파인생명공학
ing_b599b22a4c67b5c9,수국잎열수추출물(기능성원료인정제2020-8호),보류,건강기능식품 원료,보류,개별인정,미확인,국내 판매중,해당없음(원료),해당없음(원료),보류,피부 건강,2020-8 코스맥스바이오(주)
ing_72f3bcca790ec141,수국잎열수추출물(리세린지®),건강기능식품 원료,건강기능식품 원료,개별인정,개별인정,미확인,국내 판매중,해당없음(원료),해당없음(원료),체지방,체지방,2020-7 코스맥스바이오(주)
ing_acef043b1d27ad5d,스피루리나 원말(기능성원료인정제2010-4호),보류,건강기능식품 원료,보류,개별인정,미확인,미확인,해당없음(원료),해당없음(원료),보류,면역,2010-4 (주)이에스바이오텍
ing_bb92c88b6f5ca5ef,쑥부쟁이추출분말,건강기능식품 원료,건강기능식품 원료,개별인정,개별인정,미확인,미확인,해당없음(원료),해당없음(원료),면역,보류,2019-13 국립농업과학원본원동; 2021-13 주식회사 휴럼
ing_31d04c7e44563993,아마인,건강기능식품 원료,건강기능식품 원료,개별인정,개별인정,미확인,국내 판매중,해당없음(원료),해당없음(원료),혈중지질,혈중지질,2007-4 네이쳐스메디신(주); 2009-72 네이쳐스메디신(주)
ing_ea6dd311728bda5f,아쉬아간다 추출물,건강기능식품 원료,건강기능식품 원료,개별인정,개별인정,국내 판매중,미확인,해당없음(원료),해당없음(원료),긴장 완화,긴장 완화,2012-33 (주)에치와이
ing_a2d2fcec64ebfe7f,에키네시아추출물,건강기능식품 원료,건강기능식품 원료,개별인정,개별인정,미확인,국내 판매중,해당없음(원료),해당없음(원료),면역,면역,2024-3 주식회사 뉴온; 2023-1 주식회사 현준에프앤비
ing_fa94e7ba47a07927,연어코연골추출물,건강기능식품 원료,건강기능식품 원료,개별인정,개별인정,미확인,국내 판매중,해당없음(원료),해당없음(원료),보류,보류,2025-42 (주)네이처텍; 2026-23 종근당건강(주)
ing_3f12ddda17beacaa,유단백추출물,건강기능식품 원료,건강기능식품 원료,개별인정,개별인정,미확인,국내 판매중,해당없음(원료),해당없음(원료),뼈 건강,뼈 건강,2015-16 주영엔에스(주)
ing_69bee761d48a37f7,유산균발효굴추출물(FGO),건강기능식품 원료,건강기능식품 원료,개별인정,개별인정,미확인,국내 판매중,해당없음(원료),해당없음(원료),어린이 성장,어린이 성장,2024-26 (주)마린바이오프로세스; 2024-27 (주)엘지생활건강
ing_9dbfa34f6897fba1,인삼,건강기능식품 원료,건강기능식품 원료,고시형,고시형,미확인,국내 판매중,해당없음(원료),해당없음(원료),면역 · 피로 · 뼈 건강 · 간 건강(조건부),면역 · 간 건강(제조방법 조건) · 뼈 건강 · 피로,
ing_bf19cace7f980f19,지방산복합물(기능성원료인정제2009-2호),보류,보류,보류,보류,미확인,국내 판매중,해당없음(원료),해당없음(원료),보류,보류,
ing_227c5e187eff6e85,차즈기추출물,건강기능식품 원료,건강기능식품 원료,개별인정,개별인정,미확인,국내 판매중,해당없음(원료),해당없음(원료),피로,눈 건강,2019-17 코스맥스바이오(주)
ing_3875f5d43a28aa59,청호추출분말(리베라템),건강기능식품 원료,건강기능식품 원료,개별인정,개별인정,미확인,국내 판매중,해당없음(원료),해당없음(원료),간 건강,간 건강,2021-19 (주)성균바이오텍; 2021-20 (주)지앤피바이오사이언스
ing_4f3a1b0174e40e8f,콜레우스 포스콜리 추출물 Forslean(기능성원료인정제2009-47호),보류,건강기능식품 원료,보류,개별인정,미확인,미확인,해당없음(원료),해당없음(원료),보류,체지방,2009-47 씨제이제일제당(주)
ing_10acd651dcc78ce8,콜레우스 포스콜리 추출물(기능성원료인정제2011-42호),보류,건강기능식품 원료,보류,개별인정,미확인,미확인,해당없음(원료),해당없음(원료),보류,체지방,2011-42 주영엔에스(주)
ing_f7ed470e6cfed594,콜레우스 포스콜리 추출물(기능성원료인정제2012-5호),보류,건강기능식품 원료,보류,개별인정,미확인,미확인,해당없음(원료),해당없음(원료),보류,체지방,2012-5 사빈사코리아주식회사
ing_7d31f9088b2baf03,크랜베리 추출물,건강기능식품 원료,건강기능식품 원료,개별인정,개별인정,미확인,국내 판매중,해당없음(원료),해당없음(원료),장 건강,장 건강,2010-39 주식회사 노바렉스; 2011-39 씨제이웰케어
ing_92181fb53156e52b,파크랜 크랜베리 분말,건강기능식품 원료,건강기능식품 원료,개별인정,개별인정,미확인,국내 판매중,해당없음(원료),해당없음(원료),장 건강,장 건강,2014-34 (주)뉴트렉스테크놀러지; 2014-35 (주)서흥
ing_ad160b9ef238fd93,프로바이오틱스(드시모네),건강기능식품 원료,건강기능식품 원료,개별인정,개별인정,미확인,국내 판매중,해당없음(원료),해당없음(원료),장 건강 · 면역,장 건강 · 면역,2009-28 주식회사 헥토헬스케어
ing_9fd6bdfa4e3e75d8,피니톨,건강기능식품 원료,건강기능식품 원료,개별인정,개별인정,미확인,국내 판매중,해당없음(원료),해당없음(원료),간 건강,간 건강,2005-15 아미코젠(주)문산제2공장
ing_9d5ab4a333a6a6d1,핑거루트추출분말(판두라틴),보류,건강기능식품 원료,보류,개별인정,미확인,미확인,해당없음(원료),해당없음(원료),보류,피부 건강 · 체지방,2012-36 (주)한국야쿠르트 중앙연구소
ing_60221ed09bd1e384,호로파종자추출물,건강기능식품 원료,건강기능식품 원료,개별인정,개별인정,미확인,국내 판매중,해당없음(원료),해당없음(원료),보류,보류,2025-17 주영엔에스(주)
ing_4dd0229e4ed1b1f5,호프추출물,건강기능식품 원료,건강기능식품 원료,개별인정,개별인정,미확인,국내 판매중,해당없음(원료),해당없음(원료),관절·연골,관절·연골,2009-25 씨제이웰케어
ing_5a3de34d5287e327,홍삼,건강기능식품 원료,건강기능식품 원료,고시형,고시형,미확인,국내 판매중,해당없음(원료),해당없음(원료),면역,항산화 · 면역 · 인지·기억 · 혈행 · 피로 · 갱년기,
ing_c6d14650aff60d3e,비타민A,건강기능식품 원료,건강기능식품 원료,고시형,고시형,미확인,국내 판매중,해당없음(원료),해당없음(원료),피부 건강,시각 적응 · 피부·점막 유지 · 상피세포 성장,
ing_5a79cd68c31f58d9,베타카로틴,건강기능식품 원료,건강기능식품 원료,고시형,고시형,국내 판매중,국내 판매중,해당없음(원료),해당없음(원료),피부 건강,시각 적응 · 피부·점막 유지 · 상피세포 성장,
ing_3eca39f390d864e5,비타민D,건강기능식품 원료,건강기능식품 원료,고시형,고시형,국내 판매중,국내 판매중,해당없음(원료),해당없음(원료),뼈 건강,칼슘·인 흡수 · 뼈 형성·유지 · 골다공증 위험 감소,
ing_4c27cf7b3908d197,비타민E,건강기능식품 원료,건강기능식품 원료,고시형,고시형,미확인,국내 판매중,해당없음(원료),해당없음(원료),유해산소로부터 세포 보호,항산화 · 유해산소로부터 세포 보호,
ing_d16523d2f4b074fa,비타민K,건강기능식품 원료,건강기능식품 원료,고시형,고시형,미확인,미확인,해당없음(원료),해당없음(원료),뼈 건강,혈액응고 · 뼈 구성,
ing_bea55b2462d0d9d7,비타민B1,건강기능식품 원료,건강기능식품 원료,고시형,고시형,미확인,국내 판매중,해당없음(원료),해당없음(원료),에너지 대사,탄수화물·에너지 대사,
ing_1db5ad35dcd8bbeb,비타민B2,건강기능식품 원료,건강기능식품 원료,고시형,고시형,미확인,미확인,해당없음(원료),해당없음(원료),에너지 대사,에너지 생성,
ing_d46257fd00499c7b,나이아신,건강기능식품 원료,건강기능식품 원료,고시형,고시형,미확인,국내 판매중,해당없음(원료),해당없음(원료),에너지 대사,에너지 생성,
ing_4882504f0ee0ee73,판토텐산,건강기능식품 원료,건강기능식품 원료,고시형,고시형,미확인,국내 판매중,해당없음(원료),해당없음(원료),에너지 대사,지방·탄수화물·단백질 대사 · 에너지 생성,
ing_59df4a7844df72ee,비타민B6,건강기능식품 원료,건강기능식품 원료,고시형,고시형,미확인,미확인,해당없음(원료),해당없음(원료),단백질·아미노산 이용 · 혈중 호모시스테인 정상 유지,단백질·아미노산 이용 · 호모시스테인 정상 유지,
ing_6fd9d3e746c0431c,엽산,건강기능식품 원료,건강기능식품 원료,고시형,고시형,미확인,국내 판매중,해당없음(원료),해당없음(원료),세포·혈액 생성 · 태아 신경관 정상 발달 · 혈중 호모시스테인 정상 유지,세포·혈액 생성 · 태아 신경관 발달 · 호모시스테인 정상 유지,
ing_c1754a6c14e2e2f4,비타민B12,건강기능식품 원료,건강기능식품 원료,고시형,고시형,미확인,국내 판매중,해당없음(원료),해당없음(원료),정상 엽산 대사,엽산 대사,
ing_348838ae589edbdf,비오틴,보류,건강기능식품 원료,보류,고시형,국내 판매중,국내 판매중,해당없음(원료),해당없음(원료),보류,지방·탄수화물·단백질 대사 · 에너지 생성,
ing_6e8daf20893dfe9e,비타민C,건강기능식품 원료,건강기능식품 원료,고시형,고시형,국내 판매중,국내 판매중,해당없음(원료),해당없음(원료),결합조직 형성·기능 유지 · 철 흡수 · 유해산소로부터 세포 보호,결합조직 형성·유지 · 철 흡수 · 유해산소로부터 세포 보호,
ing_dce2a6ea062a562d,칼슘,건강기능식품 원료,건강기능식품 원료,고시형,고시형,미확인,국내 판매중,해당없음(원료),해당없음(원료),뼈 건강 · 신경·근육,뼈·치아 형성 · 신경·근육 유지 · 혈액응고 · 골다공증 위험 감소,
ing_3b43f38712ae66a4,마그네슘,건강기능식품 원료,건강기능식품 원료,고시형,고시형,국내 판매중,국내 판매중,해당없음(원료),해당없음(원료),신경·근육 · 에너지 대사,에너지 이용 · 신경·근육 유지,
ing_86f186a0317d70fc,철,건강기능식품 원료,건강기능식품 원료,고시형,고시형,미확인,미확인,해당없음(원료),해당없음(원료),에너지 대사,산소 운반·혈액 생성 · 에너지 생성,
ing_0616815ac902144e,아연,건강기능식품 원료,건강기능식품 원료,고시형,고시형,미확인,국내 판매중,해당없음(원료),해당없음(원료),면역,면역 · 세포분열,
ing_c67b4b472be30384,셀레늄,건강기능식품 원료,건강기능식품 원료,고시형,고시형,미확인,국내 판매중,해당없음(원료),해당없음(원료),유해산소로부터 세포 보호,유해산소로부터 세포 보호,
ing_f9720dd3cf2c9301,요오드,건강기능식품 원료,건강기능식품 원료,고시형,고시형,국내 판매중,국내 판매중,해당없음(원료),해당없음(원료),에너지 대사,갑상선 호르몬 합성 · 에너지 생성 · 신경 발달,
ing_f25c71586711bc87,망간,건강기능식품 원료,건강기능식품 원료,고시형,고시형,미확인,국내 판매중,해당없음(원료),해당없음(원료),뼈 건강 · 에너지 대사,뼈 형성 · 에너지 이용 · 유해산소로부터 세포 보호,
ing_5b24f48b9e01728b,칼륨,건강기능식품 원료,건강기능식품 원료,고시형,고시형,미확인,국내 판매중,해당없음(원료),해당없음(원료),체내 물·전해질 균형,물·전해질 균형,
ing_ba7da3f885a3d688,크롬,건강기능식품 원료,건강기능식품 원료,고시형,고시형,미확인,국내 판매중,해당없음(원료),해당없음(원료),에너지 대사,탄수화물·지방·단백질 대사,
ing_84cbde76a16df4d4,필수지방산,건강기능식품 원료,건강기능식품 원료,고시형,고시형,미확인,국내 판매중,해당없음(원료),해당없음(원료),필수지방산 보충,필수지방산 보충,
ing_4e51fbe0bd373e84,단백질,건강기능식품 원료,건강기능식품 원료,고시형,고시형,미확인,미확인,해당없음(원료),해당없음(원료),에너지 대사,신체조직·효소·호르몬·항체 구성 · 영양성분 운반·저장 · 체액 균형 · 에너지 합성,
ing_d4a4eaed75e38796,식이섬유,건강기능식품 원료,건강기능식품 원료,고시형,고시형,미확인,국내 판매중,해당없음(원료),해당없음(원료),식이섬유 보충,식이섬유 보충,
ing_ab86aabab5d32a44,엽록소함유식물,건강기능식품 원료,건강기능식품 원료,고시형,고시형,미확인,미확인,해당없음(원료),해당없음(원료),피부 건강 · 항산화 · 면역 · 혈중지질,항산화 · 피부 건강,
ing_568af50b8dbae631,클로렐라,건강기능식품 원료,건강기능식품 원료,고시형,고시형,국내 판매중,국내 판매중,해당없음(원료),해당없음(원료),혈중지질,항산화 · 혈중지질 · 면역 · 피부 건강,
ing_eadef027e571564d,스피루리나,건강기능식품 원료,건강기능식품 원료,고시형,고시형,국내 판매중,국내 판매중,해당없음(원료),해당없음(원료),혈중지질,항산화 · 혈중지질,
ing_038d7071bde02b43,녹차추출물,건강기능식품 원료,건강기능식품 원료,고시형,고시형,국내 판매중,국내 판매중,해당없음(원료),해당없음(원료),혈중지질,항산화 · 혈중지질 · 체지방,
ing_63f4008ff00761b4,알로에전잎,보류,보류,보류,보류,미확인,국내 판매중,해당없음(원료),해당없음(원료),보류,보류,
ing_016864e38e0ebc1d,프로폴리스추출물,건강기능식품 원료,건강기능식품 원료,고시형,고시형,국내 판매중,국내 판매중,해당없음(원료),해당없음(원료),구강 항균,구강 항균 · 항산화,
ing_84ed631f9dfe8b84,코엔자임Q10,건강기능식품 원료,건강기능식품 원료,고시형,고시형,국내 판매중,국내 판매중,해당없음(원료),해당없음(원료),항산화,항산화 · 혈압,
ing_db44afae7f87fc28,구아바잎추출물,건강기능식품 원료,건강기능식품 원료,고시형,고시형,미확인,국내 판매중,해당없음(원료),해당없음(원료),혈당,혈당,
ing_c809a009851b5e13,은행잎추출물,건강기능식품 원료,건강기능식품 원료,고시형,고시형,국내 판매중,국내 판매중,해당없음(원료),해당없음(원료),혈행,인지·기억 · 혈행,
ing_e9828b4a4cd9049f,오메가3지방산함유유지,건강기능식품 원료,건강기능식품 원료,고시형,고시형,미확인,미확인,해당없음(원료),해당없음(원료),혈중지질 · 인지·기억 · 혈행,눈 건강 · 혈중지질 · 인지·기억 · 혈행,
ing_5ccb81006a632cf3,감마리놀렌산함유유지,건강기능식품 원료,건강기능식품 원료,고시형,고시형,미확인,미확인,해당없음(원료),해당없음(원료),혈중지질 · 혈행 · 월경 전 불편 · 피부 건강,혈중지질 · 피부 건강 · 혈행 · 월경 전 불편,
ing_b57645fa484cbf89,스쿠알렌,건강기능식품 원료,건강기능식품 원료,고시형,고시형,미확인,국내 판매중,해당없음(원료),해당없음(원료),항산화,항산화,
ing_4593fd7acba135ff,식물스테롤,건강기능식품 원료,건강기능식품 원료,고시형,고시형,미확인,국내 판매중,해당없음(원료),해당없음(원료),혈중지질,혈중지질,
ing_3a4b2adfcf490222,가르시니아캄보지아추출물,건강기능식품 원료,건강기능식품 원료,고시형,고시형,국내 판매중,미확인,해당없음(원료),해당없음(원료),체지방,체지방,
ing_7478199ee3e9cb57,포스파티딜세린,건강기능식품 원료,건강기능식품 원료,고시형,고시형,국내 판매중,국내 판매중,해당없음(원료),해당없음(원료),인지·기억,피부 건강 · 인지·기억,
ing_9977028ed9289e70,N-아세틸글루코사민,건강기능식품 원료,건강기능식품 원료,고시형,고시형,국내 판매중,국내 판매중,해당없음(원료),해당없음(원료),관절·연골,관절·연골 · 피부 건강,
ing_1f6182b5f01d2d7c,알로에겔,건강기능식품 원료,건강기능식품 원료,고시형,고시형,미확인,미확인,해당없음(원료),해당없음(원료),피부 건강 · 장 건강 · 면역,장 건강 · 면역 · 피부 건강,
ing_3e6ad3f1442d6c86,홍국,건강기능식품 원료,건강기능식품 원료,고시형,고시형,미확인,국내 판매중,해당없음(원료),해당없음(원료),혈중지질,혈중지질,
ing_c5575f2c3f55b806,테아닌,건강기능식품 원료,건강기능식품 원료,고시형,고시형,국내 판매중,국내 판매중,해당없음(원료),해당없음(원료),인지·기억,긴장 완화,
ing_5ad5a851b0a4dc89,MSM,건강기능식품 원료,건강기능식품 원료,고시형,고시형,미확인,국내 판매중,해당없음(원료),해당없음(원료),관절·연골,관절·연골,
ing_b09dc6d32ce12cc4,홍경천추출물,건강기능식품 원료,건강기능식품 원료,고시형,고시형,미확인,국내 판매중,해당없음(원료),해당없음(원료),인지·기억,피로,
ing_5def52cf57bbe4ac,크레아틴,건강기능식품 원료,건강기능식품 원료,고시형,고시형,국내 판매중,국내 판매중,해당없음(원료),해당없음(원료),근육,운동 수행,
ing_0cca5a39621234b3,유단백가수분해물,건강기능식품 원료,건강기능식품 원료,고시형,고시형,국내 판매중,국내 판매중,해당없음(원료),해당없음(원료),수면,수면 · 긴장 완화,
ing_02553ad47fddc05c,토마토추출물,건강기능식품 원료,건강기능식품 원료,고시형,고시형,미확인,국내 판매중,해당없음(원료),해당없음(원료),항산화,항산화,
ing_c03242046227e236,구아검,건강기능식품 원료,건강기능식품 원료,고시형,고시형,미확인,국내 판매중,해당없음(원료),해당없음(원료),혈중지질,혈중지질 · 혈당 · 장 건강,
ing_6739a085ec8af806,귀리식이섬유,건강기능식품 원료,건강기능식품 원료,고시형,고시형,미확인,미확인,해당없음(원료),해당없음(원료),장 건강,혈중지질 · 혈당,
ing_566251d02323949e,난소화성말토덱스트린,건강기능식품 원료,건강기능식품 원료,고시형,고시형,국내 판매중,국내 판매중,해당없음(원료),해당없음(원료),혈중지질,혈중지질 · 혈당 · 장 건강,
ing_10717c3b09eebb56,대두식이섬유,건강기능식품 원료,건강기능식품 원료,고시형,고시형,미확인,미확인,해당없음(원료),해당없음(원료),장 건강,혈중지질 · 혈당 · 장 건강,
ing_8a9d19ed60776e4f,밀식이섬유,건강기능식품 원료,건강기능식품 원료,고시형,고시형,미확인,미확인,해당없음(원료),해당없음(원료),장 건강,혈당 · 장 건강,
ing_85756db968f939ea,아라비아검,건강기능식품 원료,건강기능식품 원료,고시형,고시형,미확인,국내 판매중,해당없음(원료),해당없음(원료),장 건강,장 건강,
ing_d51ef5fabd6773a2,옥수수겨식이섬유,건강기능식품 원료,건강기능식품 원료,고시형,고시형,미확인,미확인,해당없음(원료),해당없음(원료),장 건강,혈중지질 · 혈당,
ing_4842075ac25f0c14,이눌린,건강기능식품 원료,건강기능식품 원료,고시형,고시형,미확인,국내 판매중,해당없음(원료),해당없음(원료),혈중지질 · 혈당 · 장 건강,혈중지질 · 혈당 · 장 건강,
ing_1513da8b9f41d08e,차전자피식이섬유,건강기능식품 원료,건강기능식품 원료,고시형,고시형,국내 판매중,국내 판매중,해당없음(원료),해당없음(원료),장 건강,혈중지질 · 장 건강,
ing_01a285f4f5c8d6dd,호로파종자식이섬유,건강기능식품 원료,건강기능식품 원료,고시형,고시형,미확인,미확인,해당없음(원료),해당없음(원료),장 건강,혈당,
ing_49ada5a662db7c40,멜라토닌,참고,참고,의약품,의약품,미확인,국내 판매중,해당없음(원료),해당없음(원료),해당없음(의약품),해당없음(의약품),
ing_0e9665833d62f781,홍삼정,건강보조식품 원료,건강보조식품 원료,비인정,비인정,미확인,국내 판매중,해당없음(원료),해당없음(원료),해당없음(비인정),해당없음(비인정),
ing_8698423ad9cbbff3,양파즙,범위 밖,건강보조식품,비인정,비인정,미확인,국내 판매중,해당없음(원료),즙,해당없음(비인정),해당없음(일반식품),
ing_390a87bd6012e30b,블루베리즙,건강보조식품 원료,건강보조식품 원료,비인정,비인정,미확인,국내 판매중,해당없음(원료),해당없음(원료),해당없음(비인정),해당없음(비인정),
ing_df33e28b0fc173a0,마늘즙,범위 밖,건강보조식품,비인정,비인정,미확인,국내 판매중,해당없음(원료),즙,해당없음(비인정),해당없음(일반식품),
ing_44f164037fe76cd8,생강차,범위 밖,건강보조식품,비인정,비인정,미확인,국내 판매중,해당없음(원료),차,해당없음(비인정),해당없음(일반식품),
ing_5db8e7eabcea78e8,수세미즙,건강보조식품 원료,건강보조식품 원료,비인정,비인정,미확인,국내 판매중,해당없음(원료),해당없음(원료),해당없음(비인정),해당없음(비인정),
ing_ad8a44b19e4901b8,돌미나리즙,건강보조식품 원료,건강보조식품 원료,비인정,비인정,미확인,국내 판매중,해당없음(원료),해당없음(원료),해당없음(비인정),해당없음(비인정),
ing_0f366c09b8b44999,민들레즙,건강보조식품 원료,건강보조식품 원료,비인정,비인정,미확인,국내 판매중,해당없음(원료),해당없음(원료),해당없음(비인정),해당없음(비인정),
ing_9c1efa74fe85b628,매실효소,건강보조식품 원료,건강보조식품 원료,비인정,비인정,미확인,국내 판매중,해당없음(원료),해당없음(원료),해당없음(비인정),해당없음(비인정),
ing_528eba02aa3db393,더덕즙,건강보조식품 원료,건강보조식품 원료,비인정,비인정,미확인,국내 판매중,해당없음(원료),해당없음(원료),해당없음(비인정),해당없음(비인정),
ing_8cf8095b7b3e7450,칡즙,건강보조식품 원료,건강보조식품 원료,비인정,비인정,미확인,국내 판매중,해당없음(원료),해당없음(원료),해당없음(비인정),해당없음(비인정),
ing_95583fc76b6649a6,케일즙,건강보조식품 원료,건강보조식품 원료,비인정,비인정,미확인,국내 판매중,해당없음(원료),해당없음(원료),해당없음(비인정),해당없음(비인정),
ing_155219d270088048,남성유산균,건강보조식품 원료,건강보조식품 원료,비인정,비인정,미확인,국내 판매중,해당없음(원료),해당없음(원료),해당없음(비인정),해당없음(비인정),
