원료ID,원료명,인정상태,보류사유,대조자료·기준일
ing_1a279b0076f90407,INM176(참당귀 주정추출분말),보류,균주·제품코드 또는 상표와 일치하는 공식 원료명·인정번호 확인 안 됨,"식품안전나라 I-0040·식약처 고시, 2026-09-30"
ing_ccdffa141352df1c,PME-88 메론추출물,보류,고시 및 2026-09-30 I-0040에서 같은 원료명·인정번호 확인 안 됨,"식품안전나라 I-0040·식약처 고시, 2026-09-30"
ing_e314d1d033390caf,구절초추출물,보류,유사 일반명은 있으나 업체별 인정 원료의 규격 동일성 확인 안 됨,"식품안전나라 I-0040·식약처 고시, 2026-09-30"
ing_2f103fe66df5c19b,그린마테추출물,보류,유사 일반명은 있으나 업체별 인정 원료의 규격 동일성 확인 안 됨,"식품안전나라 I-0040·식약처 고시, 2026-09-30"
ing_a7ff49d9f2668749,나한과박추출분말,보류,유사 일반명은 있으나 업체별 인정 원료의 규격 동일성 확인 안 됨,"식품안전나라 I-0040·식약처 고시, 2026-09-30"
ing_5f666a3aaa0dca05,난각막분말,보류,유사 일반명은 있으나 업체별 인정 원료의 규격 동일성 확인 안 됨,"식품안전나라 I-0040·식약처 고시, 2026-09-30"
ing_11286b49e39d674f,닭가슴연골분말,보류,유사 일반명은 있으나 업체별 인정 원료의 규격 동일성 확인 안 됨,"식품안전나라 I-0040·식약처 고시, 2026-09-30"
ing_a4e73b91f13def6e,당귤농축분말(ROCH)당귤농축분말,보류,고시 및 2026-09-30 I-0040에서 같은 원료명·인정번호 확인 안 됨,"식품안전나라 I-0040·식약처 고시, 2026-09-30"
ing_4e83a3801894ad76,돌외잎주정추출분말,보류,유사 일반명은 있으나 업체별 인정 원료의 규격 동일성 확인 안 됨,"식품안전나라 I-0040·식약처 고시, 2026-09-30"
ing_dff78d17a4589b30,동충하초 발효 추출물,보류,고시 및 2026-09-30 I-0040에서 같은 원료명·인정번호 확인 안 됨,"식품안전나라 I-0040·식약처 고시, 2026-09-30"
ing_350037360997b8d8,들깨쇠비름혼합추출물,보류,고시 및 2026-09-30 I-0040에서 같은 원료명·인정번호 확인 안 됨,"식품안전나라 I-0040·식약처 고시, 2026-09-30"
ing_2858e1d095c99bf3,디글리세라이드 함유유지,보류,고시 및 2026-09-30 I-0040에서 같은 원료명·인정번호 확인 안 됨,"식품안전나라 I-0040·식약처 고시, 2026-09-30"
ing_685eea8044a4d1a7,락추로스 파우더,보류,고시 및 2026-09-30 I-0040에서 같은 원료명·인정번호 확인 안 됨,"식품안전나라 I-0040·식약처 고시, 2026-09-30"
ing_bac28eea8c3a1f61,로즈마리추출물등복합물,보류,유사 일반명은 있으나 업체별 인정 원료의 규격 동일성 확인 안 됨,"식품안전나라 I-0040·식약처 고시, 2026-09-30"
ing_cd4dcd569a0de405,루테인 에스테르,보류,유사 일반명은 있으나 업체별 인정 원료의 규격 동일성 확인 안 됨,"식품안전나라 I-0040·식약처 고시, 2026-09-30"
ing_51db90eb1101ed81,미역 등 복합추출물(잔티젠),보류,고시 및 2026-09-30 I-0040에서 같은 원료명·인정번호 확인 안 됨,"식품안전나라 I-0040·식약처 고시, 2026-09-30"
ing_09e3460b016ff41a,보리수나무열매추출물,보류,유사 일반명은 있으나 업체별 인정 원료의 규격 동일성 확인 안 됨,"식품안전나라 I-0040·식약처 고시, 2026-09-30"
ing_368568b432f71e2c,보스웰리아 추출물(Boswellia serrata R.),보류,유사 일반명은 있으나 업체별 인정 원료의 규격 동일성 확인 안 됨,"식품안전나라 I-0040·식약처 고시, 2026-09-30"
ing_251597635b8ba694,블랙커민추출분말(BCS-001F®),보류,균주·제품코드 또는 상표와 일치하는 공식 원료명·인정번호 확인 안 됨,"식품안전나라 I-0040·식약처 고시, 2026-09-30"
ing_06c1e08ac48feb62,서목태추출물,보류,유사 일반명은 있으나 업체별 인정 원료의 규격 동일성 확인 안 됨,"식품안전나라 I-0040·식약처 고시, 2026-09-30"
ing_64857e840152df17,석류농축액,보류,고시 및 2026-09-30 I-0040에서 같은 원료명·인정번호 확인 안 됨,"식품안전나라 I-0040·식약처 고시, 2026-09-30"
ing_63f4008ff00761b4,알로에전잎,보류,고시 및 2026-09-30 I-0040에서 같은 원료명·인정번호 확인 안 됨,"식품안전나라 I-0040·식약처 고시, 2026-09-30"
ing_199101468fd9d037,오가피열매추출물,보류,고시 및 2026-09-30 I-0040에서 같은 원료명·인정번호 확인 안 됨,"식품안전나라 I-0040·식약처 고시, 2026-09-30"
ing_3520f74ba2d2b7af,유산균발효마늘추출분말,보류,고시 및 2026-09-30 I-0040에서 같은 원료명·인정번호 확인 안 됨,"식품안전나라 I-0040·식약처 고시, 2026-09-30"
ing_0451de0435a79020,정어리펩타이드 SP100N,보류,균주·제품코드 또는 상표와 일치하는 공식 원료명·인정번호 확인 안 됨,"식품안전나라 I-0040·식약처 고시, 2026-09-30"
ing_6675e08941d9ebea,정제오징어유,보류,고시 및 2026-09-30 I-0040에서 같은 원료명·인정번호 확인 안 됨,"식품안전나라 I-0040·식약처 고시, 2026-09-30"
ing_6a0dee3d4c31ab58,중쇄지방산 함유유지,보류,고시 및 2026-09-30 I-0040에서 같은 원료명·인정번호 확인 안 됨,"식품안전나라 I-0040·식약처 고시, 2026-09-30"
ing_bf19cace7f980f19,지방산복합물(기능성원료인정제2009-2호),보류,이름 속 인정번호를 2026-09-30 I-0040 목록에서 확인하지 못함,"식품안전나라 I-0040·식약처 고시, 2026-09-30"
ing_c11ba918042c7c17,차조기등복합추출물,보류,고시 및 2026-09-30 I-0040에서 같은 원료명·인정번호 확인 안 됨,"식품안전나라 I-0040·식약처 고시, 2026-09-30"
ing_e3a37175908dfa75,크랜베리 추출물(Cran-Max),보류,균주·제품코드 또는 상표와 일치하는 공식 원료명·인정번호 확인 안 됨,"식품안전나라 I-0040·식약처 고시, 2026-09-30"
ing_01de9ae4084bbdd7,포도씨 효소분해 추출 분말,보류,고시 및 2026-09-30 I-0040에서 같은 원료명·인정번호 확인 안 됨,"식품안전나라 I-0040·식약처 고시, 2026-09-30"
ing_3c2db12bd2ef6e97,표고버섯균사체추출물,보류,고시 및 2026-09-30 I-0040에서 같은 원료명·인정번호 확인 안 됨,"식품안전나라 I-0040·식약처 고시, 2026-09-30"
ing_5848a0d001123217,"피엘에이지(PLAG, 1-palmitoyl-2-linoleoyl-3-acetyl-rac-glycerol)",보류,고시 및 2026-09-30 I-0040에서 같은 원료명·인정번호 확인 안 됨,"식품안전나라 I-0040·식약처 고시, 2026-09-30"
ing_702f6dce6be4a78f,피카오프레토 분말 등 복합물,보류,유사 일반명은 있으나 업체별 인정 원료의 규격 동일성 확인 안 됨,"식품안전나라 I-0040·식약처 고시, 2026-09-30"
ing_004a89711e396584,해태올리고펩티드(NORI-PEPTIDE),보류,균주·제품코드 또는 상표와 일치하는 공식 원료명·인정번호 확인 안 됨,"식품안전나라 I-0040·식약처 고시, 2026-09-30"
ing_e60207675148cc74,"홍삼, 사상자, 산수유 복합추출물",보류,고시 및 2026-09-30 I-0040에서 같은 원료명·인정번호 확인 안 됨,"식품안전나라 I-0040·식약처 고시, 2026-09-30"
ing_411ecdd178e3eb60,히비스커스 등 복합추출물,보류,유사 일반명은 있으나 업체별 인정 원료의 규격 동일성 확인 안 됨,"식품안전나라 I-0040·식약처 고시, 2026-09-30"
