원료ID,원료명,기존유통상태,소비자판매구분·미확인사유,한 줄 사유,검색어,수집결과수,수집상위상품 예시,제조용원료 신고번호,C003 원문 섭취방법,C003 원문 행,쇼핑자료기준,제조신고기준,범위
ing_67a316d9204af40c,5-HTP,미확인,등록명·별칭 일치 안 됨,수집된 상위 상품명에서 등록 기본명 직접 일치 확인 못함,5-HTP,19,"힐린 세라토판 L 트립토판 1g 함유 60정, 1개 / GNM 올리브오일 엑스트라버진 5박스(총 150캡슐) 올리브유 100% / 애터미 헤모힘 효능 헤모임 해모임 해모힘 성분 20ml x 60포",,,,2026-09-30,,조회 결과의 확인 실패 사유; 전체 시장 판매 부재 아님
ing_0a58c245fe6c01e1,비트,미확인,식품 판매 근거 부족,광고·비식품·식품인지 불명확한 결과만 확인,비트,152,야채이야기 레드비트 신선한 제주비트 3kg 비트즙 알비트 / 비트 딥클린 파워세탁 액체 세탁세제 3L 일반 본품 4개+캡슐세제 5입 / 비트 캡슐세제 울트라콤팩트 실내건조 40입 2개+10개 더,,,,2026-09-30,,조회 결과의 확인 실패 사유; 전체 시장 판매 부재 아님
ing_c07ab553e66d4a29,모링가,미확인,식품 판매 근거 부족,광고·비식품·식품인지 불명확한 결과만 확인,모링가,137,"인도네시아 모링가환 300g 1통 / [곽민경PICK] 기분전환 오리지널 비건 브이라인스틱 20포, 1개 / 참다움 모링가환 인도네시아산분말 120g, 1개",,,,2026-09-30,,조회 결과의 확인 실패 사유; 전체 시장 판매 부재 아님
ing_cc309b2b33417cb0,초석잠,미확인,판매경로 근거 부족,허용 판매처의 직접 상품 주소 확인 안 됨,초석잠,106,볶은 초석잠 골뱅이형 500g / 볶은 초석잠 골뱅이형 200g / 국산 말린 건조 초석잠 200g 석잠풀 골뱅이형,,,,2026-09-30,,조회 결과의 확인 실패 사유; 전체 시장 판매 부재 아님
ing_b7bcdca3ae5d2d46,세라마이드,미확인,식품 판매 근거 부족,광고·비식품·식품인지 불명확한 결과만 확인,세라마이드,48,"디어로렌 인텐시브 크림 세라마이드 피부장벽강화 속보습 수분크림 저자극 50ml, 2개 / 코스알엑스 더 세라마이드 스킨 베리어 모이스처라이저 / 장벽보습로션 80ml, 1개 / 아누아 세라마이드 판테놀 모이스처 베리어 보습 크림 100ml 2개",,,,2026-09-30,,조회 결과의 확인 실패 사유; 전체 시장 판매 부재 아님
ing_0c15303853266134,프로틴(WPI),미확인,식품 판매 근거 부족,광고·비식품·식품인지 불명확한 결과만 확인,프로틴,139,"홀블렌딩 식물단백 휴대용 파우치 단백질 쉐이크 그레인, 40g, 5개 / 플라이밀 단백질 쉐이크 대용량 리얼초코, 630g, 1개 / 하이뮨 프로틴 밸런스 캔 7대단백질 10대기능성 오리지널 304g, 8개",,,,2026-09-30,,조회 결과의 확인 실패 사유; 전체 시장 판매 부재 아님
ing_51e5d74e3fd9e6a2,식물성프로틴,미확인,등록명·별칭 일치 안 됨,수집된 상위 상품명에서 등록 기본명 직접 일치 확인 못함,식물성프로틴,129,1+1 휴닉 베지어트 맛있는 식물성단백질쉐이크 / 식물성 단백질쉐이크 ISP 분리대두단백질 1.2kg 흑임자맛 3개 / 1+1 휴닉 베지어트 식물성 단백질 파우더 쉐이크 완두콩 비건 곡물 카카오 810g 보틀,,,,2026-09-30,,조회 결과의 확인 실패 사유; 전체 시장 판매 부재 아님
ing_fc49d393c6b0176e,레드비트,미확인,식품 판매 근거 부족,광고·비식품·식품인지 불명확한 결과만 확인,레드비트,166,해남 유기농 친환경 레드비트 2kg  5kg / 유기농 비트 레드비트 햇 고당도 제주 알비트 2kg / 간편비트 (무농약 찐비트 제주 영암 무안) 대량세트 자연시간 찐 레드 비트 HACCP,,,,2026-09-30,,조회 결과의 확인 실패 사유; 전체 시장 판매 부재 아님
ing_e0b1eb62210719f2,생강,미확인,판매경로 근거 부족,허용 판매처의 직접 상품 주소 확인 안 됨,생강,101,국내산 냉장 다진생강 국산생강 100% 당일제조 1kg 500g 200g / 26년 수확 햇 생강 깐생강 세척 씨 종자 국산 1kg / 26년 수확 생강 깐생강 햇생강 흙 세척 씨 종자 영주 국산,,,,2026-09-30,,조회 결과의 확인 실패 사유; 전체 시장 판매 부재 아님
ing_f5b8f2dc224d230a,비단풀,미확인,식품 판매 근거 부족,광고·비식품·식품인지 불명확한 결과만 확인,비단풀,43,동의한재 A급 국산 비단풀 땅빈대 / 천년약초 자연산 비단풀 / 참좋은 국산 햇 비단풀 땅빈대 3kg,,,,2026-09-30,,조회 결과의 확인 실패 사유; 전체 시장 판매 부재 아님
ing_95a11f9087922bc3,승마,미확인,식품 판매 근거 부족,광고·비식품·식품인지 불명확한 결과만 확인,승마,180,MEZAIR 승마의류 여자승마바지(woven 실리콘 풀패치) 승마복장 / 승마복 여성 승마바지 승마팬티 / [헤리체스] 승마바지 승마양말 남여공용,,,,2026-09-30,,조회 결과의 확인 실패 사유; 전체 시장 판매 부재 아님
ing_9fee7adaa4d697d6,감태,미확인,판매경로 근거 부족,허용 판매처의 직접 상품 주소 확인 안 됨,감태,95,태안 청정갯벌 자연산 100% 구운감태 4봉 (8매 X 4봉 총 32매) / 서산 태안 생감태 10매 구운감태 8매 / [바다숲] 한입에 구운감태 6봉,,,,2026-09-30,,조회 결과의 확인 실패 사유; 전체 시장 판매 부재 아님
ing_c426cf170c0fc1ac,미강,미확인,식품 판매 근거 부족,광고·비식품·식품인지 불명확한 결과만 확인,미강,94,볶은미강분말 가루3kg 국내 (1kg X 3봉) / 대끼리네 탈지 미강가루 1kg 볶은 미강가루 쌀겨 경북 영천 농가직송 / 국내산 생 미강 쌀겨 팩 가루 600g,,,,2026-09-30,,조회 결과의 확인 실패 사유; 전체 시장 판매 부재 아님
ing_32c0cbe44cc23c13,보이차,미확인,판매경로 근거 부족,허용 판매처의 직접 상품 주소 확인 안 됨,보이차,100,"1+1[보의당] 왕혜문 퓨어보이차100 골드라벨 1박스+1박스(총28포) / 차예마을 달여만든 고농축 동결건조 보이차고 찹쌀향 보이숙차고 60g, 1개 / 아임힐링 운남성 보이차 추출분말 1000일 발효 50개입, 1개",,,,2026-09-30,,조회 결과의 확인 실패 사유; 전체 시장 판매 부재 아님
ing_4a2b683fb1201803,알파지피시,미확인,등록명·별칭 일치 안 됨,수집된 상위 상품명에서 등록 기본명 직접 일치 확인 못함,알파지피시,41,"해외Nutricost, 알파 GPC, 300 mg, 120 캡슐 / 해외뉴트리돔 알파지피씨 Alpha Gpc 콜린알포세레이트 베지캡슐 400mg 90정 / 해외토니크 알파GPC 알파지피씨 600mg 120캡슐 1+1 콜린알포세레이트",,,,2026-09-30,,조회 결과의 확인 실패 사유; 전체 시장 판매 부재 아님
ing_5417403dd548796f,콜라겐타입2,미확인,등록명·별칭 일치 안 됨,수집된 상위 상품명에서 등록 기본명 직접 일치 확인 못함,콜라겐타입2,73,"에버콜라겐 타임비오틴 업 2개월 콜라겐가루 / [+비타민 구미젤리 증정] 종근당건강 올앳미 비타콜라겐 저분자 콜라겐 펩타이드 30포, 2개 / 100포+100포 어린 저분자 피쉬콜라겐 실속형 500달톤 1500mg 비타민C 순수식품",,,,2026-09-30,,조회 결과의 확인 실패 사유; 전체 시장 판매 부재 아님
ing_418fccaa0787b210,엘라스틴,미확인,식품 판매 근거 부족,광고·비식품·식품인지 불명확한 결과만 확인,엘라스틴,104,[두피손상케어/생화향]엘라스틴 시그니처 두피&손상 클리닉 약산성 샴푸 1000ml 2개 / [대용량/윤기코팅]엘라스틴 실크리페어 골드실크 오리지널 샴푸 1200ml 1개+1개 / [영양]엘라스틴 프로폴리테라 트리트먼트 300ml 1개,,,,2026-09-30,,조회 결과의 확인 실패 사유; 전체 시장 판매 부재 아님
ing_ac63d7ab8af230d9,리포조말비타민C,미확인,판매경로 근거 부족,허용 판매처의 직접 상품 주소 확인 안 됨,리포조말비타민C,78,"[6개월]고려은단 리포조말비타민C 60캡슐X3 / [손흥민 PICK] 하루틴 리포좀 비타민C 30정, 3개 / 종근당 비타듀오 리포좀 비타민C 30정, 4개",,,,2026-09-30,,조회 결과의 확인 실패 사유; 전체 시장 판매 부재 아님
ing_da8bf2f94b81efc5,발효식초,미확인,식품 판매 근거 부족,광고·비식품·식품인지 불명확한 결과만 확인,발효식초,102,"[2병] 닥터린 유기농 레드와인 비니거 100 300ml 발효식초 / 브래그 유기농 애사비 애플사이다비니거 사과식초 혈당 스파이크 다이어트 946ml, 2개 / 어니스트 100% 유기농 코코넛 초모 발효식초 500ml, 1개",,,,2026-09-30,,조회 결과의 확인 실패 사유; 전체 시장 판매 부재 아님
ing_ab5769a379aea8a3,단백질바,미확인,식품 판매 근거 부족,광고·비식품·식품인지 불명확한 결과만 확인,단백질바,101,"프로티원 저당 단백질바 2종 10개 / 켈로그 단백질바K 50g 9개입 450g, 2개 / 고려은단 밸런스케어 에너지바 저당 30G 12개입, 3개",,,,2026-09-30,,조회 결과의 확인 실패 사유; 전체 시장 판매 부재 아님
ing_e90f1fa6b977b420,귀리,미확인,식품 판매 근거 부족,광고·비식품·식품인지 불명확한 결과만 확인,귀리,99,2026년산 국산 귀리 2kg 무농약 귀리 선택가능 / [농할쿠폰] 국산 귀리 5kg 귀리쌀 / 2025년 햇곡 캐나다산 수입 귀리 10kg (5kgX2봉),,,,2026-09-30,,조회 결과의 확인 실패 사유; 전체 시장 판매 부재 아님
ing_36239d8e1840cdbe,렌틸콩,미확인,판매경로 근거 부족,허용 판매처의 직접 상품 주소 확인 안 됨,렌틸콩,99,갈색 렌틸콩 5kg 브라운 렌즈콩 / 한끼농산 병아리콩 5kg 2025년산 렌틸콩 강낭콩 귀리 / 2025년산 병아리콩 5kg 렌틸콩 귀리,,,,2026-09-30,,조회 결과의 확인 실패 사유; 전체 시장 판매 부재 아님
ing_ade8b7b5790ae97a,견과류,미확인,식품 판매 근거 부족,광고·비식품·식품인지 불명확한 결과만 확인,견과류,103,"넛츠피아 견과류 하루견과 100봉 세트 믹스 / 한줌견과 요거트 견과 60봉 낱봉 간식 너츠브라더 / [30봉] 우고래빗 하루견과 올웨이즈 오리지널 견과류 선물세트 매일 한줌견과 20g, 30개",,,,2026-09-30,,조회 결과의 확인 실패 사유; 전체 시장 판매 부재 아님
ing_dc36000abbd8d7a4,AP 콜라겐 효소분해 펩타이드,미확인,등록명·별칭 일치 안 됨,수집된 상위 상품명에서 등록 기본명 직접 일치 확인 못함,AP 콜라겐 효소분해 펩타이드,59,"바이탈뷰티 슈퍼콜라겐 28병 / 코오롱제약 프리미엄 저분자 피쉬 콜라겐 30p, 60g, 1개 / 저분자 피쉬콜라겐 펩타이드 100%, 60g, 1개",,,,2026-09-30,,조회 결과의 확인 실패 사유; 전체 시장 판매 부재 아님
ing_839ccc5428eb420f,APIC 대두배아열수추출물 등 복합물,미확인,등록명·별칭 일치 안 됨,수집된 상위 상품명에서 등록 기본명 직접 일치 확인 못함,APIC 대두배아열수추출물 등 복합물,60,"로즈마리 추출물 등복합물 마리골드 효능 60정 30g, 2개 / 특허 받은 황기추출물 등 복합물로 만들어 어린이 성장에 도움을 주는 동아제약 프롬팜 하이키 챔피언 60포 약국 판매용 신제품 / 닥터놀로지 킬로우핏 다이어트신소재 체지방감소 레몬버베나추출물 등 복합물 21g, 2개",,,,2026-09-30,,조회 결과의 확인 실패 사유; 전체 시장 판매 부재 아님
ing_e4294ae330bf55b9,Akkermansia muciniphila EB-AMDK19 열처리배양건조물,미확인,등록명·별칭 일치 안 됨,수집된 상위 상품명에서 등록 기본명 직접 일치 확인 못함,Akkermansia muciniphila EB-AMDK19 열처리배양건조물,43,"내추럴파운데이션 아커만시아 아카만시아 에케르만시아 뮤니시필라 1억 유산균 240정, 1개 / 아커만시아 GLP-1 유사체 유산균 뮤시니필라 60캡슐 GLP1 지엘피원유산균, 1개, 60정 / 누오 아커젠 아커만시아 아커지아, 1박스, 20회분",,,,2026-09-30,,조회 결과의 확인 실패 사유; 전체 시장 판매 부재 아님
ing_0321e30d0be4bcba,B.breve IDCC 4401(BBR4401) 열처리배양건조물,미확인,등록명·별칭 일치 안 됨,수집된 상위 상품명에서 등록 기본명 직접 일치 확인 못함,B.breve IDCC 4401 열처리배양건조물,21,"지큐랩 콜레스테롤 솔루션 30캡슐 / 미미네아쿠아 TC 무균조직배양 노치도메 / 일동제약 지큐랩 콜레스테롤 BBR 700억 30캡슐, 450mgX30캡슐 1개, 1개, 30회분",,,,2026-09-30,,조회 결과의 확인 실패 사유; 전체 시장 판매 부재 아님
ing_af00e16a59d3353d,BT-11원지추출분말,미확인,등록명·별칭 일치 안 됨,수집된 상위 상품명에서 등록 기본명 직접 일치 확인 못함,BT-11원지추출분말,35,"고려은단 메가도스C 비타민C 3000mg X 100포 (300g), 2개 / 김소형 김소영 다이어트&유산균 가르니시아 가르시니아 장건강 체지방관리 가루 분말 28포 / 종근당 벤비티 비오틴 500mg x 90정",,,,2026-09-30,,조회 결과의 확인 실패 사유; 전체 시장 판매 부재 아님
ing_395a5ed31888cbf5,Bacillus coagulans SNZ 1969 프로바이오틱스,미확인,해당없음(원료),동일명 C003 신고 섭취방법에 제조 원료 사용 명시,Bacillus coagulans SNZ 1969 프로바이오틱스,66,"해외쏜리서치 바실루스 코아귤런스 프로바이오틱 60캡슐, 포자 유산균 / 해외예민한 장을 위한 토양기반 soil based - Bacillus Coagulans 유산균 10억CFU 90캡슐 Biomed / 해외스완슨 바실러스 코아귤런스 Bacillus Coagulans 60억 CFU 60베지캡슐",20040017059311,건강기능식품 원료로 사용,18759,2026-09-30,2026-09-29,소비자 완제품 판매칸 해당없음; 원료 B2B·함유제품 판매 부재 아님
ing_76518ca7941559df,Bacillus coagulans Unique IS-2 프로바이오틱스,미확인,등록명·별칭 일치 안 됨,수집된 상위 상품명에서 등록 기본명 직접 일치 확인 못함,Bacillus coagulans Unique IS-2 프로바이오틱스,58,"해외프리바이오틱스 유산균 BONE 프로바이오틱스 BS 연구된 바실러스 코아귤란스 유니크 이즈2 저FODMAP 글루텐 프리 제3자 검증 30 캡슐 / 웰러스 폴리시아 프롤린 모유유래유산균 1개월분 락토바실러스 3종 신바이오틱스, 60g, 1개 / 비타할로 프리바이오틱스, 5g, 30개",,,,2026-09-30,,조회 결과의 확인 실패 사유; 전체 시장 판매 부재 아님
ing_010ef18dbba7fd54,Bifidobacterium breve B-3 프로바이오틱스,미확인,등록명·별칭 일치 안 됨,수집된 상위 상품명에서 등록 기본명 직접 일치 확인 못함,Bifidobacterium breve B-3 프로바이오틱스,59,해외가든오브라이프 닥터 포뮬레이티드 500억 프로바이오틱스 원스데일리 우먼 30정 베지캡슐 / 해외가든오브라이프 남성 유산균 500억 30베지캡슐 락토바실러스 캐시아이 Lactobacillus brevis fermentum Bifidobacterium breve / 해외비타매틱 비피도박테리움 브레브 DR캡슐 당 10B 60개 다이제스트 프리바이오틱스 유산균 이눌린 섬유Vitamatic Bifidobacterium Breve DR Capsules,,,,2026-09-30,,조회 결과의 확인 실패 사유; 전체 시장 판매 부재 아님
ing_2fd91ed810e79ece,CJ저분자콜라겐펩타이드,미확인,등록명·별칭 일치 안 됨,수집된 상위 상품명에서 등록 기본명 직접 일치 확인 못함,CJ저분자콜라겐펩타이드,63,"CJ 이너비 먹는 PDRN 리즈 저분자피쉬콜라겐 히알루론산 뮤신 스틱젤리 14포, 3개 / CJ 이너비 먹는 PDRN 리즈 저분자피쉬콜라겐 히알루론산 뮤신 스틱젤리 14포, 2개 / 이너비 글로우 콜렉티브 콜라겐 930mg 84정, 5개",,,,2026-09-30,,조회 결과의 확인 실패 사유; 전체 시장 판매 부재 아님
ing_1d0f4fc502fb5af2,CMO 함유 FAC(Fatty Acid Complex),미확인,상표·균주·제품코드 불일치,일반명은 나오지만 등록된 고유 표기 미확인,CMO 함유 FAC,46,"인큐텐 관절엔 조인트 큐 500mg x120캡슐 CMO 함유 FAC 상어연골, MSM / 조인트시스템 관절건강 관절영양제 혈행개선 한미양행제조 차병원임상 CMO함유FAC 아연 DHA,EPA / 해외데바 비건 글루코사민 MSM CMO 강황 함유 90정",,,,2026-09-30,,조회 결과의 확인 실패 사유; 전체 시장 판매 부재 아님
ing_ca9a130e2d3234f1,CaHMB(Calcium β-Hydroxy-β-methylbutyrate),미확인,등록명·별칭 일치 안 됨,수집된 상위 상품명에서 등록 기본명 직접 일치 확인 못함,CaHMB,55,"사조 캠프앤하우스 킬바사, 180g, 1개 / 카밀 핸드크림 자몽, 75ml, 1개 / BIKANO Natkhat Nimbu (Snack) 비카노 나트카트 님부 (과자), 1개, 125g",,,,2026-09-30,,조회 결과의 확인 실패 사유; 전체 시장 판매 부재 아님
ing_80891717cf315934,Collactive 콜라겐펩타이드,미확인,등록명·별칭 일치 안 됨,수집된 상위 상품명에서 등록 기본명 직접 일치 확인 못함,Collactive 콜라겐펩타이드,60,"[+비타민 구미젤리 증정] 종근당건강 올앳미 비타콜라겐 저분자 콜라겐 펩타이드 30포, 2개 / [네이버단독] 뉴트리 에버콜라겐 타임비오틴업 3개월분+10일 GPH 저분자 트리 펩타이드 / 절대콜라겐 프랑스 저분자 피쉬 콜라겐 펩타이드 어류 어린 가루 오리지널 150g",,,,2026-09-30,,조회 결과의 확인 실패 사유; 전체 시장 판매 부재 아님
ing_293a007c32c3f195,Enterococcus faecalis FK-23 효소 및 가열처리 분말(LFK),미확인,등록명·별칭 일치 안 됨,수집된 상위 상품명에서 등록 기본명 직접 일치 확인 못함,Enterococcus faecalis FK-23 효소 및 가열처리 분말,54,"특허성분 니코랩 니코뮨 TF-343, 1박스, 30정 / 자연속 하루 효소 곡물 발효 효소 유산균 45종, 90g, 1개 / 누구나건강 식약처인증 이탈리아 프리미엄 파로효소, 1개, 90g",,,,2026-09-30,,조회 결과의 확인 실패 사유; 전체 시장 판매 부재 아님
ing_1a279b0076f90407,INM176(참당귀 주정추출분말),미확인,등록명·별칭 일치 안 됨,수집된 상위 상품명에서 등록 기본명 직접 일치 확인 못함,INM176,58,"비타바이브 스파이크 디펜스 식후 혈당케어 영양제 관리 필름 바나바잎 30매, 1개 / 해외칼트레이트 칼슘 비타민D 176정 caltrate plus / 해외칼트레이트 칼슘 600mg 비타민D 미네랄 176정 Caltrate Plus",,,,2026-09-30,,조회 결과의 확인 실패 사유; 전체 시장 판매 부재 아님
ing_271acc806bdc665b,L-arabinose,미확인,등록명·별칭 일치 안 됨,수집된 상위 상품명에서 등록 기본명 직접 일치 확인 못함,L-arabinose,45,"L아라비노스 오리지널 파우더 설탕 대체제 100g 353온즈 Sweet Cures, L아라비노스 오리지널 파우더 설탕 대체제 100g 35 / [유통기한 임박특가] 아르기닌6300 (1box), 10개, 22g / 올바른건강식품 액티브 아르기닌 7000 오르니틴 타우린 15p, 300g, 1개",,,,2026-09-30,,조회 결과의 확인 실패 사유; 전체 시장 판매 부재 아님
ing_e144a7f52498649e,L-글루타민산 유래 GABA 함유 분말,미확인,등록명·별칭 일치 안 됨,수집된 상위 상품명에서 등록 기본명 직접 일치 확인 못함,L-글루타민산 유래 GABA 함유 분말,37,"한미양행 식물성 멜라토닌 멜라치오 90정 코스트코 수면영양제 수면보조 / 이든 L-글루타민산나트륨 MSG 1kg 감미료, 1개 / 탑푸드(최상의식품) 글리신100% 파우더 아미노산 Glycine 식품원료 분말, 1개, 100g",,,,2026-09-30,,조회 결과의 확인 실패 사유; 전체 시장 판매 부재 아님
ing_dddbeb49b4c51858,L-글루탐산발효 가바분말(기능성원료인정제2022-19호),미확인,등록명·별칭 일치 안 됨,수집된 상위 상품명에서 등록 기본명 직접 일치 확인 못함,L-글루탐산발효 가바분말,49,멜라토닌 나이트러버 타우린 글리신 L-테아닌 GABA 가바 라이프러버 3박스 / 셀핀다 발효 가바 1500mg 순도 백프로 무첨가 안전한 김치 유산균 효소 공법 / 바이탈라이즈 순수가바250 60포 김치유산균 발효공법,,,,2026-09-30,,조회 결과의 확인 실패 사유; 전체 시장 판매 부재 아님
ing_8cfc2fab777e8b88,L. curvatus HY7601와 L. plantarum KY1032의 프로바이오틱스 복합물,미확인,해당없음(원료),동일명 C003 신고 섭취방법에 제조 원료 사용 명시,L. curvatus HY7601와 L. plantarum KY1032의 프로바이오틱스 복합물,56,"CJ웰케어 바이오 코어 다이어트 유산균 14.4g 30캡슐 / HY 한국야쿠르트 장케어 갓비움 애플민트, 230ml, 1개 / 헬로바이오 생유산균 19 프로바이오틱스 7.5g, 1개, 30정",2014001710716,건강기능식품 원료로 사용,11307,2026-09-30,2026-09-29,소비자 완제품 판매칸 해당없음; 원료 B2B·함유제품 판매 부재 아님
ing_6beb25dc4f921f35,L. mucosae NK41과 B. longum NK46의 프로바이오틱스 복합물(NVP-2106),미확인,해당없음(원료),동일명 C003 신고 섭취방법에 제조 원료 사용 명시,L. mucosae NK41과 B. longum NK46의 프로바이오틱스 복합물,18,"이너리움 갈라 431 네오고스 GALA431, 1개, 60정 / 여에스더 장뇌유산균 NK4146 6박스, 6세트, 30회분 / 더빠른 면역강화 4중복합 PGA-K 피지에이폴리 1개월분 성모병원임상 NK세포활성 폴리감마글루탐산칼륨 식약처인증, 600g, 4개",20140017002657,건강기능식품 원료로 사용 / L. mucosae NK41과 B.longum NK46의 프로바이오틱스 복합물(NVP- 2106)로서 100억 CFU/일,18959,2026-09-30,2026-09-29,소비자 완제품 판매칸 해당없음; 원료 B2B·함유제품 판매 부재 아님
ing_4969545414232ff9,L. plantarum LC27과 B. longum LC67의 프로바이오틱스 복합물(NVP-1702),미확인,등록명·별칭 일치 안 됨,수집된 상위 상품명에서 등록 기본명 직접 일치 확인 못함,L. plantarum LC27과 B. longum LC67의 프로바이오틱스 복합물,54,"종근당 락토핏 코어맥스 생유산균 프로바이오틱스 + 트러플 비건 비누, 20g, 1개 / 헬로바이오 생유산균 19 프로바이오틱스 7.5g, 1개, 30정 / 프로바이오틱스 프리 비 바이오틱스 엔알 17 종 락토핏 유산균 분말 가루 고함량 맥스 100 % 식약청 HACCP 인증 억 보장 유산균, 1개, 30회분",,,,2026-09-30,,조회 결과의 확인 실패 사유; 전체 시장 판매 부재 아님
ing_154c1e462909a46b,L.plantarum IM76과 B.longum IM55 복합물(NVP1703),미확인,등록명·별칭 일치 안 됨,수집된 상위 상품명에서 등록 기본명 직접 일치 확인 못함,L.plantarum IM76과 B.longum IM55 복합물,60,"헬로바이오 생유산균 19 프로바이오틱스 7.5g, 1개, 30정 / [코오롱제약] 장건강엔 프로바이오틱스. 17종 생유산균 1억 CFU 함유. 속편한 장 케어! 하루 한포 건강 루틴, 1개, 30회분 / 프로바이오틱스 프리 비 바이오틱스 엔알 17 종 락토핏 유산균 분말 가루 고함량 맥스 100 % 식약청 HACCP 인증 억 보장 유산균, 1개, 30회분",,,,2026-09-30,,조회 결과의 확인 실패 사유; 전체 시장 판매 부재 아님
ing_2c1a6b674fca559e,Lacticaseibacillus paracasei subsp. paracasei 327(K-1) 열처리배양건조물(제2025-43호,미확인,등록명·별칭 일치 안 됨,수집된 상위 상품명에서 등록 기본명 직접 일치 확인 못함,Lacticaseibacillus paracasei subsp. paracasei 327 열처리배양건조물(제2025-43호,53,"비타할로 프리바이오틱스, 5g, 30개 / 웰러스 폴리시아 프롤린 모유유래유산균 1개월분 락토바실러스 3종 신바이오틱스, 60g, 1개 / 한미양행 낙산균을 채우다 15g, 30정, 1개",,,,2026-09-30,,조회 결과의 확인 실패 사유; 전체 시장 판매 부재 아님
ing_a50401c20d145021,Lacticaseibacillus rhamnosus IDCC3201 열처리배양건조물(RHT3201®),미확인,등록명·별칭 일치 안 됨,수집된 상위 상품명에서 등록 기본명 직접 일치 확인 못함,Lacticaseibacillus rhamnosus IDCC3201 열처리배양건조물,74,"낙산균 프리미엄S 프로바이오틱스 유산균 2g 30포, 1박스 / 데일리원 람노서스 이브 60캡슐 / 유사나 프로바이오틱 14포",,,,2026-09-30,,조회 결과의 확인 실패 사유; 전체 시장 판매 부재 아님
ing_ba5cf836b31fe6fc,Lactiplantibacillus plantarum ATG-K2 프로바이오틱스,미확인,등록명·별칭 일치 안 됨,수집된 상위 상품명에서 등록 기본명 직접 일치 확인 못함,Lactiplantibacillus plantarum ATG-K2 프로바이오틱스,67,비타민마을 콜린 미오 이노시톨 4000 플래티넘 5g 30포 / 네이처스플러스 Animal Parade Gold 어린이용 츄어블 종합비타민 오렌지맛 120캡슐 / 네이처스플러스 Animal Parade Gold 어린이용 츄어블 종합비타민 체리맛 60캡슐,,,,2026-09-30,,조회 결과의 확인 실패 사유; 전체 시장 판매 부재 아님
ing_f5742d2cd02c43b6,Lactiplantibacillus plantarum HAC01 프로바이오틱스,미확인,등록명·별칭 일치 안 됨,수집된 상위 상품명에서 등록 기본명 직접 일치 확인 못함,Lactiplantibacillus plantarum HAC01 프로바이오틱스,66,"[에이투젠] 혈당유산균 HAC01 당화혈색소 혈당케어 개발사 30캡슐, 1개 / 유한양행 당큐락 당화혈색소 혈당유산균 HAC01 선물세트(2개월분) / [+선크림 증정] 유한양행 당큐락 이지 혈당유산균 당화혈색소 HAC01 14포, 1개",,,,2026-09-30,,조회 결과의 확인 실패 사유; 전체 시장 판매 부재 아님
ing_3309ffe686b6008e,Lactiplantibacillus plantarum LMT1-48 프로바이오틱스,미확인,등록명·별칭 일치 안 됨,수집된 상위 상품명에서 등록 기본명 직접 일치 확인 못함,Lactiplantibacillus plantarum LMT1-48 프로바이오틱스,65,"락티플랜500mg 30캡슐, 3개 / 비타민마을 콜린 미오 이노시톨 4000 플래티넘 5g 30포 / 네이처스플러스 Animal Parade Gold 어린이용 츄어블 종합비타민 오렌지맛 120캡슐",,,,2026-09-30,,조회 결과의 확인 실패 사유; 전체 시장 판매 부재 아님
ing_2421f874d2978807,Lactiplantibacillus plantarum PBS067 등 프로바이오틱스 복합물(PBS),미확인,등록명·별칭 일치 안 됨,수집된 상위 상품명에서 등록 기본명 직접 일치 확인 못함,Lactiplantibacillus plantarum PBS067 등 프로바이오틱스 복합물,65,비타민마을 콜린 미오 이노시톨 4000 플래티넘 5g 30포 / 네이처스플러스 Animal Parade Gold 어린이용 츄어블 종합비타민 오렌지맛 120캡슐 / 네이처스플러스 Animal Parade Gold 어린이용 츄어블 종합비타민 체리맛 60캡슐,,,,2026-09-30,,조회 결과의 확인 실패 사유; 전체 시장 판매 부재 아님
ing_eeb20424070821ad,Lactiplantibacillus plantarum Q180,미확인,등록명·별칭 일치 안 됨,수집된 상위 상품명에서 등록 기본명 직접 일치 확인 못함,Lactiplantibacillus plantarum Q180,61,비타민마을 콜린 미오 이노시톨 4000 플래티넘 5g 30포 / 네이처스플러스 Animal Parade Gold 어린이용 츄어블 종합비타민 오렌지맛 120캡슐 / 네이처스플러스 Animal Parade Gold 어린이용 츄어블 종합비타민 체리맛 60캡슐,,,,2026-09-30,,조회 결과의 확인 실패 사유; 전체 시장 판매 부재 아님
ing_ecac0b0300b38b6f,Lactiplantibacillus plantarum TWK10 프로바이오틱스,미확인,등록명·별칭 일치 안 됨,수집된 상위 상품명에서 등록 기본명 직접 일치 확인 못함,Lactiplantibacillus plantarum TWK10 프로바이오틱스,66,"[유한양행] 유한 특허받은 운동부스터 생유산균(TWK-10) 20포, 1개 / 해외나우푸드 프로바이오틱-10 500억 50베지캡슐 Lactobacillus acidophilus plantarum casei Bifidobacterium breve / 해외스완슨 L. 플랜타룸 프로바이오틱스 유산균 100억 CFU 베지테리안 엠보캡슐 30캡슐 AP Swanson Plantarum Probiotic 10 Billion 30 Vegan",,,,2026-09-30,,조회 결과의 확인 실패 사유; 전체 시장 판매 부재 아님
ing_aeebd5b3c379bc1e,Lactobacillus acidophilus YT1(HU038),미확인,등록명·별칭 일치 안 됨,수집된 상위 상품명에서 등록 기본명 직접 일치 확인 못함,Lactobacillus acidophilus YT1,60,해외가든오브라이프 원스 데일리 울트라 유산균 900억 30베지캡슐 락토바실러스 Lactobacillus plantarum acidophilus Bifidobacterium 캐시아이 / 해외나우푸드 80억 애시도필러스 & 비피더스 120베지캡슐 / 해외Integrative 인터그라티브 유산균 프로바이오틱스90정 Probiotic Pearls Lactobacillus Acidophilus,,,,2026-09-30,,조회 결과의 확인 실패 사유; 전체 시장 판매 부재 아님
ing_c066abb673c99774,Lactobacillus gasseri BNR17,미확인,등록명·별칭 일치 안 됨,수집된 상위 상품명에서 등록 기본명 직접 일치 확인 못함,Lactobacillus gasseri BNR17,56,비에날씬 프로 다이어트 유산균 BNR17 30캡슐 / 비에날씬 다이어트 유산균 BNR17 60캡슐 / 비에날씬 플러스 다이어트 유산균 BNR17 30포,,,,2026-09-30,,조회 결과의 확인 실패 사유; 전체 시장 판매 부재 아님
ing_3fcec163e616f00b,Lactobacillus plantarum C29 프로바이오틱스와 발효대두분말의 복합물(DW2009),미확인,등록명·별칭 일치 안 됨,수집된 상위 상품명에서 등록 기본명 직접 일치 확인 못함,Lactobacillus plantarum C29 프로바이오틱스와 발효대두분말의 복합물,62,네이처스플러스 Animal Parade Gold 어린이용 츄어블 종합비타민 오렌지맛 120캡슐 / 네이처스플러스 Animal Parade Gold 어린이용 츄어블 종합비타민 체리맛 60캡슐 / 에이치브이엘 가든오브라이프 Dr. Formulated 케토 MCT 파우더 300g,,,,2026-09-30,,조회 결과의 확인 실패 사유; 전체 시장 판매 부재 아님
ing_b141b3ac629e9544,Lactobacillus sakei Probio65,미확인,등록명·별칭 일치 안 됨,수집된 상위 상품명에서 등록 기본명 직접 일치 확인 못함,Lactobacillus sakei Probio65,61,"해외캘리포니아골드뉴트리션 락토비프 프로바이오틱 유산균 650억 CFU 30캡슐, 2개 / 해외캘리포니아골드뉴트리션 CGN 크랜맥스 락토비프 프로바이오틱스 250억 CFU 30정 / 해외나우푸드 80억 비피더스 유산균 애시도필러스 60정 2개",,,,2026-09-30,,조회 결과의 확인 실패 사유; 전체 시장 판매 부재 아님
ing_186a8c747f05b692,Latilactobacillus curvatus LB-P9 프로바이오틱스,미확인,등록명·별칭 일치 안 됨,수집된 상위 상품명에서 등록 기본명 직접 일치 확인 못함,Latilactobacillus curvatus LB-P9 프로바이오틱스,62,"[+멤버십 10% 적립] 유한양행 모큐락 모발유산균 모발 머리카락 LB-P9 30캡슐, 4개 / 유한양행 모큐락플러스 영양제 LB-P9 50억 모발 유산균 28캡슐, 3개 / [약사설계] 모발 유산균 LB-P9 머릿결 헤어 머리카락 탄력 관리 80캡슐, 2개",,,,2026-09-30,,조회 결과의 확인 실패 사유; 전체 시장 판매 부재 아님
ing_f57ca0a3b52dcec5,Latilactobacillus sakei LB-P12 프로바이오틱스,미확인,등록명·별칭 일치 안 됨,수집된 상위 상품명에서 등록 기본명 직접 일치 확인 못함,Latilactobacillus sakei LB-P12 프로바이오틱스,55,"삼진제약 위시헬씨 진정피부 100억 유산균 30캡슐 / 웰러스 폴리시아 프로바이오틱스 1개월분, 1개, 2g / 프로바이오틱스 프리 비 바이오틱스 엔알 17 종 락토핏 유산균 분말 가루 고함량 맥스 100 % 식약청 HACCP 인증 억 보장 유산균, 1개, 30회분",,,,2026-09-30,,조회 결과의 확인 실패 사유; 전체 시장 판매 부재 아님
ing_865b15b4a0108207,MR-10 민들레등복합추출물,미확인,등록명·별칭 일치 안 됨,수집된 상위 상품명에서 등록 기본명 직접 일치 확인 못함,MR-10 민들레등복합추출물,99,"내츄럴플러스 체지방케어 다이어트 앤 유산균 / 녹차추출물 카테킨 30캡슐, 1개 / 종근당 간건강 슈퍼케어 밀크씨슬 4박스(4개월분) 아연 비타민B 나이아신 / 해외캘리포니아골드뉴트리션 실리마린 복합체 민들레 아티초크 커큐민 C3 컴플렉스 밀크시슬 추출물 베지캡슐 360정",,,,2026-09-30,,조회 결과의 확인 실패 사유; 전체 시장 판매 부재 아님
ing_b0e049cffc4821f2,MS-10 엉겅퀴등복합추출물,미확인,등록명·별칭 일치 안 됨,수집된 상위 상품명에서 등록 기본명 직접 일치 확인 못함,MS-10 엉겅퀴등복합추출물,104,밀크씨슬 실리마린 5박스 총 150정 5개월분 엉겅퀴 판토텐산 아연 나이아신 순수식품 / 종근당 간건강 슈퍼케어 밀크씨슬 4박스(4개월분) 아연 비타민B 나이아신 / 해외쏜리서치 SAT 60캡슐,,,,2026-09-30,,조회 결과의 확인 실패 사유; 전체 시장 판매 부재 아님
ing_022b8fe982f59d8d,Nopal 추출물,미확인,등록명·별칭 일치 안 됨,수집된 상위 상품명에서 등록 기본명 직접 일치 확인 못함,Nopal 추출물,48,"녹십자웰빙 PNT 베르베린 500mg 매자나무추출물 여주추출물 60정, 2개 / 해외쏜리서치 베르베린 1000mg 60캡슐 고순도 HCI / 고려은단 루테인 지아잔틴 아스타잔틴 60캡슐, 3개 (6개월분)",,,,2026-09-30,,조회 결과의 확인 실패 사유; 전체 시장 판매 부재 아님
ing_ccdffa141352df1c,PME-88 메론추출물,미확인,등록명·별칭 일치 안 됨,수집된 상위 상품명에서 등록 기본명 직접 일치 확인 못함,PME-88 메론추출물,53,"혈관팔팔 칸탈로프멜론 SOD 혈행개선 피부건강 PME88 250IU 산화스트레스 케어 60정 30일분, 6박스 / 식물성 멜라토닌 함유 멜라토8 10정, 1개, 10회분 / 루미엘아로마 매화 추출물 고농축 원액 100ml, 1개",,,,2026-09-30,,조회 결과의 확인 실패 사유; 전체 시장 판매 부재 아님
ing_1dd55c4f18a16b35,PMO 참밀알부민,미확인,등록명·별칭 일치 안 됨,수집된 상위 상품명에서 등록 기본명 직접 일치 확인 못함,PMO 참밀알부민,93,캐리어 에어로 18단 CPV-Q231PMO / PMO AURORA 80 유무선 기계식 / 캐리어 에어로 18단 CPV-Q233PMO,,,,2026-09-30,,조회 결과의 확인 실패 사유; 전체 시장 판매 부재 아님
ing_cfa42e38cec62606,Weissella cibaria JW15 프로바이오틱스,미확인,해당없음(원료),동일명 C003 신고 섭취방법에 제조 원료 사용 명시,Weissella cibaria JW15 프로바이오틱스,54,"헬로바이오 생유산균 19 프로바이오틱스 7.5g, 1개, 30정 / 21세기센트리 애시도필러스 프로바이오틱 블렌드 10억 캡슐, 150정, 1개 / 웰러스 폴리시아 프롤린 모유유래유산균 1개월분 락토바실러스 3종 신바이오틱스, 60g, 1개",2017278201631,식품 및 건강기능식품의 원료로 사용,4306,2026-09-30,2026-09-29,소비자 완제품 판매칸 해당없음; 원료 B2B·함유제품 판매 부재 아님
ing_275661a55abf7494,가다랑어 엘라스틴 펩타이드(VGPG Elastin®),미확인,등록명·별칭 일치 안 됨,수집된 상위 상품명에서 등록 기본명 직접 일치 확인 못함,가다랑어 엘라스틴 펩타이드,63,"여에스더 엘라스틴 슈퍼 액티브 2.0 1박스 2주분 가다랑어 엘라스틱 펩타이드 바이오틴 / 에스더포뮬러 여에스더 엘라스틴 슈퍼액티브 2.0 2박스 (28정) 홈쇼핑 동일제품 / 200달톤 콜라겐 저분자 어린콜라겐 초저분자 트리펩타이드 비오틴 효능 180포, 1개",,,,2026-09-30,,조회 결과의 확인 실패 사유; 전체 시장 판매 부재 아님
ing_dec0ee1743f1d2cc,가시오가피숙지황복합추출물,미확인,해당없음(원료),동일명 C003 신고 섭취방법에 제조 원료 사용 명시,가시오가피숙지황복합추출물,55,"오스코텍 포스트플랜트 120정 / 강일건어물 가시오가피 가시오가피차 120g, 1개, 1개입 / 믿을수 있는 우리 농산물 가시오가피 1묶음, 1개, 400g",200700170337,건강기능식품 원료로 사용,20021,2026-09-30,2026-09-29,소비자 완제품 판매칸 해당없음; 원료 B2B·함유제품 판매 부재 아님
ing_700a8ecf705283ee,가시오갈피등복합추출물,미확인,등록명·별칭 일치 안 됨,수집된 상위 상품명에서 등록 기본명 직접 일치 확인 못함,가시오갈피등복합추출물,56,"강일건어물 가시오가피 가시오가피차 120g, 1개, 1개입 / 믿을수 있는 우리 농산물 가시오가피 1묶음, 1개, 400g / 미강착한먹거리 국산 가시오가피 1단 [약 200g 내외], 1개",,,,2026-09-30,,조회 결과의 확인 실패 사유; 전체 시장 판매 부재 아님
ing_bcb0635ff10691e1,가자추출물(Ayuflex®),미확인,상표·균주·제품코드 불일치,일반명은 나오지만 등록된 고유 표기 미확인,가자추출물,50,해외히말라야 가자추출물 트리팔라 90정 캐플릿 Himalaya / 해외코나 네이처 하리타키 가자 추출물 2250mg 120캡슐 2개 / 해외가자추출물 나우푸드 트리팔라 500mg 120정 하리타키 3개묶음,,,,2026-09-30,,조회 결과의 확인 실패 사유; 전체 시장 판매 부재 아님
ing_308b59bb99901de1,가쯔오부시 올리고 펩타이드,미확인,등록명·별칭 일치 안 됨,수집된 상위 상품명에서 등록 기본명 직접 일치 확인 못함,가쯔오부시 올리고 펩타이드,94,이나바 캣 챠오츄르 가다랑어&가츠오부시 4SC-75 56g (14g x 4p) / 미즈칸 쯔유 1.8L / 사조대림 사조 참치액 900ml,,,,2026-09-30,,조회 결과의 확인 실패 사유; 전체 시장 판매 부재 아님
ing_610a2fe86c738f0a,갈락토올리고당 분말(Bimuno® GOS Powder),미확인,상표·균주·제품코드 불일치,일반명은 나오지만 등록된 고유 표기 미확인,갈락토올리고당 분말,64,하이굿 퓨어 FOS 프리바이오틱스 효능 프락토올리고당 혈당 유산균먹이 갈락토올리고당 분말 / 종근당 프리바이오틱스 프락토올리고당 FOS분말 6박스(6개월분) / 하이굿 퓨어 선물세트 FOS 프리바이오틱스 효능 프락토올리고당 혈당 유산균먹이 갈락토올리고당 분말,,,,2026-09-30,,조회 결과의 확인 실패 사유; 전체 시장 판매 부재 아님
ing_452b1754e4d23b88,갈락토올리고당분말(네오고스-P70),미확인,해당없음(원료),동일명 C003 신고 섭취방법에 제조 원료 사용 명시,갈락토올리고당분말,66,하이굿 퓨어 FOS 프리바이오틱스 효능 프락토올리고당 혈당 유산균먹이 갈락토올리고당 분말 / 종근당 프리바이오틱스 프락토올리고당 FOS분말 6박스(6개월분) / 하이굿 퓨어 선물세트 FOS 프리바이오틱스 효능 프락토올리고당 혈당 유산균먹이 갈락토올리고당 분말,2004001601257,건강기능식품 원료로 사용,8296,2026-09-30,2026-09-29,소비자 완제품 판매칸 해당없음; 원료 B2B·함유제품 판매 부재 아님
ing_ca9f21dbe3212311,감국감태추출복합물,미확인,해당없음(원료),동일명 C003 신고 섭취방법에 제조 원료 사용 명시,감국감태추출복합물,62,"그린스토어 기관지 건강엔 기침 가래 감국감태추출복합물 7포 2개 / 그린스토어 기관지 건강엔 기침 가래 감국감태추출복합물 7포 3개 / 그린스토어 감국감태추출복합물 루테올린 글루코사이드 디엑콜 7포, 10개",2004002005041,건강기능식품 원료로 사용,43021,2026-09-30,2026-09-29,소비자 완제품 판매칸 해당없음; 원료 B2B·함유제품 판매 부재 아님
ing_867d6da21e727ac9,감잎주정추출분말,미확인,등록명·별칭 일치 안 됨,수집된 상위 상품명에서 등록 기본명 직접 일치 확인 못함,감잎주정추출분말,52,"[슈퍼적립10%] 종근당 벤비티 이노시톨 맥스 4100 캐롭추출분말 30포, 2개 / [4개월] 닥터린 이노시톨 40:1 미오 D카이로 콜린 엽산 배합 30포, 4개 / 솔티스 간 프로텍션 프로 S2 20정, 3개",,,,2026-09-30,,조회 결과의 확인 실패 사유; 전체 시장 판매 부재 아님
ing_14118176e798e4a1,골드키위유산균발효물(Kiwibiotics®),미확인,해당없음(원료),동일명 C003 신고 섭취방법에 제조 원료 사용 명시,골드키위유산균발효물,63,"올바른 곡물효소 프로바이오틱스 블랙 90포, 2개 / 효소원N 효소 곡물 발효 현미 과립 90포 / 아보카도 활성도 검증효소 유산균 발효 곡물 소화 30포, 1개",2019001431754,식품 및 건강기능식품 원료로 사용,23114,2026-09-30,2026-09-29,소비자 완제품 판매칸 해당없음; 원료 B2B·함유제품 판매 부재 아님
ing_86c04747784532c2,과채유래유산균(L.plantarum CJLP133),미확인,상표·균주·제품코드 불일치,일반명은 나오지만 등록된 고유 표기 미확인,과채유래유산균,64,"BNR17 비에날씬 다이어트 유산균 모유유래 체지방감소 캡슐 60캡슐, 2개 / [4개월분] 락티브 아연 여성 질 유래 유산균 프로바이오틱스 영양제 오은영 30캡슐, 4개 / 구강 유래 잇몸유산균 CMU 오라틱스 30정, 3개",,,,2026-09-30,,조회 결과의 확인 실패 사유; 전체 시장 판매 부재 아님
ing_78610a68eb170fe6,굴가수분해물,미확인,등록명·별칭 일치 안 됨,수집된 상위 상품명에서 등록 기본명 직접 일치 확인 못함,굴가수분해물,58,"딥블루헬스 굴 오이스터 추출물 90정 / 리턴4 리본 난각막 가수분해물 비타민 난각망 난간막 난강막 난각막의 효능, 1개, 60정 / 본초명가 국내산 모려분 고온에 열처리 후 굴껍질분말 600g, 1개",,,,2026-09-30,,조회 결과의 확인 실패 사유; 전체 시장 판매 부재 아님
ing_2f103fe66df5c19b,그린마테추출물,미확인,등록명·별칭 일치 안 됨,수집된 상위 상품명에서 등록 기본명 직접 일치 확인 못함,그린마테추출물,53,"[2개월] 대웅생명과학 녹차카테킨 다이어트 플러스 60정, 1개 / 해외잔트렉스 블루 84캡슐 / 대웅생명과학 가르시니아 플러스 112정, 1개",,,,2026-09-30,,조회 결과의 확인 실패 사유; 전체 시장 판매 부재 아님
ing_c80e654a1c4317c2,그린커피빈주정추출물,미확인,등록명·별칭 일치 안 됨,수집된 상위 상품명에서 등록 기본명 직접 일치 확인 못함,그린커피빈주정추출물,63,"센트룸 타마플렉스 올인원 관절 연골 근육 30정, 1개 / 환인제약 아이리프 감잎주정추출물 눈건조 퍼펙트원 (60정) / 바이웰 국산 미숙여주 추출 분말 주정 여주 추출물 가루 비터멜론 효능기재x 먹는법",,,,2026-09-30,,조회 결과의 확인 실패 사유; 전체 시장 판매 부재 아님
ing_afef278aa10f77bc,글로빈가수분해물,미확인,등록명·별칭 일치 안 됨,수집된 상위 상품명에서 등록 기본명 직접 일치 확인 못함,글로빈가수분해물,62,"종근당 칼슘 앤 마그네슘 비타민D 아연 180정 4병(12개월분)+비타C젤리 오렌지향 2봉 / 종근당건강 관절연골엔 NEM 엔이엠 난각막가수분해물 60캡슐, 1개 / [3개월] 닥터린 순도 98% 송중기 슈퍼 글루타치온 맥스 필름 효능 30매, 3개",,,,2026-09-30,,조회 결과의 확인 실패 사유; 전체 시장 판매 부재 아님
ing_1e93310191473f32,기장밀추출복합물(KeranatTM),미확인,상표·균주·제품코드 불일치,일반명은 나오지만 등록된 고유 표기 미확인,기장밀추출복합물,51,"케라니민 케라니민정 풍성함 케어 솔루션 기장밀추출복합물 비오틴 / 뉴트리코어 헤어그릭스 케라넷 310 mg x 28캡슐 1박스 / H / 기장밀 추출복합물 밀리아신 추출물 효능 30정 18g, 3개",,,,2026-09-30,,조회 결과의 확인 실패 사유; 전체 시장 판매 부재 아님
ing_5955d969a909e22c,까마귀쪽나무 열매 주정추출물,미확인,해당없음(원료),동일명 C003 신고 섭취방법에 제조 원료 사용 명시,까마귀쪽나무 열매 주정추출물,57,"센트룸 타마플렉스 올인원 관절 연골 근육 30정, 1개 / 베르베린 매자나무열매 분말 미숙 여주 추출물 600mg 60정, 1개 / 환인제약 아이리프 감잎주정추출물 눈건조 퍼펙트원 (60정)",2004002002513,건강기능식품 개별인정형 원료로 사용한다.,26208,2026-09-30,2026-09-29,소비자 완제품 판매칸 해당없음; 원료 B2B·함유제품 판매 부재 아님
ing_5d1e17c97ee7c222,깻잎추출물(PF501),미확인,등록명·별칭 일치 안 됨,수집된 상위 상품명에서 등록 기본명 직접 일치 확인 못함,깻잎추출물,55,해외DHC 시소 실유 오일 30일분 알파리놀렌산 일본깻잎 x 2개 / 해외DHC 감차 30일분 GOD폴리페놀 시소깻잎 오일 배합 x 2개 / 해외DHC 감차 30일분 GOD폴리페놀 시소깻잎 오일 배합,,,,2026-09-30,,조회 결과의 확인 실패 사유; 전체 시장 판매 부재 아님
ing_ca256b548266c8b9,꾸지뽕잎추출물,미확인,식품 판매 근거 부족,광고·비식품·식품인지 불명확한 결과만 확인,꾸지뽕잎추출물,62,"빙그레 닥터캡슐 위케어 위장건강 위앤장 꾸지뽕잎추출물 마이크로캡슐 유산균 60캡슐, 2개 / 당당때문에 식후 혈당케어 혈당관리 영양제 바나바잎 꾸지뽕 추출물 30포, 6개 / 당당때문에 식후혈당 관리 바나바잎 여주 꾸지뽕 추출물 약3개월분 공복혈당 수치",,,,2026-09-30,,조회 결과의 확인 실패 사유; 전체 시장 판매 부재 아님
ing_a7ff49d9f2668749,나한과박추출분말,미확인,등록명·별칭 일치 안 됨,수집된 상위 상품명에서 등록 기본명 직접 일치 확인 못함,나한과박추출분말,53,"상림원 무농약 생 들깨가루 200g 껍질째 고운입자 들깨우유 팩 아기 이유식 / 방앗간청년 깊고 고소하게 볶은 국산 검은깨 흑임자가루 500g / 산마을 유기농 간편한 야채톡 동결건조 야채가루 분말 1.5g, 30포, 1개",,,,2026-09-30,,조회 결과의 확인 실패 사유; 전체 시장 판매 부재 아님
ing_5f666a3aaa0dca05,난각막분말,미확인,식품 판매 근거 부족,광고·비식품·식품인지 불명확한 결과만 확인,난각막분말,58,뉴일리 난각막 가수분해물 수용성 분말 정 600mg x 60정 1개월분 구절초 분말함유 / 뉴트리코어 관절엔 DEM 디이엠 프리미엄 1000mg x 30정 / 뉴트리코어 관절엔 DEM 디이엠 난각 30정 1박스 1개월분,,,,2026-09-30,,조회 결과의 확인 실패 사유; 전체 시장 판매 부재 아님
ing_3e7be90f1b08a10e,녹각효소분해추출물HP(NP-2007),미확인,등록명·별칭 일치 안 됨,수집된 상위 상품명에서 등록 기본명 직접 일치 확인 못함,녹각효소분해추출물HP,59,"[소비기한임박상품]영진약품 닥터 플라센 사슴태반 VIP / 케이디팜75%할인 400통한정판매 100% 정품 브로멜라인 파인애플 효소 haccp 인증, 1박스, 60회분 / 바이탈미 난각막 가수분해물 엘라스틴 콘드로이친 보스웰리아 구절초 식약청인증, 1개, 60정",,,,2026-09-30,,조회 결과의 확인 실패 사유; 전체 시장 판매 부재 아님
ing_e15e2dc2e6cba95b,녹용당귀등 복합추출물,미확인,등록명·별칭 일치 안 됨,수집된 상위 상품명에서 등록 기본명 직접 일치 확인 못함,녹용당귀등 복합추출물,62,"대웅생명과학 녹용홍삼 70ml 30포, 1개 / 고함량 뉴질랜드산 숫사슴 녹용 550mg x 120정 녹용복합추출물 99% / 테스론 맨즈 골드 하이리빙 액상차(녹용 당귀 등) 엔트리 2개묶음",,,,2026-09-30,,조회 결과의 확인 실패 사유; 전체 시장 판매 부재 아님
ing_aedbf436f1efbfa6,녹용유산균발효분말,미확인,등록명·별칭 일치 안 됨,수집된 상위 상품명에서 등록 기본명 직접 일치 확인 못함,녹용유산균발효분말,59,풀무원 녹용진 선물세트 3박스 - 유산균 발효 녹용 전지 프리미엄선물 / hy 한국 야쿠르트 녹용 보감 젤리스틱 어린이 청소년 먹기편한 오렌지맛 / 활력 담은 유산균 발효 녹용진 명절 녹용선물세트,,,,2026-09-30,,조회 결과의 확인 실패 사유; 전체 시장 판매 부재 아님
ing_184fbb0164495db2,녹용효소분해추출물(HENKIVⓇ),미확인,등록명·별칭 일치 안 됨,수집된 상위 상품명에서 등록 기본명 직접 일치 확인 못함,녹용효소분해추출물,58,"간식엔 녹용품은 유산균 100g, 1개 / [소비기한임박상품]영진약품 닥터 플라센 사슴태반 VIP / 자연속 하루 효소 곡물 발효 효소 유산균 45종, 90g, 1개",,,,2026-09-30,,조회 결과의 확인 실패 사유; 전체 시장 판매 부재 아님
ing_6cea87cae6e84e8f,다래추출물(PG102),미확인,상표·균주·제품코드 불일치,일반명은 나오지만 등록된 고유 표기 미확인,다래추출물,60,"뉴로랩스 라이티스 포뮬러 90정 다래추출물 아연 퀘르세틴 브로멜라인 영양제 면역력 균형 / 큐비앤 면역밸런스 엔 다래추출물+아연 정제 면역과민반응 개선 120정, 3개 / 맛있는 액상 영양제 큐비앤 면역밸런스엔 다래추출물 키즈 60포, 3개",,,,2026-09-30,,조회 결과의 확인 실패 사유; 전체 시장 판매 부재 아님
ing_6891a96c0855d11f,다이크로스타키스 글로메라타 추출물(Dyglomera®),미확인,상표·균주·제품코드 불일치,일반명은 나오지만 등록된 고유 표기 미확인,다이크로스타키스 글로메라타 추출물,56,해외사노셀 다이크로스타키스 글로메라타 캡슐 3개월분 다이글로메라 / 해외사노셀 다이크로스타키스 글로메라타 100% 분말 6개월분 다이글로메라 / 해외나오미 글로슬림 다이크로스타키스 글로메라타 300mg 30베지캡슐,,,,2026-09-30,,조회 결과의 확인 실패 사유; 전체 시장 판매 부재 아님
ing_3b7ebb54c2ac0258,다이크로스타키스 글로메라타 추출물(DyglomeraⓇ),미확인,상표·균주·제품코드 불일치,일반명은 나오지만 등록된 고유 표기 미확인,다이크로스타키스 글로메라타 추출물,57,해외사노셀 다이크로스타키스 글로메라타 캡슐 3개월분 다이글로메라 / 해외사노셀 다이크로스타키스 글로메라타 100% 분말 6개월분 다이글로메라 / 해외나오미 글로슬림 다이크로스타키스 글로메라타 300mg 30베지캡슐,,,,2026-09-30,,조회 결과의 확인 실패 사유; 전체 시장 판매 부재 아님
ing_11286b49e39d674f,닭가슴연골분말,미확인,등록명·별칭 일치 안 됨,수집된 상위 상품명에서 등록 기본명 직접 일치 확인 못함,닭가슴연골분말,59,"국내산 닭뼈, 1kg, 1개 / 브리더랩 단단본 오리연골&치킨 50g, 1개, 혼합맛(오리/오리연골) / 롤톤 닭고기 육수 분말, 1개, 90g",,,,2026-09-30,,조회 결과의 확인 실패 사유; 전체 시장 판매 부재 아님
ing_5c3e6b330084d717,당귀등추출복합물,미확인,등록명·별칭 일치 안 됨,수집된 상위 상품명에서 등록 기본명 직접 일치 확인 못함,당귀등추출복합물,53,"야채왕 국산 당귀 100g 500g 1kg 중량별, 1개 / 자연의숲 당귀 천연 추출물 재료, 1개 / 대흥한방 당귀 75g 국내산, 1개",,,,2026-09-30,,조회 결과의 확인 실패 사유; 전체 시장 판매 부재 아님
ing_a4e73b91f13def6e,당귤농축분말(ROCH)당귤농축분말,미확인,등록명·별칭 일치 안 됨,수집된 상위 상품명에서 등록 기본명 직접 일치 확인 못함,당귤농축분말 당귤농축분말,41,"스킨 유브이 케어 데일리 비타민 먹는선케어 당귤농축분말 60정, 1개 / 스킨 유브이 케어 데일리 비타민 먹는선케어 당귤농축분말 120정, 2개 / 먹는 레티놀C ROCH 레드오렌지추출물 30정, 1개",,,,2026-09-30,,조회 결과의 확인 실패 사유; 전체 시장 판매 부재 아님
ing_b475cf43e04daae8,당조고추건조분말,미확인,등록명·별칭 일치 안 됨,수집된 상위 상품명에서 등록 기본명 직접 일치 확인 못함,당조고추건조분말,63,"[일양약품 본사] 서클존징코 플러스 120정, 1개 / 옵티 MSM 엠에스엠 순도 99.9 프로 2000mg 관절 연골 건강 60정, 1개 / 유기농 컬리케일 100 동결건조 곱슬케일 분말 가루 폴란드산 30포 30g, 6개",,,,2026-09-30,,조회 결과의 확인 실패 사유; 전체 시장 판매 부재 아님
ing_99b5b2e1a9270a32,대두배아유산균발효물(SE5-OH),미확인,등록명·별칭 일치 안 됨,수집된 상위 상품명에서 등록 기본명 직접 일치 확인 못함,대두배아유산균발효물,63,"효소원N 효소 곡물 발효 현미 과립 90포 / 동화약품 인지력 케어 DW2009 400mg x 60캡슐 1개 / 유산균 발효굴추출분말 GABA 가바 현미배아 발효 추출물 프로바이오틱스 60정, 1개",,,,2026-09-30,,조회 결과의 확인 실패 사유; 전체 시장 판매 부재 아님
ing_a760c6a6584484ab,대두올리고당,미확인,등록명·별칭 일치 안 됨,수집된 상위 상품명에서 등록 기본명 직접 일치 확인 못함,대두올리고당,68,효소원N 효소 곡물 발효 현미 과립 90포 / 대두레시틴 상어연골추출분말 프락토올리고당 타우린 대두레시틴 콘드로이친 2통 / 프리미엄 유단백 추출물 분리유청단백 단백질 보충제 3박스 9개월분 치커리 식이섬유 MBP 식물성 분리대두단백 프락토 올리고당,,,,2026-09-30,,조회 결과의 확인 실패 사유; 전체 시장 판매 부재 아님
ing_f286542254509057,대두추출물등 복합물(메노세라),미확인,등록명·별칭 일치 안 됨,수집된 상위 상품명에서 등록 기본명 직접 일치 확인 못함,대두추출물등 복합물,102,"뉴질랜드 초록 푸른 홍합 초록입홍합 30캡슐 x 3박스 코스트코 그린 머슬 / 애터미 헤모힘 효능 헤모임 해모임 해모힘 성분 20ml x 60포 / 발효 우슬 등복합물 뉴질랜드 초록홍합 초록입홍합 600 70정, 1개",,,,2026-09-30,,조회 결과의 확인 실패 사유; 전체 시장 판매 부재 아님
ing_36610493c1b79d32,댕댕이나무열매(허니베리)추출분말,미확인,등록명·별칭 일치 안 됨,수집된 상위 상품명에서 등록 기본명 직접 일치 확인 못함,댕댕이나무열매 추출분말,51,"스위치온 베르베린 100mg 매자나무열매 분말 30정, 1개 / [일양약품 본사] 서클존징코 플러스 120정, 1개 / 코오롱제약 콘드로이친 상어연골 프리미엄 100 90정, 1개",,,,2026-09-30,,조회 결과의 확인 실패 사유; 전체 시장 판매 부재 아님
ing_d25fe90f50d1f2d0,덖음귤피추출분말(JRC),미확인,해당없음(원료),동일명 C003 신고 섭취방법에 제조 원료 사용 명시,덖음귤피추출분말,52,"[슈퍼적립10%] 종근당 벤비티 이노시톨 맥스 4100 캐롭추출분말 30포, 2개 / [4개월] 닥터린 이노시톨 40:1 미오 D카이로 콜린 엽산 배합 30포, 4개 / 솔티스 간 프로텍션 프로 S2 20정, 3개",2017288021218,건강기능식품 원료로 사용,42924,2026-09-30,2026-09-29,소비자 완제품 판매칸 해당없음; 원료 B2B·함유제품 판매 부재 아님
ing_020df3ba6a702d69,도라지추출물,미확인,식품 판매 근거 부족,광고·비식품·식품인지 불명확한 결과만 확인,도라지추출물,63,맘픽 삼백초 추출물 도라지 배즙분말 국내산 HACCP 인증 2+1박스 / 네오메딕스 보원흡 3박스 3개월분 하루 2정 도라지 맥문동 오미자 삼백초 인삼 20가지 자연성분 네오브레스골드 / 삼백초추출물 삼백초 100% 국내산 올인원 도라지 맥문동 생강 홍삼,,,,2026-09-30,,조회 결과의 확인 실패 사유; 전체 시장 판매 부재 아님
ing_4e83a3801894ad76,돌외잎주정추출분말,미확인,해당없음(원료),동일명 C003 신고 섭취방법에 제조 원료 사용 명시,돌외잎주정추출분말,54,"해외누사퓨어 돌외잎추출물 Jiaogulan 9000mg 180캡슐 2개 / 컬리케일 곱슬케일 버닝핏, 1개, 45정 / 마테추출분말 100g 샘플, 1개, 단품",201000170075,건강기능식품 원료로 사용,20019,2026-09-30,2026-09-29,소비자 완제품 판매칸 해당없음; 원료 B2B·함유제품 판매 부재 아님
ing_223948ca6da17b81,동결건조누에분말,미확인,식품 판매 근거 부족,광고·비식품·식품인지 불명확한 결과만 확인,동결건조누에분말,60,참두리 국산 동결건조누에 냉풍누에 300g / 국산 직접 키운 누에가루 100% 동결건조 누에분말 효능 110g / 국산 누에 분말가루 100% 동결건조 홍잠 110g,,,,2026-09-30,,조회 결과의 확인 실패 사유; 전체 시장 판매 부재 아님
ing_dff78d17a4589b30,동충하초 발효 추출물,미확인,등록명·별칭 일치 안 됨,수집된 상위 상품명에서 등록 기본명 직접 일치 확인 못함,동충하초 발효 추출물,51,"엘포틴 코디 15ml X 15포 [발효동충하초추출물, 엘포틴유산균] 12BOX / 엘포틴 코디 15ml X 15포 [발효동충하초추출물 엘포틴유산균], 15개 / Solaray 솔라레이 발효 동충하초 500mg Cordyceps 60정, 2개",,,,2026-09-30,,조회 결과의 확인 실패 사유; 전체 시장 판매 부재 아님
ing_87750025329f1a35,동충하초 주정추출물,미확인,등록명·별칭 일치 안 됨,수집된 상위 상품명에서 등록 기본명 직접 일치 확인 못함,동충하초 주정추출물,85,"센트룸 타마플렉스 올인원 관절 연골 근육 30정, 1개 / 환인제약 아이리프 감잎주정추출물 눈건조 퍼펙트원 (60정) / 베르베린 매자나무열매 분말 미숙 여주 추출물 600mg 60정, 1개",,,,2026-09-30,,조회 결과의 확인 실패 사유; 전체 시장 판매 부재 아님
ing_536585cfef542591,두충우슬추출복합물(KGC08EA),미확인,해당없음(원료),동일명 C003 신고 섭취방법에 제조 원료 사용 명시,두충우슬추출복합물,60,"두충 우슬 추출 복합물 닭발 환 고함량 국산 / 우슬두충등 복합물정 국산 우슬 식약청인증 HACCP, 1개, 120정 / 우슬두충등 복합물정 국산 우슬 식약청인증 HACCP, 2개, 120정",20040020013421,건강기능식품 원료로 사용,37680,2026-09-30,2026-09-29,소비자 완제품 판매칸 해당없음; 원료 B2B·함유제품 판매 부재 아님
ing_350037360997b8d8,들깨쇠비름혼합추출물,미확인,등록명·별칭 일치 안 됨,수집된 상위 상품명에서 등록 기본명 직접 일치 확인 못함,들깨쇠비름혼합추출물,55,"쇠비름 추출물 마치현 원액, 100ml, 1개 / 네이처소스 무방부제 마치현 쇠비름 추출물 원액, 150g, 1개 / 무방부제 감잎 추출물 원액, 150g, 1개",,,,2026-09-30,,조회 결과의 확인 실패 사유; 전체 시장 판매 부재 아님
ing_c61ad5a1a8488f14,들쭉열매추출분말,미확인,등록명·별칭 일치 안 됨,수집된 상위 상품명에서 등록 기본명 직접 일치 확인 못함,들쭉열매추출분말,51,"[슈퍼적립10%] 종근당 벤비티 이노시톨 맥스 4100 캐롭추출분말 30포, 2개 / [3+1] 머거요 고함량 베르베린 500+ 1일섭취량 500mg 인도 매자나무열매분말 / [4개월] 닥터린 이노시톨 40:1 미오 D카이로 콜린 엽산 배합 30포, 4개",,,,2026-09-30,,조회 결과의 확인 실패 사유; 전체 시장 판매 부재 아님
ing_2858e1d095c99bf3,디글리세라이드 함유유지,미확인,등록명·별칭 일치 안 됨,수집된 상위 상품명에서 등록 기본명 직접 일치 확인 못함,디글리세라이드 함유유지,60,"[6개월] 종근당 마그네슘 플러스 90정, 2개 / [6개월분] 세노비스 마그네슘 90정, 2개 / [3개월] 내츄럴플러스 차태현 전해질 밸런스 칼륨 포타슘 120정, 3개",,,,2026-09-30,,조회 결과의 확인 실패 사유; 전체 시장 판매 부재 아님
ing_685eea8044a4d1a7,락추로스 파우더,미확인,등록명·별칭 일치 안 됨,수집된 상위 상품명에서 등록 기본명 직접 일치 확인 못함,락추로스 파우더,59,"종근당건강 락토핏 생유산균 플러스 듀얼바이오틱스 2g 200포 / 도치퀸 YEE 프로바이오틱 산양유 파우더 햄스터 영양제, 5g, 1개 / 플레타피안통 아가파우더, 1개, 25g",,,,2026-09-30,,조회 결과의 확인 실패 사유; 전체 시장 판매 부재 아님
ing_c164ca703aaf36c8,레몬 밤 추출물 혼합분말,미확인,해당없음(원료),동일명 C003 신고 섭취방법에 제조 원료 사용 명시,레몬 밤 추출물 혼합분말,51,레몬밤 단델리온 국산 민들레 프랑스산 레몬밤추출물 혼합 분말 식약처 HACCP 120g / 뱃살타파 2주완성 ! Ob-X 마시는 다이어트 오비엑스 워터믹스 클래식 1Box / 레몬밤 추출물 분말 가루 200g,200900200671,건강기능식품 원료로 사용,46293,2026-09-30,2026-09-29,소비자 완제품 판매칸 해당없음; 원료 B2B·함유제품 판매 부재 아님
ing_7d7e8a3b641d99e2,레몬밤민들레추출복합물(LD100),미확인,상표·균주·제품코드 불일치,일반명은 나오지만 등록된 고유 표기 미확인,레몬밤민들레추출복합물,44,"레몬밤 민들레 추출물 밀크씨슬 단델리온 추출 복합물 60정, 1개 / 레몬밤 민들레 추출물 밀크씨슬 단델리온 추출 복합물 60정, 2개 / 레몬밤 민들레 추출물 밀크씨슬 단델리온 추출 복합물 60정, 6개",,,,2026-09-30,,조회 결과의 확인 실패 사유; 전체 시장 판매 부재 아님
ing_455ab9d35cbdfe29,로즈마리자몽추출복합물(Nutroxsun),미확인,등록명·별칭 일치 안 됨,수집된 상위 상품명에서 등록 기본명 직접 일치 확인 못함,로즈마리자몽추출복합물,48,"[건강스토리] 자몽 오렌지 혼합 추출 복합물분말 가루 200g 과라나 / 휴럼 유나엔 원데이비씨알 30정 / [광고 정품] 서퍼데이 스노우 UV케어 기능성원료 최고순도 함량 글루타치온 올인원 피부 탄력 건강 주름 감소 영양제 로즈마리자몽&글루타치온 자외선저항성 탄력 증가 식약처 인증 인정, 1개, 60정",,,,2026-09-30,,조회 결과의 확인 실패 사유; 전체 시장 판매 부재 아님
ing_b57b45c70274ce8f,루바브뿌리추출물(ERr731Ⓡ),미확인,상표·균주·제품코드 불일치,일반명은 나오지만 등록된 고유 표기 미확인,루바브뿌리추출물,48,"이알하나 ERr731 시나몬랩 갱년기 중년 여성 영양제 28정, 3개 / 르시크릿 에스트로업 이알 여성 갱년기 영양제 루바브뿌리추출물 30정, 4개 / [이알하나] ERr731 루바브 뿌리 추출물 80mg (28일분)",,,,2026-09-30,,조회 결과의 확인 실패 사유; 전체 시장 판매 부재 아님
ing_83ab75d60e7e4bb2,루테인/지아잔틴 복합추출물,미확인,등록명·별칭 일치 안 됨,수집된 상위 상품명에서 등록 기본명 직접 일치 확인 못함,루테인,97,"고려은단 루테인 지아잔틴 아스타잔틴 60캡슐, 3개 (6개월분) / [6개월] 닥터린 올인원 루테인 지아잔틴 아스타잔틴 60캡슐, 3개 / [8개월] 안국건강 아이원 루테인지아잔틴 아스타잔틴 미니 루지아 60캡슐, 4개",,,,2026-09-30,,조회 결과의 확인 실패 사유; 전체 시장 판매 부재 아님
ing_3eeeea4ba0414d1e,루테인지아잔틴복합추출물20%,미확인,등록명·별칭 일치 안 됨,수집된 상위 상품명에서 등록 기본명 직접 일치 확인 못함,루테인지아잔틴복합추출물20%,60,"고려은단 루테인 지아잔틴 아스타잔틴 60캡슐, 3개 (6개월분) / [리발란스 기획전] 루테인 지아잔틴 아스타잔틴 서목태 추출물 식물성캡슐 8중 복합기능성 30캡슐, 6개 / 아이룩스 루테인 마리골드꽃추출물",,,,2026-09-30,,조회 결과의 확인 실패 사유; 전체 시장 판매 부재 아님
ing_63ed214475cc159f,루테인지아잔틴추출복합물,미확인,등록명·별칭 일치 안 됨,수집된 상위 상품명에서 등록 기본명 직접 일치 확인 못함,루테인지아잔틴추출복합물,64,"내츄럴플러스 차태현 루테인 지아잔틴 아스타잔틴 플러스 30캡슐, 1개 / 오큐아레즈투엠 60정 15일분 / 종근당 루테인 지아잔틴 아스타잔틴 플러스 500mg x 60캡슐 1개",,,,2026-09-30,,조회 결과의 확인 실패 사유; 전체 시장 판매 부재 아님
ing_044ddff5842b7ded,루테인지아잔틴추출복합물(기능성원료인정제2022-29호),미확인,등록명·별칭 일치 안 됨,수집된 상위 상품명에서 등록 기본명 직접 일치 확인 못함,루테인지아잔틴추출복합물,64,"내츄럴플러스 차태현 루테인 지아잔틴 아스타잔틴 플러스 30캡슐, 1개 / 오큐아레즈투엠 60정 15일분 / 종근당 루테인 지아잔틴 아스타잔틴 플러스 500mg x 60캡슐 1개",,,,2026-09-30,,조회 결과의 확인 실패 사유; 전체 시장 판매 부재 아님
ing_dfff49e3bff3cdb4,마르멜로추출물,미확인,등록명·별칭 일치 안 됨,수집된 상위 상품명에서 등록 기본명 직접 일치 확인 못함,마르멜로추출물,41,"Swanson 마시멜로 뿌리 추출 500mg Marshmallow Root, 3개, 90정 / 소루쟁이 추출물 원액 50ml, 소루쟁이 추출물 50ml / 코리아씨밀락 고삼 추출물, 고삼 추출물 100ml, 1개",,,,2026-09-30,,조회 결과의 확인 실패 사유; 전체 시장 판매 부재 아님
ing_0d37a6489f79b357,맥아구절초추출복합물,미확인,등록명·별칭 일치 안 됨,수집된 상위 상품명에서 등록 기본명 직접 일치 확인 못함,맥아구절초추출복합물,58,뉴일리 마시는 알부민 누에고치 실크 맥아추출 액상 알부민복합물 30포 6개 / 뉴일리 마시는 알부민 누에고치 실크 맥아추출 액상 알부민복합물 30포 5개 / 보령 뉴 알부민 골드 25ml 30병 1박스,,,,2026-09-30,,조회 결과의 확인 실패 사유; 전체 시장 판매 부재 아님
ing_4626b3f5efa2b027,모로오렌지추출분말(Morosil®),미확인,상표·균주·제품코드 불일치,일반명은 나오지만 등록된 고유 표기 미확인,모로오렌지추출분말,86,"랩온랩 이탈리아산 모로핏 모로오렌지 추출 분말 모로실 C3G 60정, 3개 / 랩온랩 이탈리아산 모로핏 모로오렌지 추출 분말 모로실 C3G 60정, 4개 / 모로오렌지 C3G 프리미엄 모로오렌지 추출분말 1개",,,,2026-09-30,,조회 결과의 확인 실패 사유; 전체 시장 판매 부재 아님
ing_b10d89a94033131c,목천료추출분말,미확인,등록명·별칭 일치 안 됨,수집된 상위 상품명에서 등록 기본명 직접 일치 확인 못함,목천료추출분말,54,"[슈퍼적립10%] 종근당 벤비티 이노시톨 맥스 4100 캐롭추출분말 30포, 2개 / [4개월] 닥터린 이노시톨 40:1 미오 D카이로 콜린 엽산 배합 30포, 4개 / 솔티스 간 프로텍션 프로 S2 20정, 3개",,,,2026-09-30,,조회 결과의 확인 실패 사유; 전체 시장 판매 부재 아님
ing_7f9898a70d4a6629,무화과페이스트,미확인,식품 판매 근거 부족,광고·비식품·식품인지 불명확한 결과만 확인,무화과페이스트,58,해외러더포드앤메이어 무화과 페이스트 120g 외 / 해외일리아드 올리브 페이스트 말린 무화과 175g / 해외프랑스 르 루아 르네 Le Roy René 프로방스의 무화과 페이스트,,,,2026-09-30,,조회 결과의 확인 실패 사유; 전체 시장 판매 부재 아님
ing_51db90eb1101ed81,미역 등 복합추출물(잔티젠),미확인,등록명·별칭 일치 안 됨,수집된 상위 상품명에서 등록 기본명 직접 일치 확인 못함,미역 등 복합추출물,55,"스키니랩 이지슬리밍 잔티젠 601mg x 14포 / 코리아씨밀락 다시마 추출물, 다시마 추출물 100ml, 1개 / 다시마 추출물 다시마진액, 100ml, 1개",,,,2026-09-30,,조회 결과의 확인 실패 사유; 전체 시장 판매 부재 아님
ing_7cf3509b3fcbb850,민들레 등 추출복합물,미확인,등록명·별칭 일치 안 됨,수집된 상위 상품명에서 등록 기본명 직접 일치 확인 못함,민들레 등 추출복합물,72,"발효 우슬 등복합물 뉴질랜드 초록홍합 초록입홍합 600 70정, 1개 / 발효 우슬 등복합물 뉴질랜드 초록홍합 초록입홍합 600 70정, 6개 / 코오롱제약 기억력 혈행 개선 징코 플러스 혈액순환 은행잎추출물 500mg 30정, 1개",,,,2026-09-30,,조회 결과의 확인 실패 사유; 전체 시장 판매 부재 아님
ing_8d3ceca020910fcd,밀 추출물(Ceratiq®),미확인,상표·균주·제품코드 불일치,일반명은 나오지만 등록된 고유 표기 미확인,밀 추출물,53,"밀추출물 글루코실 세라마이드 70정, 1개 / 내츄럴플러스 체지방케어 다이어트 앤 유산균 / 녹차추출물 카테킨 30캡슐, 1개 / 헬시알엔 100억 혈당유산균 바나바잎 코로솔산 식후혈당 당케어 30캡슐, 1개",,,,2026-09-30,,조회 결과의 확인 실패 사유; 전체 시장 판매 부재 아님
ing_eb52310190792a75,밀전분유래 난소화성말토덱스트린,미확인,등록명·별칭 일치 안 됨,수집된 상위 상품명에서 등록 기본명 직접 일치 확인 못함,밀전분유래 난소화성말토덱스트린,62,"화이버솔 2에이지 난소화성 말토덱스트린 국산 1kg / 마그랩 젤리푸푸 쾌변OK 식후혈당CUT 마그네슘 난소화성말토덱스트린 14포, 1개 / 화이바솔-2 1kg 식이섬유 난소화성말토덱스트린",,,,2026-09-30,,조회 결과의 확인 실패 사유; 전체 시장 판매 부재 아님
ing_03785704f4fd5f30,바이오게르마늄 효모,미확인,해당없음(원료),동일명 C003 신고 섭취방법에 제조 원료 사용 명시,바이오게르마늄 효모,57,"EC-1118 와인효모 이스트 막걸리효모 식초효모 알콜발효, 5g, 1개 / 천구중국식품 안기효모 효모가루 중국쑈무 13g, 3개 / 자연닮음 40년전통 막걸리키트 전통효모 국내가공 분쇄 누룩 850g, 1개",2004002005615,건강기능식품 원료로 사용,24014,2026-09-30,2026-09-29,소비자 완제품 판매칸 해당없음; 원료 B2B·함유제품 판매 부재 아님
ing_a4af4a0cd40d3530,바이오게르마늄 효모(기능성원료인정New제2007-15호),미확인,등록명·별칭 일치 안 됨,수집된 상위 상품명에서 등록 기본명 직접 일치 확인 못함,바이오게르마늄 효모,57,"EC-1118 와인효모 이스트 막걸리효모 식초효모 알콜발효, 5g, 1개 / 천구중국식품 안기효모 효모가루 중국쑈무 13g, 3개 / 자연닮음 40년전통 막걸리키트 전통효모 국내가공 분쇄 누룩 850g, 1개",,,,2026-09-30,,조회 결과의 확인 실패 사유; 전체 시장 판매 부재 아님
ing_3dfeaeee0be0c266,발효굴추출물(FSO),미확인,해당없음(원료),동일명 C003 신고 섭취방법에 제조 원료 사용 명시,발효굴추출물,59,"빙그레 잘키 어린이 키성장 망고맛 젤리스틱 유산균발효굴추출물 FGO 14포, 2개 / [임박특가/3박스] 닥터린 아이키업 식약처 인정 어린이 키성장 유산균발효굴추출물 FGO 21포, 3개 / 김소형원방 아이키플러스 키성장 FGO 유산균발효굴추출물 30포, 1개",201100160063,"건강기능식품 제조 원료로 사용/ 발효굴추출물로서 1,000mg/일",8591,2026-09-30,2026-09-29,소비자 완제품 판매칸 해당없음; 원료 B2B·함유제품 판매 부재 아님
ing_df01fb51786e1583,발효생성아미노산 복합물,미확인,해당없음(원료),동일명 C003 신고 섭취방법에 제조 원료 사용 명시,발효생성아미노산 복합물,95,"[6개월] 종근당 마그네슘 플러스 90정, 2개 / 발효 우슬 등복합물 뉴질랜드 초록홍합 초록입홍합 600 70정, 1개 / 발효 우슬 등복합물 뉴질랜드 초록홍합 초록입홍합 600 70정, 6개",2009001702312,건강기능식품 원료로 사용,9402,2026-09-30,2026-09-29,소비자 완제품 판매칸 해당없음; 원료 B2B·함유제품 판매 부재 아님
ing_e7c25df9ecfad3aa,발효식초석류복합물,미확인,등록명·별칭 일치 안 됨,수집된 상위 상품명에서 등록 기본명 직접 일치 확인 못함,발효식초석류복합물,61,생생초 사과초모식초 애사비 애플사이다비니거 1L 3종 세트 사과·파인애플·석류 / 생생초 사과초모식초 애플사이다비니거 애사비 발효식초 사과 파인애플 유기농석류 1000ml / 2개 만토바 모데나 유기농 발사믹 식초 석류 무화과 포도 이탈리아 천연발효 레드와인 비니거,,,,2026-09-30,,조회 결과의 확인 실패 사유; 전체 시장 판매 부재 아님
ing_9d47233252e49a11,발효율피추출분말,미확인,해당없음(원료),동일명 C003 신고 섭취방법에 제조 원료 사용 명시,발효율피추출분말,22,고말론 발효율피 추출분말 정 1000mg 60정 / 신선약초 발효율피추출분말 200g / 발효율피 추출물 추출분말 가루 국산 200g,2004001706774,건강기능식품 원료로 사용,13204,2026-09-30,2026-09-29,소비자 완제품 판매칸 해당없음; 원료 B2B·함유제품 판매 부재 아님
ing_d73f2f0e9397295b,배초향 추출물(Agatri)(기능성원료인정제2020-5호),미확인,등록명·별칭 일치 안 됨,수집된 상위 상품명에서 등록 기본명 직접 일치 확인 못함,배초향 추출물,49,"녹십자웰빙 PNT 베르베린 500mg 매자나무추출물 여주추출물 60정, 2개 / 해외쏜리서치 베르베린 1000mg 60캡슐 고순도 HCI / 고려은단 루테인 지아잔틴 아스타잔틴 60캡슐, 3개 (6개월분)",,,,2026-09-30,,조회 결과의 확인 실패 사유; 전체 시장 판매 부재 아님
ing_aed1c4760fc99176,배초향 추출물(Agatri®),미확인,등록명·별칭 일치 안 됨,수집된 상위 상품명에서 등록 기본명 직접 일치 확인 못함,배초향 추출물,49,"녹십자웰빙 PNT 베르베린 500mg 매자나무추출물 여주추출물 60정, 2개 / 해외쏜리서치 베르베린 1000mg 60캡슐 고순도 HCI / 고려은단 루테인 지아잔틴 아스타잔틴 60캡슐, 3개 (6개월분)",,,,2026-09-30,,조회 결과의 확인 실패 사유; 전체 시장 판매 부재 아님
ing_02fa3b57970defe1,배초향·고지베리·무화과복합추출물,미확인,등록명·별칭 일치 안 됨,수집된 상위 상품명에서 등록 기본명 직접 일치 확인 못함,배초향·고지베리·무화과복합추출물,58,"네추럴라이즈 베르가못 폴리페놀정 식약처 HACCP 인증 100% / 지중해 식단, 1개, 60정 / [더위치] 구기엽추출물 500ml 구기자나무잎추출물 Lycium Chinense Leaf Extract, 1개 / 백년동안 저당 산머루 복분자 흑초, 900ml, 1개",,,,2026-09-30,,조회 결과의 확인 실패 사유; 전체 시장 판매 부재 아님
ing_1bb0148b1957f7cc,백수오 등 복합추출물,미확인,해당없음(원료),동일명 C003 신고 섭취방법에 제조 원료 사용 명시,백수오 등 복합추출물,52,"뉴질랜드 초록 푸른 홍합 초록입홍합 30캡슐 x 3박스 코스트코 그린 머슬 / [슈퍼적립] 유한양행 유한 백수오 골드 6개월 갱년기 케어 / [리발란스 기획전] 루테인 지아잔틴 아스타잔틴 서목태 추출물 식물성캡슐 8중 복합기능성 30캡슐, 6개",201400170721,건강기능식품 원료로 사용,9650,2026-09-30,2026-09-29,소비자 완제품 판매칸 해당없음; 원료 B2B·함유제품 판매 부재 아님
ing_793690c292571d29,백출양춘사추출복합물,미확인,등록명·별칭 일치 안 됨,수집된 상위 상품명에서 등록 기본명 직접 일치 확인 못함,백출양춘사추출복합물,61,"코오롱제약 기억력 혈행 개선 징코 플러스 혈액순환 은행잎추출물 500mg 30정, 1개 / [일양약품 본사] 서클존징코 플러스 120정, 1개 / 센트룸 타마플렉스 올인원 관절 연골 근육 30정, 1개",,,,2026-09-30,,조회 결과의 확인 실패 사유; 전체 시장 판매 부재 아님
ing_3b7ab6c0ac5bb82e,백편두추출분말(NOVAponinⓇ),미확인,해당없음(원료),동일명 C003 신고 섭취방법에 제조 원료 사용 명시,백편두추출분말,46,"백편두 (30입) / 태영농산 캐나다산 볶은흰강낭콩가루 500g 1kg 네이비빈 흰콩가루, 1개 / 두충추출분말 100g 샘플, 1개",2004002005039,건강기능식품 원료로 사용,39176,2026-09-30,2026-09-29,소비자 완제품 판매칸 해당없음; 원료 B2B·함유제품 판매 부재 아님
ing_d7d948e08dbeb322,보리 베타글루칸 추출물,미확인,등록명·별칭 일치 안 됨,수집된 상위 상품명에서 등록 기본명 직접 일치 확인 못함,보리 베타글루칸 추출물,57,"웰릿 알클리버 렉스클리버 새싹보리추출물 알콜성 간 건강 개선 14정, 3개 / [추석맞이 이벤트] 소하튼 플러스 이벤트 / 월릿 알클리버 간건강 새싹보리추출물 14정 1박스",,,,2026-09-30,,조회 결과의 확인 실패 사유; 전체 시장 판매 부재 아님
ing_09e3460b016ff41a,보리수나무열매추출물,미확인,등록명·별칭 일치 안 됨,수집된 상위 상품명에서 등록 기본명 직접 일치 확인 못함,보리수나무열매추출물,4,"3+1 베르베린 500mg 매자나무열매추출물 효능 복용법 영양제 60정, 4개 / 뉴트리원 프리미엄 베르베린 500 매자나무열매추출물 60정, 1개 / 엔젯오리진 베르베린 500 밸런스 매자나무열매추출물 60정, 1개",,,,2026-09-30,,조회 결과의 확인 실패 사유; 전체 시장 판매 부재 아님
ing_368568b432f71e2c,보스웰리아 추출물(Boswellia serrata R.),미확인,상표·균주·제품코드 불일치,일반명은 나오지만 등록된 고유 표기 미확인,보스웰리아 추출물,73,"해외뉴트리코스트 보스웰리아 추출물 1,200mg 180캡슐 1병 90회분 / [4+1] 뉴트리코어 WCS 보스웰리아 AKBA+KBA 30정, 5개 / 인도산 보스웰리아 가루 분말 유향 추출물 효능 효과 먹는방법 500g, 1개",,,,2026-09-30,,조회 결과의 확인 실패 사유; 전체 시장 판매 부재 아님
ing_8b8e81bb6721322e,보스웰리아추출물,미확인,판매경로 근거 부족,허용 판매처의 직접 상품 주소 확인 안 됨,보스웰리아추출물,26,"해외뉴트리코스트 보스웰리아 추출물 1,200mg 180캡슐 1병 90회분 / [4+1] 뉴트리코어 WCS 보스웰리아 AKBA+KBA 30정, 5개 / 인도산 보스웰리아 가루 분말 유향 추출물 효능 효과 먹는방법 500g, 1개",,,,2026-09-30,,조회 결과의 확인 실패 사유; 전체 시장 판매 부재 아님
ing_a13f43386ad6d37b,보스웰리아추출물(FJH-BS),미확인,상표·균주·제품코드 불일치,일반명은 나오지만 등록된 고유 표기 미확인,보스웰리아추출물,26,"해외뉴트리코스트 보스웰리아 추출물 1,200mg 180캡슐 1병 90회분 / [4+1] 뉴트리코어 WCS 보스웰리아 AKBA+KBA 30정, 5개 / 인도산 보스웰리아 가루 분말 유향 추출물 효능 효과 먹는방법 500g, 1개",,,,2026-09-30,,조회 결과의 확인 실패 사유; 전체 시장 판매 부재 아님
ing_c94b4cf596300176,보스웰리아추출물(SERRATRIN),미확인,상표·균주·제품코드 불일치,일반명은 나오지만 등록된 고유 표기 미확인,보스웰리아추출물,26,"해외뉴트리코스트 보스웰리아 추출물 1,200mg 180캡슐 1병 90회분 / [4+1] 뉴트리코어 WCS 보스웰리아 AKBA+KBA 30정, 5개 / 인도산 보스웰리아 가루 분말 유향 추출물 효능 효과 먹는방법 500g, 1개",,,,2026-09-30,,조회 결과의 확인 실패 사유; 전체 시장 판매 부재 아님
ing_016fdec34144de1b,보스웰리아추출물등 복합물(Flexir),미확인,식품 판매 근거 부족,광고·비식품·식품인지 불명확한 결과만 확인,보스웰리아추출물등 복합물,4,"[4+1] 뉴트리코어 WCS 보스웰리아 AKBA+KBA 30정, 5개 / 프롬바이오 관절연골엔 보스웰리아 850mg x 30정 x 4개 / 해외트라이브 보스웰리아 추출물 등 복합물 AKBA 블랙페퍼 보스웰리아산 캡슐 120정 2개",,,,2026-09-30,,조회 결과의 확인 실패 사유; 전체 시장 판매 부재 아님
ing_c0a621144773e615,복분자 추출물(RE-20),미확인,상표·균주·제품코드 불일치,일반명은 나오지만 등록된 고유 표기 미확인,복분자 추출물,4,무첨가 복분자분말 영양식 샐러드 요거트 복분자추출물 건강식품 분말가루 아침식사 대용식 / 고창 발효 복분자 분말 150g 3통 고농축 복분자 추출액 가루 식약처 HACCP / 26년 9월 신제품 1+1 천호엔케어 호호 콜레스테롤 미숙과 복분자추출물 혈압 혈행 혈당 개선,,,,2026-09-30,,조회 결과의 확인 실패 사유; 전체 시장 판매 부재 아님
ing_fb8216a4037017a8,복분자동결건조분말,미확인,등록명·별칭 일치 안 됨,수집된 상위 상품명에서 등록 기본명 직접 일치 확인 못함,복분자동결건조분말,4,"고창 발효 복분자 분말 150g 3통 고농축 복분자 추출액 가루 식약처 HACCP / 발효복분자농축분말 120g X 3통 고창산 / 맘픽 고창 복분자 분말 가루 100 스틱 1.5g, 14포, 3개",,,,2026-09-30,,조회 결과의 확인 실패 사유; 전체 시장 판매 부재 아님
ing_fab09ed17ee3681d,복분자추출분말,미확인,해당없음(원료),동일명 C003 신고 섭취방법에 제조 원료 사용 명시,복분자추출분말,4,"복분자 분말 고창 발효 고 농축 분말 복분자 추출 가루 파우더 200g / 100% 국내산 고창 복분자 분말 효능 발효 농축 분말 복분자 가루 150g, 2개 / 복분자분말 추출 열매 파우더 복분자 가루 국산 HACCP 180g, 2개",200500200033,건강기능식품 원료로 사용,46297,2026-09-30,2026-09-29,소비자 완제품 판매칸 해당없음; 원료 B2B·함유제품 판매 부재 아님
ing_316019accb3f42d6,블랙라즈베리 추출물,미확인,등록명·별칭 일치 안 됨,수집된 상위 상품명에서 등록 기본명 직접 일치 확인 못함,블랙라즈베리 추출물,4,"오드로이 라즈베리 살리실산 폼 클렌징 200ml(지복합성, 지성) 1개 / 해외블랙 라즈베리 파우더 5온스 백 - 제3자 실험실 테스트 냉동 건조 과일 통베리 베이킹용 무가당 첨가제 없음 충전제 슈퍼푸드 추출물 스무디용 / 해외정글 파우더 블랙 라즈베리 5온스 백, USDA 냉동 건조 과일 전체 베리 베이킹용, 첨가제 무첨가 슈퍼푸드 추출물 스무디",,,,2026-09-30,,조회 결과의 확인 실패 사유; 전체 시장 판매 부재 아님
ing_251597635b8ba694,블랙커민추출분말(BCS-001F®),미확인,등록명·별칭 일치 안 됨,수집된 상위 상품명에서 등록 기본명 직접 일치 확인 못함,블랙커민추출분말,5,"뉴트리코스트 블랙커민씨드오일 1000MG 소프트젤 120캡슐, 1개 / 뉴트리코스트 블랙커민씨드오일 1000MG 소프트젤 60캡슐, 1개 / 터키산 블랙커민씨드오일 티모퀴논 18mg 냉압착 90캡슐 3병 오메가3 큐민",,,,2026-09-30,,조회 결과의 확인 실패 사유; 전체 시장 판매 부재 아님
ing_a9ec96d06f5249b9,비수리추출분말,미확인,해당없음(원료),동일명 C003 신고 섭취방법에 제조 원료 사용 명시,비수리추출분말,3,야호맨 골드 60캡슐 호로파종자등추출복합물 비수리 과라나추출분말 / 뉴일리 굿모닝 곰피추출물 1200 60정 2개(2개월분) / 롱맨365 호로파추출분말 프리미엄 (1개월분 1박스),20040015104242,식품의 원료로 사용,4345,2026-09-30,2026-09-29,소비자 완제품 판매칸 해당없음; 원료 B2B·함유제품 판매 부재 아님
ing_e83c6d4c3ab21f32,"비즈왁스알코올(Bees Wax Alcohol, BWA)",미확인,상표·균주·제품코드 불일치,일반명은 나오지만 등록된 고유 표기 미확인,비즈왁스알코올,9,"[90일분+30일분] 레이델 쿠바산 비즈왁스알코올 셀100 550mg 30정, 6개 / 레이델 비즈왁스알코올 셀 100 550mg x 30정 3개 / [135일분+45일분] 레이델 쿠바산 비즈왁스알코올 셀100 550mg 30정, 9개",,,,2026-09-30,,조회 결과의 확인 실패 사유; 전체 시장 판매 부재 아님
ing_d57316b3b28466fa,비파엽추출물,미확인,등록명·별칭 일치 안 됨,수집된 상위 상품명에서 등록 기본명 직접 일치 확인 못함,비파엽추출물,5,"녹십자웰빙 PNT 베르베린 500mg 매자나무추출물 여주추출물 60정, 2개 / 해외쏜리서치 베르베린 1000mg 60캡슐 고순도 HCI / 고려은단 루테인 지아잔틴 아스타잔틴 60캡슐, 3개 (6개월분)",,,,2026-09-30,,조회 결과의 확인 실패 사유; 전체 시장 판매 부재 아님
ing_4e4b6ac8cf6ae8cd,뽕나무가지주정추출분말,미확인,해당없음(원료),동일명 C003 신고 섭취방법에 제조 원료 사용 명시,뽕나무가지주정추출분말,4,24시간 저온추출 국내산 상지즙 진액 엑기스 뽕나무가지 110ml 30포 / 해외순수 뽕나무 가지 상지 가루 / 가지 분말 가루 50g 식물 색소 추출 실험용 천연 색소 VLS-0579,201600080355,"뽕나무가지주정추출분말로서 2g/일, 건강기능식품의 원료로 사용",20592,2026-09-30,2026-09-29,소비자 완제품 판매칸 해당없음; 원료 B2B·함유제품 판매 부재 아님
ing_7ecccded49481268,사군자추출분말,미확인,등록명·별칭 일치 안 됨,수집된 상위 상품명에서 등록 기본명 직접 일치 확인 못함,사군자추출분말,4,랄랄라몰 소문난 사군자 생강가루 1kg 생강분말 100% / 랄랄라몰 소문난 사군자 생강가루 200g 생강분말 100% / 해외사군자 가루 분말 1000g,,,,2026-09-30,,조회 결과의 확인 실패 사유; 전체 시장 판매 부재 아님
ing_8252cc321a5003e3,사삼추출물,미확인,등록명·별칭 일치 안 됨,수집된 상위 상품명에서 등록 기본명 직접 일치 확인 못함,사삼추출물,4,"산양산삼 추출물 삼백초 여주 추출분말 해썹 산양삼효능 약8개월 / 멜로우네이쳐 산야초 산삼 마가목추출물 99 120정, 3개 / 멜로우네이쳐 산삼 맥문동 삼백초추출물 파이토정 99 120정, 2개",,,,2026-09-30,,조회 결과의 확인 실패 사유; 전체 시장 판매 부재 아님
ing_0e46418c2de26387,산딸기·왕느릅나무·치자추출복합물,미확인,해당없음(원료),동일명 C003 신고 섭취방법에 제조 원료 사용 명시,산딸기·왕느릅나무·치자추출복합물,0,,200500200037,건강기능식품 원료로 사용,46321,2026-09-30,2026-09-29,소비자 완제품 판매칸 해당없음; 원료 B2B·함유제품 판매 부재 아님
ing_6347d4a207801438,산수유추출물등복합물(리베스틴®),미확인,해당없음(원료),동일명 C003 신고 섭취방법에 제조 원료 사용 명시,산수유추출물등복합물,0,,202000163901,건강기능식품 원료로 사용,46315,2026-09-30,2026-09-29,소비자 완제품 판매칸 해당없음; 원료 B2B·함유제품 판매 부재 아님
ing_16780dc6409ff72f,살라시아레티큘라타추출물,미확인,등록명·별칭 일치 안 됨,수집된 상위 상품명에서 등록 기본명 직접 일치 확인 못함,살라시아레티큘라타추출물,3,해외빈 삽트랑기 뿌리/살라시아 레티큘라타/살라시아 코란티 400 Gm / 해외Style Japan 스타일재팬 SUN BioChem 구당령 KYUTOUREI EX 일본 제일약품 살라시아 레티큘라타 / 해외살라시아 오블롱가 추출물 아유르베다 미국산 90캡슐,,,,2026-09-30,,조회 결과의 확인 실패 사유; 전체 시장 판매 부재 아님
ing_76b40c1732c01ebf,삼백초추출물(LHF618),미확인,식품 판매 근거 부족,광고·비식품·식품인지 불명확한 결과만 확인,삼백초추출물,36,"[리발란스 기획전] 닥터파이토 삼백초추출물 LHF618 미퀠리아닌 파이토블락 4박스(40회분) / 뉴트리원 삼백초 추출물 500 퀘르세틴 60정, 6개 / [6개월]내츄럴플러스 차태현 삼백초추출물 플러스 90정 2박스",,,,2026-09-30,,조회 결과의 확인 실패 사유; 전체 시장 판매 부재 아님
ing_d831de3dc1128f6a,상엽추출물,미확인,등록명·별칭 일치 안 됨,수집된 상위 상품명에서 등록 기본명 직접 일치 확인 못함,상엽추출물,4,니프젠 스파이크 프리미엄 600mg 30정 2박스 니푸젠 바나바잎 여주추출물 혈당관리 / 해외뽕잎추출물 5000mg 180캡슐 흰 뽕나무 잎 상엽 / 누에뽕잎환 국산 뽕나무 잎 뽕잎 환 골드 상엽 뽕잎 분말 가루 추출물 300g,,,,2026-09-30,,조회 결과의 확인 실패 사유; 전체 시장 판매 부재 아님
ing_2eb9c446704c0d4e,상황버섯등 추출복합물,미확인,해당없음(원료),동일명 C003 신고 섭취방법에 제조 원료 사용 명시,상황버섯등 추출복합물,4,야호맨 골드 60캡슐 호로파종자등추출복합물 비수리 과라나추출분말 / 뉴트리코어 헤어그릭스 케라넷 310mg x 42캡슐 코스트코 모발 영양제 / 뉴일리 프리미엄 100% 국내산 우슬추출액 쇠무릎 우슬정 60정,20040020001409,건강기능식품 원료로 사용,36109,2026-09-30,2026-09-29,소비자 완제품 판매칸 해당없음; 원료 B2B·함유제품 판매 부재 아님
ing_d36a398b38dd29f8,새싹보리추출물(RexcliverⓇ),미확인,상표·균주·제품코드 불일치,일반명은 나오지만 등록된 고유 표기 미확인,새싹보리추출물,6,"웰릿 알클리버 렉스클리버 14정 x 1박스 알콜성 간건강 개선 새싹보리추출물 / 웰릿 알클리버 렉스클리버 새싹보리추출물 알콜성 간 건강 개선 14정, 3개 / 알클리버 내돈내산 웰릿 렉스클리버 보리새싹추출물 후기 14정, 1개",,,,2026-09-30,,조회 결과의 확인 실패 사유; 전체 시장 판매 부재 아님
ing_c0286ceac2c93830,새싹인삼추출분말,미확인,등록명·별칭 일치 안 됨,수집된 상위 상품명에서 등록 기본명 직접 일치 확인 못함,새싹인삼추출분말,4,"헬스 루트 산삼 배양근 기력 환 산삼 배양근 분말 30%+추출 액 15% / 산양삼 다이어트 산양컷 인삼 삼백초추출분말 여주 분말 새싹귀리 다당체 60정, 1개 / 한국인삼차가 차가버섯 추출분말 저온진공건조 100g 러시아차가버섯",,,,2026-09-30,,조회 결과의 확인 실패 사유; 전체 시장 판매 부재 아님
ing_f7877fb9951d3fd9,서목태(쥐눈이콩)펩타이드,미확인,해당없음(원료),동일명 C003 신고 섭취방법에 제조 원료 사용 명시,서목태 펩타이드,44,"[리발란스 기획전] 루테인 지아잔틴 아스타잔틴 서목태 추출물 식물성캡슐 8중 복합기능성 30캡슐, 6개 / 건강기능식품 맥주효모 비오틴 비타민 판토텐산 프로플렉스 EX PLUS 영양제 1BOX / 내츄럴플러스 관절연골엔 옵티 엠에스엠 2000 MSM 비타민D 아연 60정, 1개",200400170878,건강기능식품 원료로 사용,14368,2026-09-30,2026-09-29,소비자 완제품 판매칸 해당없음; 원료 B2B·함유제품 판매 부재 아님
ing_06c1e08ac48feb62,서목태추출물,미확인,식품 판매 근거 부족,광고·비식품·식품인지 불명확한 결과만 확인,서목태추출물,3,"[리발란스 기획전] 루테인 지아잔틴 아스타잔틴 서목태 추출물 식물성캡슐 8중 복합기능성 30캡슐, 6개 / 밥스누 서목태 두유 약콩 콩물 파우치형 BOBSNU 무순추출물 비타민C1포포함 40개 190ml / 서목태 추출물 500ml",,,,2026-09-30,,조회 결과의 확인 실패 사유; 전체 시장 판매 부재 아님
ing_98d32fa0b7b52e8b,섬쑥부쟁이추출분말,미확인,등록명·별칭 일치 안 됨,수집된 상위 상품명에서 등록 기본명 직접 일치 확인 못함,섬쑥부쟁이추출분말,4,"상림원 무농약 생 들깨가루 200g 껍질째 고운입자 들깨우유 팩 아기 이유식 / 방앗간청년 깊고 고소하게 볶은 국산 검은깨 흑임자가루 500g / 산마을 유기농 간편한 야채톡 동결건조 야채가루 분말 1.5g, 30포, 1개",,,,2026-09-30,,조회 결과의 확인 실패 사유; 전체 시장 판매 부재 아님
ing_2681986a39135871,세리포리아 락세라타 균사체 배양물,미확인,등록명·별칭 일치 안 됨,수집된 상위 상품명에서 등록 기본명 직접 일치 확인 못함,세리포리아 락세라타 균사체 배양물,4,"세포랩 바이오제닉 에센스 클렙스 오리지널 90% 30ml / 세포랩 바이오제닉 에센스 90% 홈쇼핑 155ml, 1개 / 세포랩 바이오제닉 에센스 155ml",,,,2026-09-30,,조회 결과의 확인 실패 사유; 전체 시장 판매 부재 아님
ing_53941e1add010467,소나무껍질추출물등복합물,미확인,등록명·별칭 일치 안 됨,수집된 상위 상품명에서 등록 기본명 직접 일치 확인 못함,소나무껍질추출물등복합물,4,루비렉신 프리미엄 솔루션 600mg x 30정 아로니아 호박씨 소나무껍질추출물 / 해외라이프익스텐션 아테리얼프로텍트 피크노제놀 소나무 껍질 추출물 고투콜라 30캡슐 / 해외(아이허브) 나우푸드 Pycnogenol 60mg 베지 캡슐 50정,,,,2026-09-30,,조회 결과의 확인 실패 사유; 전체 시장 판매 부재 아님
ing_d517ab3cfa7b6a2d,쇠비름주정추출분말(KDC16-2),미확인,상표·균주·제품코드 불일치,일반명은 나오지만 등록된 고유 표기 미확인,쇠비름주정추출분말,4,[본사공식] [TV조선 해뜰날 방영 쇠비름] 일양약품 쾌변팡팡 쇠비름주정추출분말 배변활동원활 장불편감 완화 6개월분 유니바이오 / 일양약품 쾌변팡팡 60정 1박스 / 해외쇠비름 효소 장명채 추출 분말 가루 1kg,,,,2026-09-30,,조회 결과의 확인 실패 사유; 전체 시장 판매 부재 아님
ing_acef043b1d27ad5d,스피루리나 원말(기능성원료인정제2010-4호),미확인,식품 판매 근거 부족,광고·비식품·식품인지 불명확한 결과만 확인,스피루리나 원말,5,"지구스피루리나 엘2 스틱형 4g Ⅹ 30포 Ⅹ 3ea(360g) 90일분, 스피루리나원말 / 인테로 스피루리나 영양제 항산화 엽록소 180정, 4개 / [10개월] 내츄럴플러스 차태현 스피루리나 항산화 엽록소 300정, 2개",,,,2026-09-30,,조회 결과의 확인 실패 사유; 전체 시장 판매 부재 아님
ing_b817ab6f09c043da,스피루리나추출물(SM70EE),미확인,상표·균주·제품코드 불일치,일반명은 나오지만 등록된 고유 표기 미확인,스피루리나추출물,5,해외마이크로인그리디언츠 블루 스피룰리나 파우더(피코시아닌 추출물) 60g / 해외어린이 스피룰리나 클로렐라 켈프 추출물 90정 2통 / 지구 스피루리나 스틱 에스 1세트(3갑) 감태추출물 함유 건강식품,,,,2026-09-30,,조회 결과의 확인 실패 사유; 전체 시장 판매 부재 아님
ing_2d81d3e5a9bf6fe3,시서스추출물,미확인,판매경로 근거 부족,허용 판매처의 직접 상품 주소 확인 안 됨,시서스추출물,24,"해외프리미엄 시서스 추출물 100% 3개월+10정 / 뉴온 시서스 필 다이어트 850mg x 28정 시저스 씨저스 / 동국제약 마이핏 시서스 다이어트 톡톡 씨서스 스틱 가루 분말 추출물 14포, 1개",,,,2026-09-30,,조회 결과의 확인 실패 사유; 전체 시장 판매 부재 아님
ing_3ecfbbd4df0064da,식물스타놀 에스테르,미확인,등록명·별칭 일치 안 됨,수집된 상위 상품명에서 등록 기본명 직접 일치 확인 못함,식물스타놀 에스테르,4,"해외콜레스테롤 건강용 보충제 젤리, 식물 스테롤 및 스타놀, 레드 효모 쌀, 콜레스테롤용 시트러스 베르가못 복합체, 건강한 수치 유지 - 60일 분량 / 해외Maxi Heath 성인용 콜레스테롤 젤리 - 1200mg 식물 스테롤 및 스타놀 보충제 코셔 글루텐 프리 건강한 오렌지 맛 (30개) / 해외저하 구미 식물 스테롤 및 스타놀 보충제 붉은 효모 쌀로 LDL 시트러스 베르가못 여성 남성용 CoQ10 무설탕 60 카운트",,,,2026-09-30,,조회 결과의 확인 실패 사유; 전체 시장 판매 부재 아님
ing_8bf191989ae8e990,실크단백질 산가수분해물(Sil-Q1),미확인,등록명·별칭 일치 안 됨,수집된 상위 상품명에서 등록 기본명 직접 일치 확인 못함,실크단백질 산가수분해물,4,실크펩타이드 분말 실크아미노산 누에고치 단백질 가수분해물 90포 / 해외나트롤 코그니엄 Cognium 메모리 60정 실크 단백질 가수분해물 복합체 / 순도 100% 실크 아미노산 펩타이드 누에고치 단백질 가수분해물 피브로인 유산균 파우더,,,,2026-09-30,,조회 결과의 확인 실패 사유; 전체 시장 판매 부재 아님
ing_9a61bc1928fffcf9,쌀겨추출물,미확인,식품 판매 근거 부족,광고·비식품·식품인지 불명확한 결과만 확인,쌀겨추출물,4,시드물▶뽀얀 쌀겨 비누/쌀겨추출물/생기/브라이트닝/수제비누 / 네츄럴소스 쌀겨추출물 피부결개선 브라이트닝 속건조토너 천연추출물 대용량 1kg / 쌀겨추출물 1L Oryza Sativa Rice Bran Extract,,,,2026-09-30,,조회 결과의 확인 실패 사유; 전체 시장 판매 부재 아님
ing_aaed3baf959f3fe3,쏘팔메토 열매 추출물 등 복합물,미확인,등록명·별칭 일치 안 됨,수집된 상위 상품명에서 등록 기본명 직접 일치 확인 못함,쏘팔메토 열매 추출물 등 복합물,4,"[6개월분] 초임계 쏘팔메토 3박스 180캡슐옥타코사놀 로르산 전립선 건강 아연 순수식품 / [6개월] 종근당 젤세라 저온초임계 미국산 쏘팔메토 옥타코사놀 30캡슐, 6개 / CJ웰케어 전립소 골드 쏘팔메토 아연 60캡슐, 2개",,,,2026-09-30,,조회 결과의 확인 실패 사유; 전체 시장 판매 부재 아님
ing_bb92c88b6f5ca5ef,쑥부쟁이추출분말,미확인,식품 판매 근거 부족,광고·비식품·식품인지 불명확한 결과만 확인,쑥부쟁이추출분말,3,쑥부쟁이추출분말 1kg / 쑥부쟁이추출분말 20kg / 쑥부쟁이추출분말 100g 샘플,,,,2026-09-30,,조회 결과의 확인 실패 사유; 전체 시장 판매 부재 아님
ing_59cd561d9ef90bc7,씨폴리놀 감태주정추출물,미확인,해당없음(원료),동일명 C003 신고 섭취방법에 제조 원료 사용 명시,씨폴리놀 감태주정추출물,0,,201200190211,건강기능식품 원료로 사용,20816,2026-09-30,2026-09-29,소비자 완제품 판매칸 해당없음; 원료 B2B·함유제품 판매 부재 아님
ing_43bce7724d39c470,아쉬아간다 추출물(ShodenⓇ),미확인,상표·균주·제품코드 불일치,일반명은 나오지만 등록된 고유 표기 미확인,아쉬아간다 추출물,27,해외뉴트리코스트 아슈와간다 아쉬와간다 아쉬아간다 추출물 600mg 120캡슐 4개월분 위타놀라이드 2.5% / 아쉬아간다 추출물 덴프스 수면이야기 아시아간다 총 3개월분 / 해외스완슨 아쉬아간다추출물 아슈와간다 900mg 100정,,,,2026-09-30,,조회 결과의 확인 실패 사유; 전체 시장 판매 부재 아님
ing_0a5a2d24c4694782,아쉬아간다추출물(Sensoril®),미확인,상표·균주·제품코드 불일치,일반명은 나오지만 등록된 고유 표기 미확인,아쉬아간다추출물,27,해외뉴트리코스트 아슈와간다 아쉬와간다 아쉬아간다 추출물 600mg 120캡슐 4개월분 위타놀라이드 2.5% / 아쉬아간다 추출물 덴프스 수면이야기 아시아간다 총 3개월분 / 해외스완슨 아쉬아간다추출물 아슈와간다 900mg 100정,,,,2026-09-30,,조회 결과의 확인 실패 사유; 전체 시장 판매 부재 아님
ing_8ffa8330cde555d3,아티초크추출물,미확인,판매경로 근거 부족,허용 판매처의 직접 상품 주소 확인 안 됨,아티초크추출물,10,해외뉴트리코스트 아티초크 추출물 600mg 240캡슐 8개월분 / [추석맞이 이벤트] 소하튼 플러스 이벤트 / 조아 제약 허브 쵸크 에스 아티 초크 추출물 20mlx30앰플,,,,2026-09-30,,조회 결과의 확인 실패 사유; 전체 시장 판매 부재 아님
ing_e8eae905162b30f1,아프리카 망고 종자추출물(IGOB131),미확인,등록명·별칭 일치 안 됨,수집된 상위 상품명에서 등록 기본명 직접 일치 확인 못함,아프리카 망고 종자추출물,5,아프리카망고 와일드 망고 종자 추출물 아디포넥틴 3통 3개월분 / 뉴일리 아프리카 망고골드 미국산 와일드 망고 100% 종자추출물 60정 3개 / 와일드 망고 종자 아프리카망고 씨앗 추출물 분말 정 미국산,,,,2026-09-30,,조회 결과의 확인 실패 사유; 전체 시장 판매 부재 아님
ing_01704c6c4317c5bc,액상 다래추출물,미확인,해당없음(원료),동일명 C003 신고 섭취방법에 제조 원료 사용 명시,액상 다래추출물,5,"맛있는 액상 영양제 큐비앤 면역밸런스엔 다래추출물 키즈 60포, 6개 / 이지아이 엘더베리 아기 엘더베리 시럽 액상 아연 비타민D 토종다래추출물 10ml, 6개 / 다래추출물 면역과민반응 개선 스틱30포",200800151862,건강기능식품 원료로 사용,7690,2026-09-30,2026-09-29,소비자 완제품 판매칸 해당없음; 원료 B2B·함유제품 판매 부재 아님
ing_1cf2a1f02c3b21a4,양춘사추출물,미확인,식품 판매 근거 부족,광고·비식품·식품인지 불명확한 결과만 확인,양춘사추출물,4,양춘사추출물 바나바잎효능 식후혈당 다이어트 건강한 밸런스 60정 / 프리미엄 양춘사 추출물 바나바잎 / 프리미엄 양춘사 60정 추출물 바나바잎 사인,,,,2026-09-30,,조회 결과의 확인 실패 사유; 전체 시장 판매 부재 아님
ing_2ff5bcc317d0b99c,어린도두꼬투리추출물,미확인,등록명·별칭 일치 안 됨,수집된 상위 상품명에서 등록 기본명 직접 일치 확인 못함,어린도두꼬투리추출물,3,"해외(아이허브) 닥터스베스트 퀘르세틴 브로멜라인 베지캡슐 180정 / 와사비잎 고농축 와사비 효능 이소비텍신 / 참굿즈 글루타치온 콜라겐 밸런스 정 120정, 3개",,,,2026-09-30,,조회 결과의 확인 실패 사유; 전체 시장 판매 부재 아님
ing_f3d796aa60826a73,연어 펩타이드,미확인,등록명·별칭 일치 안 됨,수집된 상위 상품명에서 등록 기본명 직접 일치 확인 못함,연어 펩타이드,5,해외캐나다 생선 콜라겐 펩타이드 200일분 저분자 알래스카 피쉬 연어 캡슐 코라겐 피시콜라젠 / 1+1 메디큐브 연어 PDRN 핑크 펩타이드 앰플 30ml+50ml + 거울키링 / 인젝티어 연어 PDRN 앰플 히알루론산 펩타이드 기미 미백 탄력 리프팅 에센스,,,,2026-09-30,,조회 결과의 확인 실패 사유; 전체 시장 판매 부재 아님
ing_7f7f02449b1a0e5f,연어이리추출물(DOT™연어핵산),미확인,상표·균주·제품코드 불일치,일반명은 나오지만 등록된 고유 표기 미확인,연어이리추출물,6,해외켄코오엔단 리보핵산 연어이리추출물 핵산이풍부한음식 90정 6개 세트 / 해외인십 리보핵산 연어이리추출물 핵산이풍부한음식 3개 세트 / 해외인십 리보핵산 연어이리추출물 핵산이풍부한음식 6개 세트,,,,2026-09-30,,조회 결과의 확인 실패 사유; 전체 시장 판매 부재 아님
ing_ef0fff310321b2d2,열처리녹차추출물,미확인,해당없음(원료),동일명 C003 신고 섭취방법에 제조 원료 사용 명시,열처리녹차추출물,4,종근당건강 아이팜 루테인 500mg x 90캡슐 1개 / 유니삼 30P 1회용 화이트 사각 녹차 티백 부직포 공티백 70x120 열처리티백 거름망 / 녹차 유념기 꽃잎 차가공기 덖음 수제차만들기 차덖기 볶음 기계 덖기 제품 열처리 녹차유념기 로스터 기본,20040017031265,건강기능식품 원료로 사용,15165,2026-09-30,2026-09-29,소비자 완제품 판매칸 해당없음; 원료 B2B·함유제품 판매 부재 아님
ing_c8e216b7e8f08090,영지버섯균사체추출분말,미확인,등록명·별칭 일치 안 됨,수집된 상위 상품명에서 등록 기본명 직접 일치 확인 못함,영지버섯균사체추출분말,4,"뉴일리 리얼 베타글루칸 60정 3박스 / 해외나우푸드 영지 버섯 270mg 100 야채 캡슐 / 해외영지버섯 추출분말 베타글루칸 리얼머쉬룸 레이쉬 영지버섯추출 레이시 200캡슐, 1개",,,,2026-09-30,,조회 결과의 확인 실패 사유; 전체 시장 판매 부재 아님
ing_199101468fd9d037,오가피열매추출물,미확인,등록명·별칭 일치 안 됨,수집된 상위 상품명에서 등록 기본명 직접 일치 확인 못함,오가피열매추출물,4,오가피열매 오가자 300g 국산 국내산 / 국산 오가피열매 300g / 자연산 야생 오가피나무 껍질 600g 300g 오갈피나무 열매,,,,2026-09-30,,조회 결과의 확인 실패 사유; 전체 시장 판매 부재 아님
ing_e2d716183ee31dcc,오미자·두충·구기자추출복합물,미확인,조회 결과 없음,수집된 상위 상품 결과 0개,오미자·두충·구기자추출복합물,0,,,,,2026-09-30,,조회 결과의 확인 실패 사유; 전체 시장 판매 부재 아님
ing_7e860efa2244974b,오미자박추출물,미확인,해당없음(원료),동일명 C003 신고 섭취방법에 제조 원료 사용 명시,오미자박추출물,1,솔티스 간 프로텍션 20정,20130020024524,건강기능식품 원료로 사용,43477,2026-09-30,2026-09-29,소비자 완제품 판매칸 해당없음; 원료 B2B·함유제품 판매 부재 아님
ing_77f4418e430c25bf,옥수수배아추출물,미확인,조회 결과 없음,수집된 상위 상품 결과 0개,옥수수배아추출물,0,,,,,2026-09-30,,조회 결과의 확인 실패 사유; 전체 시장 판매 부재 아님
ing_91113d746cb7350b,옥수수수염·레몬밤추출복합물(CL-5MoA),미확인,등록명·별칭 일치 안 됨,수집된 상위 상품명에서 등록 기본명 직접 일치 확인 못함,옥수수수염·레몬밤추출복합물,4,"레몬밤 민들레 추출물 밀크씨슬 단델리온 추출 복합물 60정, 2개 / 레몬밤 민들레 추출물 밀크씨슬 단델리온 추출 복합물 60정, 6개 / 뉴트로웨이 레몬밤단델리온복합분말120g 민들레추출분말 로즈마린산 폴리페놀 비타민C 플라보노이드 HACCP",,,,2026-09-30,,조회 결과의 확인 실패 사유; 전체 시장 판매 부재 아님
ing_2b9d1958681d32fe,올리브잎주정추출물,미확인,등록명·별칭 일치 안 됨,수집된 상위 상품명에서 등록 기본명 직접 일치 확인 못함,올리브잎주정추출물,4,"센트룸 타마플렉스 올인원 관절 연골 근육 30정, 1개 / 베르베린 매자나무열매 분말 미숙 여주 추출물 600mg 60정, 1개 / 해외헬스윈 초록입홍합 오일 35000 60캡슐 (2개월분)",,,,2026-09-30,,조회 결과의 확인 실패 사유; 전체 시장 판매 부재 아님
ing_a8ff85b7063903d6,올리브잎주정추출물 EFLA943,미확인,조회 결과 없음,수집된 상위 상품 결과 0개,올리브잎주정추출물 EFLA943,0,,,,,2026-09-30,,조회 결과의 확인 실패 사유; 전체 시장 판매 부재 아님
ing_17110590442bada8,옻나무 추출분말,미확인,해당없음(원료),동일명 C003 신고 섭취방법에 제조 원료 사용 명시,옻나무 추출분말,19,옻나무 열매 붉나무 수막 분말 Sumac powder Rhus coriaria 100g / 해외바이오조이 옻나무 열매 수막 파우더 가루 250g sumac powder / 500g 옻나무 참옻나무,200500170112,건강기능식품 원료로 사용,20026,2026-09-30,2026-09-29,소비자 완제품 판매칸 해당없음; 원료 B2B·함유제품 판매 부재 아님
ing_9f5a731d25184f44,와사비잎추출물(NCWL01),미확인,상표·균주·제품코드 불일치,일반명은 나오지만 등록된 고유 표기 미확인,와사비잎추출물,23,"랩온랩 국내산95% 와사비잎 추출물 텍신 이소비텍신 120정, 1개 / 와사비 잎 추출물 플러스 국내산 95% HACCP 이소비텍신 60정, 1개 / 아임뉴트리 국내산 99% 리얼 와사비잎 추출물 맥스 식약처 HACCP 60정, 1개",,,,2026-09-30,,조회 결과의 확인 실패 사유; 전체 시장 판매 부재 아님
ing_075d31c1c4cce493,우뭇가사리추출물,미확인,등록명·별칭 일치 안 됨,수집된 상위 상품명에서 등록 기본명 직접 일치 확인 못함,우뭇가사리추출물,4,"녹십자웰빙 PNT 베르베린 500mg 매자나무추출물 여주추출물 60정, 2개 / 고려은단 루테인 지아잔틴 아스타잔틴 60캡슐, 3개 (6개월분) / 해외쏜리서치 베르베린 1000mg 60캡슐 고순도 HCI",,,,2026-09-30,,조회 결과의 확인 실패 사유; 전체 시장 판매 부재 아님
ing_b709804b2c475f0a,우슬 등 복합물(HL-Joint100),미확인,상표·균주·제품코드 불일치,일반명은 나오지만 등록된 고유 표기 미확인,우슬 등 복합물,7,관절연골엔 우슬조인트100 프리미엄 2박스 2개월분 우슬등복합물 / 관절연골엔 우슬조인트100 프리미엄 4박스 4개월분 우슬등복합물 / 이너띵스 우슬복합물 우슬등복합물 12개월분 6병,,,,2026-09-30,,조회 결과의 확인 실패 사유; 전체 시장 판매 부재 아님
ing_1008d83db6d37dc2,유단백가수분해물(락티움),미확인,해당없음(원료),동일명 C003 신고 섭취방법에 제조 원료 사용 명시,유단백가수분해물,6,1+1 애터미 꿀잠 락티움 (60정) 유단백가수분해물 / 종근당 칼슘 앤 마그네슘 비타민D 아연 180정 4병(12개월분)+비타C젤리 오렌지향 2봉 / GNM 수면건강엔 락티움 마그네슘 비타민B 3박스 (총 3개월분),20040015104179,건강기능식품 원료로 사용,3018,2026-09-30,2026-09-29,소비자 완제품 판매칸 해당없음; 원료 B2B·함유제품 판매 부재 아님
ing_23bb468561f011ab,유산균 발효 다시마추출물,미확인,해당없음(원료),동일명 C003 신고 섭취방법에 제조 원료 사용 명시,유산균 발효 다시마추출물,44,"효소원N 효소 곡물 발효 현미 과립 90포 / [2통] 3일의 기적 네츄럴 파워 장건강 비움 함초 다시마 상쾌한 변화 390g / 청미정 EM 발효 다시마 천연샴푸 무향 500ml, 1개",201100160062,건강기능식품 원료로 사용,7930,2026-09-30,2026-09-29,소비자 완제품 판매칸 해당없음; 원료 B2B·함유제품 판매 부재 아님
ing_734973782d1f5ef5,유산균발효대두분말,미확인,등록명·별칭 일치 안 됨,수집된 상위 상품명에서 등록 기본명 직접 일치 확인 못함,유산균발효대두분말,4,"헬시알엔 100억 혈당유산균 바나바잎 코로솔산 식후혈당 당케어 30캡슐, 1개 / 동화약품 인지력 케어 DW2009 400mg x 60캡슐 1개 / 딱좋아 청인 식물성 유산균 S 프리바이오틱스 포스트바이오틱스 장건강 발효 90포, 1개",,,,2026-09-30,,조회 결과의 확인 실패 사유; 전체 시장 판매 부재 아님
ing_3520f74ba2d2b7af,유산균발효마늘추출분말,미확인,조회 결과 없음,수집된 상위 상품 결과 0개,유산균발효마늘추출분말,0,,,,,2026-09-30,,조회 결과의 확인 실패 사유; 전체 시장 판매 부재 아님
ing_e48f5c6cd7c40264,유산균복합물(AB-LIFE®),미확인,상표·균주·제품코드 불일치,일반명은 나오지만 등록된 고유 표기 미확인,유산균복합물,4,"뇌 유산균 장뇌 동시케어 유산균 복합물 대장 서식 비피더스균 비타민D 30포, 1개 / 프로뉴트리션 듀얼플랜 다이어트 유산균 2.5g x 14포, 2박스 / [3개월] 내츄럴플러스 기억력케어 앤 유산균 은행잎추출물 프로바이오틱스 30캡슐, 3개",,,,2026-09-30,,조회 결과의 확인 실패 사유; 전체 시장 판매 부재 아님
ing_1926c74a3f07da06,유산균복합물(AB-LIFEⓇ),미확인,상표·균주·제품코드 불일치,일반명은 나오지만 등록된 고유 표기 미확인,유산균복합물,4,"뇌 유산균 장뇌 동시케어 유산균 복합물 대장 서식 비피더스균 비타민D 30포, 1개 / 프로뉴트리션 듀얼플랜 다이어트 유산균 2.5g x 14포, 2박스 / [3개월] 내츄럴플러스 기억력케어 앤 유산균 은행잎추출물 프로바이오틱스 30캡슐, 3개",,,,2026-09-30,,조회 결과의 확인 실패 사유; 전체 시장 판매 부재 아님
ing_4c22fca7cdaed4f0,유청단백지질추출물,미확인,해당없음(원료),동일명 C003 신고 섭취방법에 제조 원료 사용 명시,유청단백지질추출물,4,"백세식품 MBP 유단백추출물 분말 200g통 20일분 HACCP 인증 / 네덜란드 산양유 식물성 대두 단백질 분말 유청 단백질 효능 파우더 유단백추출물 mbp가루 / 셀스 프리미엄 유단백추출물 MBP 산양유 농축유청단백질 500g, 2개",2004001901017,건강기능식품 원료로 사용,22630,2026-09-30,2026-09-29,소비자 완제품 판매칸 해당없음; 원료 B2B·함유제품 판매 부재 아님
ing_746f8921e2a3b00a,유크림농축분말,미확인,등록명·별칭 일치 안 됨,수집된 상위 상품명에서 등록 기본명 직접 일치 확인 못함,유크림농축분말,4,"CJ웰케어 전립소 골드 쏘팔메토 아연 60캡슐, 2개 / 데일리원 오 마이 크랜베리 정 여성 미국산 100% 농축 분말 대용량 90정, 1개 / [3개월] 일양약품 프라임 철분 엽산 비타민D 90정, 1개",,,,2026-09-30,,조회 결과의 확인 실패 사유; 전체 시장 판매 부재 아님
ing_685a36d314d53663,이소말토올리고당,미확인,식품 판매 근거 부족,광고·비식품·식품인지 불명확한 결과만 확인,이소말토올리고당,11,남원 유기농 쌀로만든 유기농 이소말토 올리고당 / 유기농 이소말토 올리고당 오직 유기농쌀+NON GMO효소만 사용 / 청정원 이소말토올리고당 1.2kg 가정용,,,,2026-09-30,,조회 결과의 확인 실패 사유; 전체 시장 판매 부재 아님
ing_80452ad550b5e364,인동덩굴꽃봉오리추출물(그린세라-F),미확인,식품 판매 근거 부족,광고·비식품·식품인지 불명확한 결과만 확인,인동덩굴꽃봉오리추출물,8,"GC 녹십자 웰빙 위건강엔 그린세라 2박스 2개월분 인동덩굴꽃봉오리 추출물 그린세라F / 녹십자웰빙 위건강엔 그린세라-F 에프 30포, 4개 / 종근당 위건강 프로젝트 365 그린세라 위점막보호 액상 30포, 2개",,,,2026-09-30,,조회 결과의 확인 실패 사유; 전체 시장 판매 부재 아님
ing_d249b94079971024,인디안구스베리·새싹보리추출복합물(IB Complex),미확인,해당없음(원료),동일명 C003 신고 섭취방법에 제조 원료 사용 명시,인디안구스베리·새싹보리추출복합물,0,,20040017061105,건강기능식품 원료로 사용,42774,2026-09-30,2026-09-29,소비자 완제품 판매칸 해당없음; 원료 B2B·함유제품 판매 부재 아님
ing_ca6475ad49f2db18,인삼가수분해 농축액,미확인,해당없음(원료),동일명 C003 신고 섭취방법에 제조 원료 사용 명시,인삼가수분해 농축액,13,정관장 에브리타임 샷 20ml 20개입 / [네이버단독] 정관장 에브리타임 소프트 10ml 50포 / 정관장 홍삼진고 바이탈스틱 10g 30포,20040015100101,건강기능식품 원료로 사용,408,2026-09-30,2026-09-29,소비자 완제품 판매칸 해당없음; 원료 B2B·함유제품 판매 부재 아님
ing_3fcb037299217ed4,인삼다당체추출물,미확인,등록명·별칭 일치 안 됨,수집된 상위 상품명에서 등록 기본명 직접 일치 확인 못함,인삼다당체추출물,6,"혜민원 인삼다당체 진산 데일리 스틱 TV방영 30포, 1개 / 혜민원 인삼다당체 진산 로얄 TV방영 특허 공법 원료 30포, 1개 / 혜민원 인삼다당체 진산 데일리 스틱 TV방영 10포, 1개",,,,2026-09-30,,조회 결과의 확인 실패 사유; 전체 시장 판매 부재 아님
ing_c08fc5fbce42dab6,인삼추출물,미확인,등록명·별칭 일치 안 됨,수집된 상위 상품명에서 등록 기본명 직접 일치 확인 못함,인삼추출물,18,"혜민원 인삼다당체 진산 데일리 스틱 TV방영 30포, 1개 / 농협 황제 산삼배양근진액 30포 산삼선물세트 / 인삼 혼합추출물 장수골드 90ml 건강음료 한방건강음료 장수골드 인삼음료 건강음료차",,,,2026-09-30,,조회 결과의 확인 실패 사유; 전체 시장 판매 부재 아님
ing_fbacad148d219195,자몽추출물등 복합물(Sinetrol),미확인,등록명·별칭 일치 안 됨,수집된 상위 상품명에서 등록 기본명 직접 일치 확인 못함,자몽추출물등 복합물,44,[2개월분] 뉴오리진 코어리셋 혈당컷 다이어트 (4박스) / 해외Country Life 자몽오렌지 추출물 복합물 120정 1+1 / 해외Life Extension 자몽오렌지 추출물 복합물 60정 1+1,,,,2026-09-30,,조회 결과의 확인 실패 사유; 전체 시장 판매 부재 아님
ing_92105d1e1116135e,자일로올리고당(xylooligosaccharide) 분말,미확인,등록명·별칭 일치 안 됨,수집된 상위 상품명에서 등록 기본명 직접 일치 확인 못함,자일로올리고당 분말,7,"더리틀스 프리바이오 자일로부스터 자일로 프락토 올리고당 프리바이오틱스 30포 4박스 / 종근당 프리바이오틱스 프락토올리고당 FOS분말 6박스(6개월분) / [슈퍼적립] 지큐랩 프로 프리 포스트바이오틱스 PPP 프리미엄 유산균 30포, 3개",,,,2026-09-30,,조회 결과의 확인 실패 사유; 전체 시장 판매 부재 아님
ing_5f40cad805342a89,자일로올리고당(xylooligosaccharide)액상,미확인,등록명·별칭 일치 안 됨,수집된 상위 상품명에서 등록 기본명 직접 일치 확인 못함,자일로올리고당 액상,5,"닥터피엔티 엑스오 비오프리 자일로올리고당 / 종근당 프리바이오틱스 프락토올리고당 FOS분말 6박스(6개월분) / [슈퍼적립] 지큐랩 프로 프리 포스트바이오틱스 PPP 프리미엄 유산균 30포, 3개",,,,2026-09-30,,조회 결과의 확인 실패 사유; 전체 시장 판매 부재 아님
ing_12b4ec4871dfdf51,자일리톨,미확인,식품 판매 근거 부족,광고·비식품·식품인지 불명확한 결과만 확인,자일리톨,44,롯데 무설탕 자일리톨 그린 껌 공부할때 씹는 졸음 금연 틀니 붙지않는 치아 당뇨 민트 / 롯데웰푸드 자일리톨 알파 오리지날 리필 102g x 4개 / 오리온 더 자일리톨 껌 리필 122g 3개,,,,2026-09-30,,조회 결과의 확인 실패 사유; 전체 시장 판매 부재 아님
ing_7714bd3fc9a5abaa,작약추출물등복합물(HT074),미확인,조회 결과 없음,수집된 상위 상품 결과 0개,작약추출물등복합물,0,,,,,2026-09-30,,조회 결과의 확인 실패 사유; 전체 시장 판매 부재 아님
ing_a7c7ab60ab6753a5,장미꽃잎추출물(NOVAROSE®),미확인,해당없음(원료),동일명 C003 신고 섭취방법에 제조 원료 사용 명시,장미꽃잎추출물,4,해외베나모르 로사 아멜리에 립크림 10ml 2개 프리한19 포르투갈 기적의크림 입술보습 장미꽃잎추출물 / Kneipp 크나이프 크림 바스 로즈 델리킷 팸퍼링 케어 - 고품질 유기농 장미 꽃잎 추출물과 영양 오일 콤플렉스가 함유된 목욕 첨가제 매끄러운 피부 느낌을 주고 피부에 영양을 공 / 해외마시는 먹는 장미꽃잎추출물 차 355mL,2004002005040,건강기능식품 원료로 사용,41524,2026-09-30,2026-09-29,소비자 완제품 판매칸 해당없음; 원료 B2B·함유제품 판매 부재 아님
ing_90095a4a787e575b,저분자 피쉬 콜라겐 펩타이드 (Naticol® BPMG),미확인,상표·균주·제품코드 불일치,일반명은 나오지만 등록된 고유 표기 미확인,저분자 피쉬 콜라겐 펩타이드,44,에버콜라겐 타임비오틴업100포 저분자피쉬콜라겐 / 절대콜라겐 프랑스 저분자 피쉬 콜라겐 펩타이드 어류 어린 가루 오리지널 150g / 지웨이 초저분자 콜라겐 300달톤 먹는 어린 저분자 피쉬콜라겐 펩타이드 150g,,,,2026-09-30,,조회 결과의 확인 실패 사유; 전체 시장 판매 부재 아님
ing_777ac18ccc32fb0c,저분자돈태반펩타이드,미확인,등록명·별칭 일치 안 됨,수집된 상위 상품명에서 등록 기본명 직접 일치 확인 못함,저분자돈태반펩타이드,4,"예약[4박스] 닥터린 저분자 모발 콜라겐 플러스 저분자콜라겐펩타이드 14포, 4개 / 절대콜라겐 프랑스 저분자 피쉬 콜라겐 펩타이드 어류 어린 가루 오리지널 150g / 뉴트리 에버콜라겐 인앤업플러스 6주분x1통 GPH 저분자 트리 펩타이드 콜라겐",,,,2026-09-30,,조회 결과의 확인 실패 사유; 전체 시장 판매 부재 아님
ing_162c3693c680ad7a,저분자유청단백가수분해물,미확인,등록명·별칭 일치 안 됨,수집된 상위 상품명에서 등록 기본명 직접 일치 확인 못함,저분자유청단백가수분해물,4,유청단백가수분해물 분리유청 근력단백질 분리유당 락토프리 WPI 저분자 분말 가루 210g / 유청단백가수분해물 근력단백질 분리유청 분리유당 락토프리 WPI 저분자 분말 가루 / 근력단백질 유청단백가수분해물 분리유당 락토프리 WPI 저분자 분말 가루 300gX2개,,,,2026-09-30,,조회 결과의 확인 실패 사유; 전체 시장 판매 부재 아님
ing_cb20b197410d00d0,저분자콜라겐펩타이드 AG,미확인,해당없음(원료),동일명 C003 신고 섭취방법에 제조 원료 사용 명시,저분자콜라겐펩타이드 AG,5,"[네이버단독] 뉴트리 에버콜라겐 타임비오틴업 3개월분+10일 GPH 저분자 트리 펩타이드 / [+비타민 구미젤리 증정] 종근당건강 올앳미 비타콜라겐 저분자 콜라겐 펩타이드 30포, 2개 / [6개월] 더작 저분자 콜라겐 비오틴 초저분자 펩타이드 300달톤 히알루론산 60정, 3개",201100160048,건강기능식품 원료로 사용,8405,2026-09-30,2026-09-29,소비자 완제품 판매칸 해당없음; 원료 B2B·함유제품 판매 부재 아님
ing_1d21fb2d4816f496,저분자콜라겐펩타이드NS,미확인,등록명·별칭 일치 안 됨,수집된 상위 상품명에서 등록 기본명 직접 일치 확인 못함,저분자콜라겐펩타이드NS,4,"주영엔에스 모발 콜라겐 3270 20ml 28포, 4개 / 주영엔에스 모발 콜라겐 3270 28포, 2개 / 주영엔에스 모발 콜라겐 3270 28포 저분자 어린 스틱 이너뷰티 헤어 간편섭취",,,,2026-09-30,,조회 결과의 확인 실패 사유; 전체 시장 판매 부재 아님
ing_f3bd6d6c6d257ddd,저분자콜라겐펩타이드SH,미확인,해당없음(원료),동일명 C003 신고 섭취방법에 제조 원료 사용 명시,저분자콜라겐펩타이드SH,4,"[네이버단독] 뉴트리 에버콜라겐 타임비오틴업 3개월분+10일 GPH 저분자 트리 펩타이드 / [+비타민 구미젤리 증정] 종근당건강 올앳미 비타콜라겐 저분자 콜라겐 펩타이드 30포, 2개 / [6개월] 더작 저분자 콜라겐 비오틴 초저분자 펩타이드 300달톤 히알루론산 60정, 3개",200400200061751,건강기능식품  원료로 사용,33195,2026-09-30,2026-09-29,소비자 완제품 판매칸 해당없음; 원료 B2B·함유제품 판매 부재 아님
ing_4772a02d1a1d3291,적포도발효농축액,미확인,등록명·별칭 일치 안 됨,수집된 상위 상품명에서 등록 기본명 직접 일치 확인 못함,적포도발효농축액,4,"더진한BE 뱅쇼 적포도, 40g, 42개 / 적포도베이스 과일농축액 포도스무디 1kg / 한솔식품원료 적포도농축액(칠레 100%) 20KG",,,,2026-09-30,,조회 결과의 확인 실패 사유; 전체 시장 판매 부재 아님
ing_83b08de01653c999,전칠삼추출물 등 복합물,미확인,해당없음(원료),동일명 C003 신고 섭취방법에 제조 원료 사용 명시,전칠삼추출물 등 복합물,0,,200700170334,건강기능식품 원료로 사용,20012,2026-09-30,2026-09-29,소비자 완제품 판매칸 해당없음; 원료 B2B·함유제품 판매 부재 아님
ing_4acbc01df8f2e7a8,전호잎추출물,미확인,등록명·별칭 일치 안 됨,수집된 상위 상품명에서 등록 기본명 직접 일치 확인 못함,전호잎추출물,4,"GC녹십자웰빙 관절엔 리나린 프리미엄 구절초추출물 시즌2 70mL 20포 / 아임뉴트리 난각막 가수분해물 DEN 스페인산 순도 고함량 추출물 60정, 6개 / 정관장 화애락 후 활력포커스 70ml 30포",,,,2026-09-30,,조회 결과의 확인 실패 사유; 전체 시장 판매 부재 아님
ing_0451de0435a79020,정어리펩타이드 SP100N,미확인,등록명·별칭 일치 안 됨,수집된 상위 상품명에서 등록 기본명 직접 일치 확인 못함,정어리펩타이드 SP100N,5,해외디어네츄라골드 정어리펩타이드 바릴티로신 서든펩타이드 60정 / 해외디어네츄라골드 정어리펩타이드 바릴티로신 서든펩타이드 120정 / 해외디아나츄라골드 정어리펩타이드 60정,,,,2026-09-30,,조회 결과의 확인 실패 사유; 전체 시장 판매 부재 아님
ing_6675e08941d9ebea,정제오징어유,미확인,등록명·별칭 일치 안 됨,수집된 상위 상품명에서 등록 기본명 직접 일치 확인 못함,정제오징어유,4,"테라큐민 맥스 60 수용성 커큐민 고분자 폴리머 강황 정제 흡수율 85배 60정, 1개 / 비오비타 패밀리 미니정제 84정, 3개 / [2개월] 종근당 철분 엽산 비타민D 플러스 60캡슐, 1개",,,,2026-09-30,,조회 결과의 확인 실패 사유; 전체 시장 판매 부재 아님
ing_6a0dee3d4c31ab58,중쇄지방산 함유유지,미확인,등록명·별칭 일치 안 됨,수집된 상위 상품명에서 등록 기본명 직접 일치 확인 못함,중쇄지방산 함유유지,5,한미양행 혈행개선 초임계 장용성 알티지 오메가3 1050mg1박스 / 종근당 알티지 오메가3 비타민d 초임계 rtg 2개월분 / 딥씨 알티지 rTG 오메가-3 1383mg x 60캡슐,,,,2026-09-30,,조회 결과의 확인 실패 사유; 전체 시장 판매 부재 아님
ing_11401c575f613cab,중쇄지방산(MCFA)함유 유지,미확인,등록명·별칭 일치 안 됨,수집된 상위 상품명에서 등록 기본명 직접 일치 확인 못함,중쇄지방산 함유 유지,4,한미양행 혈행개선 초임계 장용성 알티지 오메가3 1050mg1박스 / 종근당 알티지 오메가3 비타민d 초임계 rtg 2개월분 / 딥씨 알티지 rTG 오메가-3 1383mg x 60캡슐,,,,2026-09-30,,조회 결과의 확인 실패 사유; 전체 시장 판매 부재 아님
ing_39716c3aee7d70eb,증숙생강추출분말(GGE03),미확인,해당없음(원료),동일명 C003 신고 섭취방법에 제조 원료 사용 명시,증숙생강추출분말,0,,20040020031599,건강기능식품의 원료로 사용,45887,2026-09-30,2026-09-29,소비자 완제품 판매칸 해당없음; 원료 B2B·함유제품 판매 부재 아님
ing_a662dbd6f391185d,지각상엽 추출 혼합물,미확인,등록명·별칭 일치 안 됨,수집된 상위 상품명에서 등록 기본명 직접 일치 확인 못함,지각상엽 추출 혼합물,44,니프젠 스파이크 프리미엄 600mg 30정 2박스 니푸젠 바나바잎 여주추출물 혈당관리 / 해외캘리포니아골드 꽃가루 플라워 추출 Flower Pollen 캡슐 90정 / 뉴트로웨이 프리미엄 소연골 콘드로이친 60정 황산 보스웰리아,,,,2026-09-30,,조회 결과의 확인 실패 사유; 전체 시장 판매 부재 아님
ing_397930e8fbed4893,지방산복합물 FAC(Fatty Acid Complex),미확인,등록명·별칭 일치 안 됨,수집된 상위 상품명에서 등록 기본명 직접 일치 확인 못함,지방산복합물 FAC,42,"위건강엔 매스틱 복합체 매스틱검 분말가루 매스틱정 락토바실러스 복합물유산균 브로콜리 효능 / 조인 트러스트 플러스 지방산복합물 관절건강 부모님선물 330mg,120캡슐 / 롯데하이마트 플럭스 PLX-FAC1826CHWH",,,,2026-09-30,,조회 결과의 확인 실패 사유; 전체 시장 판매 부재 아님
ing_67be79e568f8e36c,지아잔틴 추출물,미확인,등록명·별칭 일치 안 됨,수집된 상위 상품명에서 등록 기본명 직접 일치 확인 못함,지아잔틴 추출물,15,"[리발란스 기획전] 루테인 지아잔틴 아스타잔틴 서목태 추출물 식물성캡슐 8중 복합기능성 30캡슐, 6개 / 고려은단 루테인 지아잔틴 아스타잔틴 60캡슐, 3개 (6개월분) / GC녹십자 루테인 지아잔틴 미니 24 90캡슐 루테인지아잔틴 복합추출물 베타카로틴 식물성",,,,2026-09-30,,조회 결과의 확인 실패 사유; 전체 시장 판매 부재 아님
ing_60250e87e7d407ca,지초추출물,미확인,등록명·별칭 일치 안 됨,수집된 상위 상품명에서 등록 기본명 직접 일치 확인 못함,지초추출물,4,"녹십자웰빙 PNT 베르베린 500mg 매자나무추출물 여주추출물 60정, 2개 / 고려은단 루테인 지아잔틴 아스타잔틴 60캡슐, 3개 (6개월분) / 고려은단 퓨어 밀크씨슬 180정, 1개 (6개월분)",,,,2026-09-30,,조회 결과의 확인 실패 사유; 전체 시장 판매 부재 아님
ing_548f8c35b3fe8fea,지초추출분말,미확인,등록명·별칭 일치 안 됨,수집된 상위 상품명에서 등록 기본명 직접 일치 확인 못함,지초추출분말,4,"[슈퍼적립10%] 종근당 벤비티 이노시톨 맥스 4100 캐롭추출분말 30포, 2개 / [4개월] 닥터린 이노시톨 40:1 미오 D카이로 콜린 엽산 배합 30포, 4개 / 솔티스 간 프로텍션 프로 S2 20정, 3개",,,,2026-09-30,,조회 결과의 확인 실패 사유; 전체 시장 판매 부재 아님
ing_c11ba918042c7c17,차조기등복합추출물,미확인,등록명·별칭 일치 안 됨,수집된 상위 상품명에서 등록 기본명 직접 일치 확인 못함,차조기등복합추출물,4,"뉴질랜드 초록 푸른 홍합 초록입홍합 30캡슐 x 3박스 코스트코 그린 머슬 / [리발란스 기획전] 루테인 지아잔틴 아스타잔틴 서목태 추출물 식물성캡슐 8중 복합기능성 30캡슐, 6개 / 애터미 헤모힘 20ml x 60포, 1개",,,,2026-09-30,,조회 결과의 확인 실패 사유; 전체 시장 판매 부재 아님
ing_402ce6b33375e861,참깨박추출물,미확인,조회 결과 없음,수집된 상위 상품 결과 0개,참깨박추출물,0,,,,,2026-09-30,,조회 결과의 확인 실패 사유; 전체 시장 판매 부재 아님
ing_2b80444bc8ddd588,참나리추출분말,미확인,등록명·별칭 일치 안 됨,수집된 상위 상품명에서 등록 기본명 직접 일치 확인 못함,참나리추출분말,4,"[슈퍼적립10%] 종근당 벤비티 이노시톨 맥스 4100 캐롭추출분말 30포, 2개 / [4개월] 닥터린 이노시톨 40:1 미오 D카이로 콜린 엽산 배합 30포, 4개 / 솔티스 간 프로텍션 프로 S2 20정, 3개",,,,2026-09-30,,조회 결과의 확인 실패 사유; 전체 시장 판매 부재 아님
ing_5fec607262643883,참당귀 추출분말(Nutragen),미확인,해당없음(원료),동일명 C003 신고 섭취방법에 제조 원료 사용 명시,참당귀 추출분말,16,백세식품 참당귀추출분말 300g 통 HACCP 인증 / 국산 참당귀 분말 500g 천사초 황당귀 일당귀 여성건강 부모님 시니어 중년 건강 선물 / 조은약초 당귀 데커신 참당귀 추출분말,201500120101,건강기능식품 원료로 사용,25890,2026-09-30,2026-09-29,소비자 완제품 판매칸 해당없음; 원료 B2B·함유제품 판매 부재 아님
ing_ec0b8078d3c7435b,참당귀·녹용·황기 복합추출물,미확인,조회 결과 없음,수집된 상위 상품 결과 0개,참당귀·녹용·황기 복합추출물,0,,,,,2026-09-30,,조회 결과의 확인 실패 사유; 전체 시장 판매 부재 아님
ing_164cb61ab1f52589,참당귀황기추출복합물(SHPro®),미확인,해당없음(원료),동일명 C003 신고 섭취방법에 제조 원료 사용 명시,참당귀황기추출복합물,2,솔티스 전립선 프로텍션 포 맨 700mg x 20정 1개 / 솔티스 전립선 프로텍션 포 맨 20정,20130020024457,건강기능식품 원료로 사용,40969,2026-09-30,2026-09-29,소비자 완제품 판매칸 해당없음; 원료 B2B·함유제품 판매 부재 아님
ing_589511164f2fb855,창녕양파추출액,미확인,해당없음(원료),동일명 C003 신고 섭취방법에 제조 원료 사용 명시,창녕양파추출액,4,"[국산100%] 참앤들황토농원 맛있는 자색 양파즙 100ml 50포, 1개 / 밀팜 자색양파즙 물넣지않은 원물 100% NFC공법 순수 착즙 80ml x 30개입 / [푸딩스]창녕자색양파즙 2박스( 100ml x 60포)",20040016036126,건강기능식품 원료로 사용,8070,2026-09-30,2026-09-29,소비자 완제품 판매칸 해당없음; 원료 B2B·함유제품 판매 부재 아님
ing_9db16ef7464ac358,천마 등 복합추출물(HX106),미확인,등록명·별칭 일치 안 됨,수집된 상위 상품명에서 등록 기본명 직접 일치 확인 못함,천마 등 복합추출물,5,"뉴질랜드 초록 푸른 홍합 초록입홍합 30캡슐 x 3박스 코스트코 그린 머슬 / [리발란스 기획전] 루테인 지아잔틴 아스타잔틴 서목태 추출물 식물성캡슐 8중 복합기능성 30캡슐, 6개 / 애터미 헤모힘 20ml x 60포, 1개",,,,2026-09-30,,조회 결과의 확인 실패 사유; 전체 시장 판매 부재 아님
ing_c258a386ae71af44,천마추출물,미확인,식품 판매 근거 부족,광고·비식품·식품인지 불명확한 결과만 확인,천마추출물,5,MC-NH 국산 천마 뿌리 추출물 6년근홍삼 농축액 90포 / 해외허벌테라 가스트로딘 게스트로딘 천마 추출물 60ml / 해외허벌테라 천마 추출물 120ml,,,,2026-09-30,,조회 결과의 확인 실패 사유; 전체 시장 판매 부재 아님
ing_352dae319078b775,천심련추출물(ParActinⓇ),미확인,상표·균주·제품코드 불일치,일반명은 나오지만 등록된 고유 표기 미확인,천심련추출물,4,"관절엔 아나파랙틴 (천심련추출물, 비타민K, 비타민D,안드로그라폴라이드) 30캡슐, 3개 / 에이스바이옴 관절엔 아나파랙틴 아라파렉틴 천심련추출물 30정, 4개 / 관절엔 아나파랙틴 천심련추출물 아나파렉틴 30정, 2개",,,,2026-09-30,,조회 결과의 확인 실패 사유; 전체 시장 판매 부재 아님
ing_331e74318077df27,청국장균배양정제물(폴리감마글루탐산칼륨),미확인,해당없음(원료),동일명 C003 신고 섭취방법에 제조 원료 사용 명시,청국장균배양정제물,4,헬씨허그 프리미엄 메타바이오틱스 3g x 30포 / [엄마애손] 청국장 가루 500g/팩 국내산 대두 발효식품 유산균 효소 (복수구매) / 내츄럴플러스 낫토 혈행개선 낫또 나토키나제 섭취편한정제 550mg 30정(1개월분),200800200116,건강기능식품 원료로 사용,20817,2026-09-30,2026-09-29,소비자 완제품 판매칸 해당없음; 원료 B2B·함유제품 판매 부재 아님
ing_fb28409fac25696b,초록입홍합추출오일복합물,미확인,식품 판매 근거 부족,광고·비식품·식품인지 불명확한 결과만 확인,초록입홍합추출오일복합물,5,"씨스팡 관절팔팔 초록입홍합추출오일복합물 60정 2개 1박스 / [쇼핑백 증정] 씨스팡 관절팔팔플러스 311mg 초록입홍합추출오일 비타민D 60캡슐, 3개 / 고헬씨 고 뉴질랜드 초록입홍합 추출오일 60캡슐, 1개",,,,2026-09-30,,조회 결과의 확인 실패 사유; 전체 시장 판매 부재 아님
ing_893cc741a21c66ef,카제인가수분해물,미확인,등록명·별칭 일치 안 됨,수집된 상위 상품명에서 등록 기본명 직접 일치 확인 못함,카제인가수분해물,6,"종근당 칼슘 앤 마그네슘 비타민D 아연 180정 4병(12개월분)+비타C젤리 오렌지향 2봉 / 종근당건강 관절연골엔 NEM 엔이엠 난각막가수분해물 60캡슐, 1개 / [3개월] 닥터린 순도 98% 송중기 슈퍼 글루타치온 맥스 필름 효능 30매, 3개",,,,2026-09-30,,조회 결과의 확인 실패 사유; 전체 시장 판매 부재 아님
ing_0222f9b299ffa034,카카오분말,미확인,식품 판매 근거 부족,광고·비식품·식품인지 불명확한 결과만 확인,카카오분말,29,"[대장균검사] 코코아 파우더 무가당 가루 카카오 분말 180g, 1개 / 무가당 코코아 카카오가루 파우더 분말 100% 초코 라떼 500g, 1개 / 칼리바우트 코코아파우더 500g 프랑스 더치 무가당 카카오가루 카카오파우더 코코아분말",,,,2026-09-30,,조회 결과의 확인 실패 사유; 전체 시장 판매 부재 아님
ing_a547cc3a964a1bdd,커피만노올리고당분말,미확인,등록명·별칭 일치 안 됨,수집된 상위 상품명에서 등록 기본명 직접 일치 확인 못함,커피만노올리고당분말,4,"프렌치카페 카페믹스 디카페인, 100개입, 1개 / 빅트레인 바닐라빈 파우더 1.59kg, 1개 / 맥스웰하우스 화인 500g 리필형 블랙커피/자판기 커피/12봉까지",,,,2026-09-30,,조회 결과의 확인 실패 사유; 전체 시장 판매 부재 아님
ing_4f3a1b0174e40e8f,콜레우스 포스콜리 추출물 Forslean(기능성원료인정제2009-47호),미확인,등록명·별칭 일치 안 됨,수집된 상위 상품명에서 등록 기본명 직접 일치 확인 못함,콜레우스 포스콜리 추출물 Forslean,4,"세리박스 세리번 나이트 V2 3g x 28포 / 그린스토어 슬림 라인컷 다이어트 60정 1개월분 / NGT 네츄럴굿띵스 오늘은컷 콜레우스포스콜리 빨간포 혈당다이어트 14포, 3개",,,,2026-09-30,,조회 결과의 확인 실패 사유; 전체 시장 판매 부재 아님
ing_10acd651dcc78ce8,콜레우스 포스콜리 추출물(기능성원료인정제2011-42호),미확인,식품 판매 근거 부족,광고·비식품·식품인지 불명확한 결과만 확인,콜레우스 포스콜리 추출물,6,"해외뉴트리코스트 콜레우스 포스콜린 포스콜리 추출물 500mg 60캡슐 1개월분 / 세리박스 세리번 나이트 V2 3g x 28포 / NGT 네츄럴굿띵스 오늘은컷 콜레우스포스콜리 빨간포 혈당다이어트 14포, 3개",,,,2026-09-30,,조회 결과의 확인 실패 사유; 전체 시장 판매 부재 아님
ing_f7ed470e6cfed594,콜레우스 포스콜리 추출물(기능성원료인정제2012-5호),미확인,식품 판매 근거 부족,광고·비식품·식품인지 불명확한 결과만 확인,콜레우스 포스콜리 추출물,6,"해외뉴트리코스트 콜레우스 포스콜린 포스콜리 추출물 500mg 60캡슐 1개월분 / 세리박스 세리번 나이트 V2 3g x 28포 / NGT 네츄럴굿띵스 오늘은컷 콜레우스포스콜리 빨간포 혈당다이어트 14포, 3개",,,,2026-09-30,,조회 결과의 확인 실패 사유; 전체 시장 판매 부재 아님
ing_7aab58294e87dcd3,콩․보리 발효복합물,미확인,등록명·별칭 일치 안 됨,수집된 상위 상품명에서 등록 기본명 직접 일치 확인 못함,콩․보리 발효복합물,44,DMZ 통일촌 파주장단콩 보리 고추장 2kg 전통 재래식 수제 발효 고추장 / 저염 보리된장 속이편한 국산콩 수제된장 500g 황국균발효 저나트륨 건강 식단 / DMZ 통일촌 파주장단콩 보리 고추장 1kg 전통 재래식 수제 발효 고추장,,,,2026-09-30,,조회 결과의 확인 실패 사유; 전체 시장 판매 부재 아님
ing_73e81a336ffa8dc0,콩발효추출물,미확인,등록명·별칭 일치 안 됨,수집된 상위 상품명에서 등록 기본명 직접 일치 확인 못함,콩발효추출물,5,"징코 나토키나제 징코빌로바 은행잎추출물 기억력개선 혈행개선 30정, 1개 / 종근당건강 메가 나토키나제 자연발효 낫또 나또 나토균 배양물 90정 3개월분 / 해외270캡슐 닥터스베스트 나토키나제 나토키나아제 낫토 2000FUs",,,,2026-09-30,,조회 결과의 확인 실패 사유; 전체 시장 판매 부재 아님
ing_e3a37175908dfa75,크랜베리 추출물(Cran-Max),미확인,상표·균주·제품코드 불일치,일반명은 나오지만 등록된 고유 표기 미확인,크랜베리 추출물,26,"모비타 지노프레쉬 요로건강 파크랜 크랜베리 추출물 안토시아노사이드 60캡슐, 6개 / 해외뉴트리코스트 고함량 크랜베리 추출물 120캡슐 25g, 1개 / 해외뉴트리코스트 고함량 크랜베리 추출물 120캡슐 25g, 2개",,,,2026-09-30,,조회 결과의 확인 실패 사유; 전체 시장 판매 부재 아님
ing_7011c334041a6ba7,크릴오일(FJH-KO),미확인,상표·균주·제품코드 불일치,일반명은 나오지만 등록된 고유 표기 미확인,크릴오일,44,"[펄세스] 크릴58 크릴오일 800mg X 30캡슐, 6개 / [펄세스] 함익병 크릴56 크릴오일 1,000mg X 30캡슐, 12개 / 인지질58% 4박스 총 120캡슐 1000mg 크릴오일 새우 순수식품",,,,2026-09-30,,조회 결과의 확인 실패 사유; 전체 시장 판매 부재 아님
ing_7062c6809f8a3e22,크릴오일(SuperbaTM Boost),미확인,상표·균주·제품코드 불일치,일반명은 나오지만 등록된 고유 표기 미확인,크릴오일,44,"[펄세스] 크릴58 크릴오일 800mg X 30캡슐, 6개 / [펄세스] 함익병 크릴56 크릴오일 1,000mg X 30캡슐, 12개 / 인지질58% 4박스 총 120캡슐 1000mg 크릴오일 새우 순수식품",,,,2026-09-30,,조회 결과의 확인 실패 사유; 전체 시장 판매 부재 아님
ing_62053760598559df,크릴오일등복합물(FlexPro MDⓇ),미확인,상표·균주·제품코드 불일치,일반명은 나오지만 등록된 고유 표기 미확인,크릴오일등복합물,3,크릴오일 등 복합물 식물성 복합인지질 56 약3개월분 / 크릴오일 복합물 효능 등복합물 인지질 / 관절보궁 매일보궁 60캡슐 1개월분 관절영양 크릴오일등복합물 함유,,,,2026-09-30,,조회 결과의 확인 실패 사유; 전체 시장 판매 부재 아님
ing_55daf5a7649dbaa9,타가토스,미확인,식품 판매 근거 부족,광고·비식품·식품인지 불명확한 결과만 확인,타가토스,1,해외타가토스 그래뉼러 907g 2개 프리바이오틱 감미료,,,,2026-09-30,,조회 결과의 확인 실패 사유; 전체 시장 판매 부재 아님
ing_0011f1b33ce2ab31,타마린드강황주정추출복합물(TamaFlexⓇ),미확인,상표·균주·제품코드 불일치,일반명은 나오지만 등록된 고유 표기 미확인,타마린드강황주정추출복합물,4,"센트룸 타마플렉스 올인원 관절·연골·근육 타마린드강황주정추출복합물 30정, 1개 / 센트룸 타마플렉스 올인원 관절 연골 근육 30정, 1개 / 이너띵스 타마플러스 250mg 타마린드 강황 추출 복합물",,,,2026-09-30,,조회 결과의 확인 실패 사유; 전체 시장 판매 부재 아님
ing_5a586f92d2bf6461,타히보 추출물 (TabetriⓇ),미확인,상표·균주·제품코드 불일치,일반명은 나오지만 등록된 고유 표기 미확인,타히보 추출물,5,"타히보 추출물 타베 베라트릭산 트리 콘드로이친 효능 60정, 6개 / 자연속의이야기 브라질 타히보 추출물 600 맥스 / 프로테오글리칸 연어코연골 추출물 콘드로이친 프리테오글리칸 효능 60정, 1개",,,,2026-09-30,,조회 결과의 확인 실패 사유; 전체 시장 판매 부재 아님
ing_c6939eb142104abf,털부처꽃추출물,미확인,등록명·별칭 일치 안 됨,수집된 상위 상품명에서 등록 기본명 직접 일치 확인 못함,털부처꽃추출물,1,뉴트로웨이 바나바잎차 100티백 침출차 코로솔산 식이섬유 저온건조,,,,2026-09-30,,조회 결과의 확인 실패 사유; 전체 시장 판매 부재 아님
ing_15fc8c624d49abcf,테트라셀미스추이건조분말,미확인,조회 결과 없음,수집된 상위 상품 결과 0개,테트라셀미스추이건조분말,0,,,,,2026-09-30,,조회 결과의 확인 실패 사유; 전체 시장 판매 부재 아님
ing_58c1821cb9901e28,토치대두발효추출물,미확인,조회 결과 없음,수집된 상위 상품 결과 0개,토치대두발효추출물,0,,,,,2026-09-30,,조회 결과의 확인 실패 사유; 전체 시장 판매 부재 아님
ing_cc01da6398858129,티아이소크라이시스루테아분말,미확인,조회 결과 없음,수집된 상위 상품 결과 0개,티아이소크라이시스루테아분말,0,,,,,2026-09-30,,조회 결과의 확인 실패 사유; 전체 시장 판매 부재 아님
ing_c5256b8f5673c620,파비플로라생강뿌리추출물,미확인,식품 판매 근거 부족,광고·비식품·식품인지 불명확한 결과만 확인,파비플로라생강뿌리추출물,4,해외파비플로라 생강뿌리추출물 parviflora 태국 끄라차이담 흑생강 추출 100캡슐 / 루멘티 파비플로라 텍토크리신 티엔 14포 1박스(소비기한 26.12.22) / 영라뉴 장용성 파비플로라 PRO 440mg x 14캡슐 1박스,,,,2026-09-30,,조회 결과의 확인 실패 사유; 전체 시장 판매 부재 아님
ing_ccc8de250bb70f93,팔밋올레산 함유 명태(알래스카폴락)유래 정제어유,미확인,등록명·별칭 일치 안 됨,수집된 상위 상품명에서 등록 기본명 직접 일치 확인 못함,팔밋올레산 함유 명태 유래 정제어유,1,더리틀스 피부 오메가7 보라지유부스터 60캡슐,,,,2026-09-30,,조회 결과의 확인 실패 사유; 전체 시장 판매 부재 아님
ing_e2ef69ae665395de,포도과피 효소발효추출물(KL-GEFE),미확인,조회 결과 없음,수집된 상위 상품 결과 0개,포도과피 효소발효추출물,0,,,,,2026-09-30,,조회 결과의 확인 실패 사유; 전체 시장 판매 부재 아님
ing_97e372c432c826ec,포도블루베리추출혼합분말,미확인,등록명·별칭 일치 안 됨,수집된 상위 상품명에서 등록 기본명 직접 일치 확인 못함,포도블루베리추출혼합분말,1,"내츄럴플러스 프리미엄 루테인 골드 20mg 비타민A 90캡슐, 1개",,,,2026-09-30,,조회 결과의 확인 실패 사유; 전체 시장 판매 부재 아님
ing_01de9ae4084bbdd7,포도씨 효소분해 추출 분말,미확인,등록명·별칭 일치 안 됨,수집된 상위 상품명에서 등록 기본명 직접 일치 확인 못함,포도씨 효소분해 추출 분말,44,효소원N 효소 곡물 발효 현미 과립 90포 / 그레인온 골드 카무트 효소 G 2g x 30포 3개 / 에버그린 고순도 베르베린 HCL 매자나무열매 여주 추출물 식약청 HACCP 60정,,,,2026-09-30,,조회 결과의 확인 실패 사유; 전체 시장 판매 부재 아님
ing_b229f34babed0926,포도잎추출물(HP-01),미확인,등록명·별칭 일치 안 됨,수집된 상위 상품명에서 등록 기본명 직접 일치 확인 못함,포도잎추출물,7,"해외네추럴팩터스 베르베린 WellBetX Berberine 500mg 베지캡슐 120정 / 뉴트원 식물성 멜라토닌 2mg 포도추출물분말 약사개발 저입자 30정, 4개 / 해외솔라레이 베르베린 오레곤 포도 추출물 베지캡슐 60정 3개",,,,2026-09-30,,조회 결과의 확인 실패 사유; 전체 시장 판매 부재 아님
ing_053934a6c1eef4ca,포도종자추출물,미확인,등록명·별칭 일치 안 됨,수집된 상위 상품명에서 등록 기본명 직접 일치 확인 못함,포도종자추출물,5,"[3개월] 내츄럴플러스 프리미엄 키토산 골드 180캡슐, 1개 / 내츄럴플러스 프리미엄 루테인 골드 20mg 비타민A 90캡슐, 1개 / 해외네추럴팩터스 베르베린 WellBetX Berberine 500mg 베지캡슐 120정",,,,2026-09-30,,조회 결과의 확인 실패 사유; 전체 시장 판매 부재 아님
ing_291f0f2846bf8531,폴리코사놀-사탕수수왁스알코올,미확인,등록명·별칭 일치 안 됨,수집된 상위 상품명에서 등록 기본명 직접 일치 확인 못함,폴리코사놀-사탕수수왁스알코올,8,해외2통x닥터내츄럴 호주 폴리코사놀 12mg 사탕수수 왁스 알코올 / 레이델 폴리코사놀5 200mg 30정 / 유한양행 레이델 유한 폴리코사놀5 56정 콜레스테롤 2달분 데일리케어 사탕수수왁스알코올,,,,2026-09-30,,조회 결과의 확인 실패 사유; 전체 시장 판매 부재 아님
ing_12d52fab63369ce5,표고버섯균사체 AHCC,미확인,등록명·별칭 일치 안 됨,수집된 상위 상품명에서 등록 기본명 직접 일치 확인 못함,표고버섯균사체 AHCC,4,"AHCC 액상 메가포스골드 ahcc 고순도고함량 표고버섯균사체 알파글루칸 60포, 5개 / 해외(2병 세트) 키노코 플래티넘 AHCC 750mg, 표고버섯균사체 60캡슐 Quality of Life Kinoko Platinum AHCC 750ml 2set / AHCC 액상 메가포스골드 ahcc 고순도고함량 표고버섯균사체 알파글루칸 60포, 2개",,,,2026-09-30,,조회 결과의 확인 실패 사유; 전체 시장 판매 부재 아님
ing_3c2db12bd2ef6e97,표고버섯균사체추출물,미확인,등록명·별칭 일치 안 됨,수집된 상위 상품명에서 등록 기본명 직접 일치 확인 못함,표고버섯균사체추출물,4,"해외(2병 세트) 키노코 플래티넘 AHCC 750mg, 표고버섯균사체 60캡슐 Quality of Life Kinoko Platinum AHCC 750ml 2set / 해외키노코 플래티넘 AHCC 750mg, 표고버섯균사체 60캡슐 Quality of Life Kinoko Platinum AHCC 750ml / AHCC 액상 메가포스골드 ahcc 고순도고함량 표고버섯균사체 알파글루칸 60포, 2개",,,,2026-09-30,,조회 결과의 확인 실패 사유; 전체 시장 판매 부재 아님
ing_15a1141f225021f7,풋사과 농축분말(APPLOZINⓇ),미확인,상표·균주·제품코드 불일치,일반명은 나오지만 등록된 고유 표기 미확인,풋사과 농축분말,4,과일 청사과 분말 농축 풋사과 분말 1kg 주스 / 청풋사과농축분말 100g 샘플 / 청풋사과농축분말 1kg,,,,2026-09-30,,조회 결과의 확인 실패 사유; 전체 시장 판매 부재 아님
ing_edb5a35619448e9a,풋사과추출물 애플페논(Applephenon),미확인,상표·균주·제품코드 불일치,일반명은 나오지만 등록된 고유 표기 미확인,풋사과추출물 애플페논,6,"스키니랩 애플페논 250배농축 풋사과 다이어트 체지방감소 14포, 4개 / [1+1] 풋사과 다이어트 400mg x 60캡슐(24g) 총 1달분 풋사과추출물 애플페논 / 시너지 풋사과추출물 애플페논 식이섬유 청사과향 젤리 타입 시너핏 다이어트젤리 14포",,,,2026-09-30,,조회 결과의 확인 실패 사유; 전체 시장 판매 부재 아님
ing_4213d39356971d07,프로바이오틱스 HY7714,미확인,해당없음(원료),동일명 C003 신고 섭취방법에 제조 원료 사용 명시,프로바이오틱스 HY7714,1,"해외스킨 유산균 HY7714 프리바이오틱 프로바이오틱 30캡슐, 1개",2014001710711,건강기능식품 원료로 사용,10786,2026-09-30,2026-09-29,소비자 완제품 판매칸 해당없음; 원료 B2B·함유제품 판매 부재 아님
ing_7e3c7259de81caff,프로바이오틱스(Lactiplantibacillus plantarum KC3)·익모초추출복합물(CKDB-315),미확인,해당없음(원료),동일명 C003 신고 섭취방법에 제조 원료 사용 명시,프로바이오틱스 ·익모초추출복합물,44,"내츄럴플러스 기억력케어 앤 유산균 은행잎추출물 프로바이오틱스 30캡슐, 1개 / 뉴일리 기억력 앤 유산균 기억력케어 은행잎추출 두뇌 장건강 프로바이오틱스 60캡슐 / CNB 매스틱유산균UP 플란타럼 키오스매스틱 유산균사균체 배양물 제주양배추 브로콜리 90정",20160006007124,건강기능식품 원료로 사용 시 적정량 사용한다.,17858,2026-09-30,2026-09-29,소비자 완제품 판매칸 해당없음; 원료 B2B·함유제품 판매 부재 아님
ing_ea1b124e49155ed9,프로폴리스망고스틴껍질복합물,미확인,조회 결과 없음,수집된 상위 상품 결과 0개,프로폴리스망고스틴껍질복합물,0,,,,,2026-09-30,,조회 결과의 확인 실패 사유; 전체 시장 판매 부재 아님
ing_c474fe21e1586871,피롤로퀴놀린퀴논이나트륨염(NOVAQ®),미확인,상표·균주·제품코드 불일치,일반명은 나오지만 등록된 고유 표기 미확인,피롤로퀴놀린퀴논이나트륨염,5,"[닥터린] 두뇌엔 PQQ 알파(α) 4박스 / 닥터린 두뇌엔 PQQ 알파 피롤로퀴놀린퀴논이나트륨염 14정, 8개 / 닥터린 두뇌엔 PQQ 알파 피롤로퀴놀린퀴논이나트륨염 14정, 6개",,,,2026-09-30,,조회 결과의 확인 실패 사유; 전체 시장 판매 부재 아님
ing_e9b393789c560fcc,피브로인추출물 BF-7,미확인,등록명·별칭 일치 안 됨,수집된 상위 상품명에서 등록 기본명 직접 일치 확인 못함,피브로인추출물 BF-7,4,"종근당 브레인 리마인드샷 피브로인추출물 인지력 기억력개선 개별인정형 7개입, 4개 / 해외실크 피브로인 추출물 아미노산 누에 단백질 뉴로실크 60캡슐 / 실크피브로인 실크단백질 효소가수분해물 유산균 장 밀착 정착 부착 치커리추출물 유산균 먹이",,,,2026-09-30,,조회 결과의 확인 실패 사유; 전체 시장 판매 부재 아님
ing_0f03ff583d2d5bc4,피쉬 콜라겐펩타이드,미확인,판매경로 근거 부족,허용 판매처의 직접 상품 주소 확인 안 됨,피쉬 콜라겐펩타이드,44,에버콜라겐 타임비오틴업100포 저분자피쉬콜라겐 / 절대콜라겐 프랑스 저분자 피쉬 콜라겐 펩타이드 어류 어린 가루 오리지널 150g / 지웨이 초저분자 콜라겐 300달톤 먹는 어린 저분자 피쉬콜라겐 펩타이드 150g,,,,2026-09-30,,조회 결과의 확인 실패 사유; 전체 시장 판매 부재 아님
ing_5848a0d001123217,"피엘에이지(PLAG, 1-palmitoyl-2-linoleoyl-3-acetyl-rac-glycerol)",미확인,해당없음(원료),동일명 C003 신고 섭취방법에 제조 원료 사용 명시,피엘에이지,0,,201300203151,건강기능식품 원료로 사용,25344,2026-09-30,2026-09-29,소비자 완제품 판매칸 해당없음; 원료 B2B·함유제품 판매 부재 아님
ing_702f6dce6be4a78f,피카오프레토 분말 등 복합물,미확인,등록명·별칭 일치 안 됨,수집된 상위 상품명에서 등록 기본명 직접 일치 확인 못함,피카오프레토 분말 등 복합물,4,"[슈퍼적립10%] 종근당 벤비티 이노시톨 맥스 4100 캐롭추출분말 30포, 2개 / [3개월]내츄럴플러스 차태현 수용성 파워 커큐민 30정 3박스 / [4개월] 닥터린 이노시톨 40:1 미오 D카이로 콜린 엽산 배합 30포, 4개",,,,2026-09-30,,조회 결과의 확인 실패 사유; 전체 시장 판매 부재 아님
ing_ff65bf26f316f515,피크노제놀-프랑스해안송껍질추출물,미확인,등록명·별칭 일치 안 됨,수집된 상위 상품명에서 등록 기본명 직접 일치 확인 못함,피크노제놀-프랑스해안송껍질추출물,5,해외(아이허브) 나우푸드 Pycnogenol 60mg 베지 캡슐 50정 / 해외피크노제놀 헬시오리진 100mg 120베지캡슐 / 해외어스빌 프랑스해안송 소나무껍질 더맥스 추출물 파인 프로안토시아니딘 500mg,,,,2026-09-30,,조회 결과의 확인 실패 사유; 전체 시장 판매 부재 아님
ing_a07fdf89bc7c631f,핑거루트추출분말,미확인,판매경로 근거 부족,허용 판매처의 직접 상품 주소 확인 안 됨,핑거루트추출분말,8,프리미엄 핑거루트 추출 효능 분말 가루 1Kg / 핑거루트 추출분말 200g 4+1병 HACCP 제품 / 핑거루트 추출분말 1kg,,,,2026-09-30,,조회 결과의 확인 실패 사유; 전체 시장 판매 부재 아님
ing_9d5ab4a333a6a6d1,핑거루트추출분말(판두라틴),미확인,해당없음(원료),동일명 C003 신고 섭취방법에 제조 원료 사용 명시,핑거루트추출분말,8,프리미엄 핑거루트 추출 효능 분말 가루 1Kg / 핑거루트 추출분말 200g 4+1병 HACCP 제품 / 핑거루트 추출분말 1kg,2004001704716,건강기능식품 원료로 사용,12319,2026-09-30,2026-09-29,소비자 완제품 판매칸 해당없음; 원료 B2B·함유제품 판매 부재 아님
ing_aa204d0c7bc6ff8d,해국추출물,미확인,해당없음(원료),동일명 C003 신고 섭취방법에 제조 원료 사용 명시,해국추출물,4,"녹십자웰빙 PNT 베르베린 500mg 매자나무추출물 여주추출물 60정, 2개 / 해외쏜리서치 베르베린 1000mg 60캡슐 고순도 HCI / 베르베린 600 부스터 이노시톨 바나바잎 추출물 120정 4개월분",2004002005038,건강기능식품 원료로 사용,36336,2026-09-30,2026-09-29,소비자 완제품 판매칸 해당없음; 원료 B2B·함유제품 판매 부재 아님
ing_0f83eb2cea6ed69a,해바라기종자추출물,미확인,등록명·별칭 일치 안 됨,수집된 상위 상품명에서 등록 기본명 직접 일치 확인 못함,해바라기종자추출물,4,"닥터린 콘드로이친 1200 콘레이티 + MBP 엠비피 30정, 3개 / 맨드로포즈+ 남자갱년기 건강기능제품 맨스페놀 테스토업 호로파 종자추출물 / 센트룸 타마플렉스 올인원 관절 연골 근육 30정, 1개",,,,2026-09-30,,조회 결과의 확인 실패 사유; 전체 시장 판매 부재 아님
ing_004a89711e396584,해태올리고펩티드(NORI-PEPTIDE),미확인,조회 결과 없음,수집된 상위 상품 결과 0개,해태올리고펩티드,0,,,,,2026-09-30,,조회 결과의 확인 실패 사유; 전체 시장 판매 부재 아님
ing_af59580e2d521dae,허니부쉬추출발효분말,미확인,해당없음(원료),동일명 C003 신고 섭취방법에 제조 원료 사용 명시,허니부쉬추출발효분말,5,"[슈퍼적립10%] 종근당 벤비티 이노시톨 맥스 4100 캐롭추출분말 30포, 2개 / [4개월] 닥터린 이노시톨 40:1 미오 D카이로 콜린 엽산 배합 30포, 4개 / 솔티스 간 프로텍션 프로 S2 20정, 3개",2017278201617,건강기능식품의 원료로 사용한다.,2613,2026-09-30,2026-09-29,소비자 완제품 판매칸 해당없음; 원료 B2B·함유제품 판매 부재 아님
ing_452a83744f32d81c,헛개나무과병·오미자박추출복합물,미확인,등록명·별칭 일치 안 됨,수집된 상위 상품명에서 등록 기본명 직접 일치 확인 못함,헛개나무과병·오미자박추출복합물,1,"보고신약 행오버큐100 음주전후 숙취해소 헛개나무과병추출분말 100ml, 10개",,,,2026-09-30,,조회 결과의 확인 실패 사유; 전체 시장 판매 부재 아님
ing_2a6546643bd0ca6d,헛개나무과병추출분말,미확인,해당없음(원료),동일명 C003 신고 섭취방법에 제조 원료 사용 명시,헛개나무과병추출분말,4,"내츄럴플러스 초임계 쏘팔메토 옥타코사놀 파워 로르산 115mg 30캡슐, 1개 / 일양약품 풀리나 1박스 (총 10병) 헛개나무열매농축액 1200mg 밀크씨슬추출분말 타우린 / 이노엔 컨디션 스틱 컨디션맛 18g X 10개 음주전 음주후 상쾌한 숙취해소제",201000151791,건강기능식품 원료로 사용,7732,2026-09-30,2026-09-29,소비자 완제품 판매칸 해당없음; 원료 B2B·함유제품 판매 부재 아님
ing_a6fd4f7292bc1f54,헤모힘 당귀등 혼합추출물,미확인,해당없음(원료),동일명 C003 신고 섭취방법에 제조 원료 사용 명시,헤모힘 당귀등 혼합추출물,2,"애터미 헤모힘 20ml x 60포, 1개 / 헤모힘 hemo him 애터미 해모힘 헤모임 당귀등혼합추출물 60포 12박스",201200200751,건강기능식품 원료로 사용,24907,2026-09-30,2026-09-29,소비자 완제품 판매칸 해당없음; 원료 B2B·함유제품 판매 부재 아님
ing_2a7d87eb96bd913e,현삼추출물,미확인,해당없음(원료),동일명 C003 신고 섭취방법에 제조 원료 사용 명시,현삼추출물,4,"녹십자웰빙 PNT 베르베린 500mg 매자나무추출물 여주추출물 60정, 2개 / 해외쏜리서치 베르베린 1000mg 60캡슐 고순도 HCI / 고려은단 루테인 지아잔틴 아스타잔틴 60캡슐, 3개 (6개월분)",202100141034,건강기능식품 원료로 사용,20494,2026-09-30,2026-09-29,소비자 완제품 판매칸 해당없음; 원료 B2B·함유제품 판매 부재 아님
ing_50139fd1d36396c3,호로파종자 등 추출복합물,미확인,식품 판매 근거 부족,광고·비식품·식품인지 불명확한 결과만 확인,호로파종자 등 추출복합물,2,"야호맨 골드 60캡슐 호로파종자등추출복합물 비수리 과라나추출분말 / 호로파 캡슐 효능 호로파 정 600mg 종자 추출물 씨앗 추출복합물 60정, 1개",,,,2026-09-30,,조회 결과의 확인 실패 사유; 전체 시장 판매 부재 아님
ing_7af6d0cb969ef8b2,호로파종자추출물(TestofenⓇ),미확인,상표·균주·제품코드 불일치,일반명은 나오지만 등록된 고유 표기 미확인,호로파종자추출물,5,"맨드로포즈+ 남자갱년기 건강기능제품 맨스페놀 테스토업 호로파 종자추출물 / 호로파수꾼 호로파 종자 추출물 맥스 블랙마카 시트룰린 아연 활력 효능 60정, 1개 / 호로파 캡슐 600mg 호로파 종자추출물 60캡슐, 2개",,,,2026-09-30,,조회 결과의 확인 실패 사유; 전체 시장 판매 부재 아님
ing_27cb790ed1e3f8bc,호박씨추출물 등 복합물,미확인,의약품·복합원료 동일성 부족,건강식품 광고나 일반 혼합제품을 해당 원료 판매로 확정하지 않음,호박씨추출물 등 복합물,4,해외호바흐 호박씨추출물 등 복합물 호박씨오일 3000mg 120캡슐 / 해외호바흐 호박씨추출물 등 복합물 호박씨오일 3000mg 120캡슐 / 크랜베리 호박씨 등 복합물 크렌베리 크랜배리 CRANBERRY 60정,,,,2026-09-30,,조회 결과의 확인 실패 사유; 전체 시장 판매 부재 아님
ing_d3f859b1412aaf1c,홍국쌀,미확인,판매경로 근거 부족,허용 판매처의 직접 상품 주소 확인 안 됨,홍국쌀,43,홍국쌀 발효 홍국미 건강 잡곡 HACCP 국산 1kg / [농협] 발효홍국 국내산 홍국쌀 대용량 2.2kg / [농협] 발효홍국 국내산 홍국쌀1kg,,,,2026-09-30,,조회 결과의 확인 실패 사유; 전체 시장 판매 부재 아님
ing_e60207675148cc74,"홍삼, 사상자, 산수유 복합추출물",미확인,등록명·별칭 일치 안 됨,수집된 상위 상품명에서 등록 기본명 직접 일치 확인 못함,"홍삼, 사상자, 산수유 복합추출물",1,생생드림 사상자 분말 가루 300g 중국,,,,2026-09-30,,조회 결과의 확인 실패 사유; 전체 시장 판매 부재 아님
ing_218d8265b8e15108,홍삼오일(KGC11o),미확인,상표·균주·제품코드 불일치,일반명은 나오지만 등록된 고유 표기 미확인,홍삼오일,5,"정관장 RXGIN 홍삼오일 60캡슐, 남성 활력 / 정관장 홍삼오일 RXGIN CLEAN(알엑스진 클린) 502mg 60캡슐/리뉴얼_TT / 정관장 홍삼오일 알엑스진 클린 502mg x 60캡슐 [리뉴얼]",,,,2026-09-30,,조회 결과의 확인 실패 사유; 전체 시장 판매 부재 아님
ing_6a70f346108c834e,홍삼추출효소처리분말,미확인,조회 결과 없음,수집된 상위 상품 결과 0개,홍삼추출효소처리분말,0,,,,,2026-09-30,,조회 결과의 확인 실패 사유; 전체 시장 판매 부재 아님
ing_7d173b392b35e361,홍어껍질콜라겐펩타이드,미확인,등록명·별칭 일치 안 됨,수집된 상위 상품명에서 등록 기본명 직접 일치 확인 못함,홍어껍질콜라겐펩타이드,1,40년 전통 어머니의 손맛! 전라도홍어 장터명인 콜라겐 다량함유 홍어껍질묵 500g 홍어떡,,,,2026-09-30,,조회 결과의 확인 실패 사유; 전체 시장 판매 부재 아님
ing_7e4f1c9cad2d333f,황국(Aspergillus 발효물 MK01),미확인,상표·균주·제품코드 불일치,일반명은 나오지만 등록된 고유 표기 미확인,황국,11,황국누룩 1Kg 국내산 유기농 전통발효 / 황국쌀알누룩1kg / 황국쌀누룩 1kg 요거트 누룩소금 막걸리제조 수원발효 키트 재료 만드는법 만들기,,,,2026-09-30,,조회 결과의 확인 실패 사유; 전체 시장 판매 부재 아님
ing_75431db607af5836,황금등복합물,미확인,등록명·별칭 일치 안 됨,수집된 상위 상품명에서 등록 기본명 직접 일치 확인 못함,황금등복합물,4,"발효 우슬 등복합물 뉴질랜드 초록홍합 초록입홍합 600 70정, 1개 / 관절연골엔 우슬조인트100 프리미엄 4박스 4개월분 우슬등복합물 / 발효 우슬 등복합물 뉴질랜드 초록홍합 초록입홍합 600 70정, 6개",,,,2026-09-30,,조회 결과의 확인 실패 사유; 전체 시장 판매 부재 아님
ing_59a02a7ae7d1a59b,황기추출물 등 복합물(HT042),미확인,해당없음(원료),동일명 C003 신고 섭취방법에 제조 원료 사용 명시,황기추출물 등 복합물,3,(약국판매) 동아제약 프롬팜 하이키 챔피언 60포 황기추출물 등 우리아이 키성장 솔루션 / 로트벡쉔 그로우업 바이탈 60ml / 로트벡쉔 그로우업 샷 60ml,201000151793,건강기능식품 원료로 사용,7740,2026-09-30,2026-09-29,소비자 완제품 판매칸 해당없음; 원료 B2B·함유제품 판매 부재 아님
ing_58f9a3549ce5554d,황해쑥추출분말,미확인,해당없음(원료),동일명 C003 신고 섭취방법에 제조 원료 사용 명시,황해쑥추출분말,4,"[슈퍼적립10%] 종근당 벤비티 이노시톨 맥스 4100 캐롭추출분말 30포, 2개 / [4개월] 닥터린 이노시톨 40:1 미오 D카이로 콜린 엽산 배합 30포, 4개 / 솔티스 간 프로텍션 프로 S2 20정, 3개",202500280633,건강기능식품 원료로 사용(황해쑥추출분말으로서 240mg/일),44370,2026-09-30,2026-09-29,소비자 완제품 판매칸 해당없음; 원료 B2B·함유제품 판매 부재 아님
ing_7c8828d1f7e388d3,효모베타글루칸,미확인,식품 판매 근거 부족,광고·비식품·식품인지 불명확한 결과만 확인,효모베타글루칸,10,"뉴트원 맥주효모 프리미엄 식물성단백질 아미노산 비오틴 베타글루칸 환 30포, 4개 / [리뷰2만]영롱 오리지널 맥주효모환 100% 순수 맥주효모 먹는법 베타글루칸 고순도 4개월 / 라이프토콜 베타글루칸 500mg 효모 60정, 1개",,,,2026-09-30,,조회 결과의 확인 실패 사유; 전체 시장 판매 부재 아님
ing_889c30891cc0b70e,흑차추출물,미확인,등록명·별칭 일치 안 됨,수집된 상위 상품명에서 등록 기본명 직접 일치 확인 못함,흑차추출물,3,보이차분말 1kg 1팩 보이차가루 / 김소형원방 보이차 1g x 100티백 (복수구매) / 해외Ositree 보습 탄력 15ml/30ml 흑차 식물 추출물 활력 리페어 에센스 오일 2250317,,,,2026-09-30,,조회 결과의 확인 실패 사유; 전체 시장 판매 부재 아님
ing_d735e071f7c65df3,흰목이버섯효소분해추출물(Neu learn),미확인,해당없음(원료),동일명 C003 신고 섭취방법에 제조 원료 사용 명시,흰목이버섯효소분해추출물,3,풀무원 퍼팩 흰목이버섯 인지기능 케어 3박스 - 흰목이버섯 효소분해추출물 두뇌건강포뮬레 엽산함유 / 해외흰목이버섯 효소분해 추출물 리얼머쉬룸 트리멜라 Tremella 1000mg 300캡슐 / 해외Tremella 흰목이버섯 효소 분해 추출물 120캡슐,20040020001402,건강기능식품 원료로 사용,35179,2026-09-30,2026-09-29,소비자 완제품 판매칸 해당없음; 원료 B2B·함유제품 판매 부재 아님
ing_247b171d60be007f,히드록시프로필메틸셀룰로오스,미확인,식품 판매 근거 부족,광고·비식품·식품인지 불명확한 결과만 확인,히드록시프로필메틸셀룰로오스,4,히드록시프로필메틸셀룰로오스 HPMC 화장품 점증제 / 히드록시프로필메틸셀룰로오스 (CN40H) 1kg / 히드록시프로필메틸셀룰로오스 (CN40H) 20g,,,,2026-09-30,,조회 결과의 확인 실패 사유; 전체 시장 판매 부재 아님
ing_411ecdd178e3eb60,히비스커스 등 복합추출물,미확인,등록명·별칭 일치 안 됨,수집된 상위 상품명에서 등록 기본명 직접 일치 확인 못함,히비스커스 등 복합추출물,5,무긍핏 무궁핏 리얼 무궁화 정 알약형태 60정 / 레몬버베나 레몬버네나 추출물 고함량 고농축 히비스커스 블랙새싹보리 복합 정 3개 / 무궁화 추출물 복합분말 무궁화꽃 히비스커스 안토시아닌 추출분말,,,,2026-09-30,,조회 결과의 확인 실패 사유; 전체 시장 판매 부재 아님
ing_702da04fc888f741,히알루론산,미확인,판매경로 근거 부족,허용 판매처의 직접 상품 주소 확인 안 됨,히알루론산,44,"더랩바이블랑두 올리고 저분자 히알루론산 딥 글로우 세럼 85ml / [수딩크림20ml 증정] 웰라쥬 리얼 히알루로닉 히알루론산 블루 100 앰플 (속건조해결) 60ml, 1개 / 오가니시티 히알루론산 1%원액 보습세럼 건성용(3중 히알루론산), 30ml, 2개",,,,2026-09-30,,조회 결과의 확인 실패 사유; 전체 시장 판매 부재 아님
ing_d16523d2f4b074fa,비타민K,미확인,등록명·별칭 일치 안 됨,수집된 상위 상품명에서 등록 기본명 직접 일치 확인 못함,비타민K,44,"네이처메이드 액티브 데일리 멀티 포 우먼 120정, 2개 / 인테로 멀티비타민 앤 미네랄 밸런스 종합비타민 180정, 1개 / 고려은단 멀티비타민 올인원 60정 외 4종, 3개",,,,2026-09-30,,조회 결과의 확인 실패 사유; 전체 시장 판매 부재 아님
ing_1db5ad35dcd8bbeb,비타민B2,미확인,판매경로 근거 부족,허용 판매처의 직접 상품 주소 확인 안 됨,비타민B2,17,"[8개월] 뉴트리코어 비타민B 컴플렉스 영양제 비타민B군 60정, 4개 / [2개월] 뉴트리코어 비타민B 컴플렉스 영양제 비타민B군 60정, 1개 / 고려은단 메가도스B 비타민B군 850mg x 60정 3개",,,,2026-09-30,,조회 결과의 확인 실패 사유; 전체 시장 판매 부재 아님
ing_59df4a7844df72ee,비타민B6,미확인,판매경로 근거 부족,허용 판매처의 직접 상품 주소 확인 안 됨,비타민B6,19,"고려은단 메가도스B 비타민B 컴플렉스 60정, 3개 (6개월분) / [2개월] 뉴트리코어 비타민B 컴플렉스 영양제 비타민B군 60정, 1개 / 해외쏜리서치 베이직 B 컴플렉스 60캡슐 활성형비타민B 활성형 엽산",,,,2026-09-30,,조회 결과의 확인 실패 사유; 전체 시장 판매 부재 아님
ing_86f186a0317d70fc,철,미확인,식품 판매 근거 부족,광고·비식품·식품인지 불명확한 결과만 확인,철,44,스텝드릴 6종 철 홀쏘홀커터 드릴비트 전동목공 / 코발트 논가스용접기 네비게이터 MG120 아크용접 미그 CO2 철 스텐용접 / 아크 용접봉 코리아나 KR-6013 2.6mm 1kg 일반 철,,,,2026-09-30,,조회 결과의 확인 실패 사유; 전체 시장 판매 부재 아님
ing_f69a2ba54840cb9a,구리,미확인,판매경로 근거 부족,허용 판매처의 직접 상품 주소 확인 안 됨,구리,43,AMPCO CE1050B 방폭 육각 소켓 1인치 베릴륨 구리 국내 재고 / 구리판 0.2T 동판 폭 48mm M단위 판매 코팅안된구리 99% / 구리봉(적색) 3mm 1M금액 구리환봉 구리접지봉 신주봉 동봉 재단,,,,2026-09-30,,조회 결과의 확인 실패 사유; 전체 시장 판매 부재 아님
ing_82249fc155e576f6,몰리브덴,미확인,식품 판매 근거 부족,광고·비식품·식품인지 불명확한 결과만 확인,몰리브덴,44,"누보 빨간맛 500g 사과전용 착색제 몰리브덴, 특수 아미노산, 아인산 / 뉴트리아미 영양제 유리 아미노산 붕소 고토 아연 몰리브덴 배추 마늘 양파 250g, 1개입 / 용성인비 20kg(한국협화) 입상비료 토양개량 고토 석회 규산 철 망간 구리 몰리브덴",,,,2026-09-30,,조회 결과의 확인 실패 사유; 전체 시장 판매 부재 아님
ing_4e51fbe0bd373e84,단백질,미확인,식품 판매 근거 부족,광고·비식품·식품인지 불명확한 결과만 확인,단백질,44,"시니어단백질 산양유 영양식 오스트라라이프 1캔 / 플라이밀 단백질 쉐이크 대용량 리얼초코, 630g, 1개 / 밀팜 바바리안푸드 단백질보충제 프로틴 쉐이크 파우더 2kg 1통",,,,2026-09-30,,조회 결과의 확인 실패 사유; 전체 시장 판매 부재 아님
ing_ab86aabab5d32a44,엽록소함유식물,미확인,등록명·별칭 일치 안 됨,수집된 상위 상품명에서 등록 기본명 직접 일치 확인 못함,엽록소함유식물,4,씨앗팜 베타꿀 참외 씨앗 종자 5립 고당도 베타카로틴 함유 / 원기2호 고추 씨앗 50립 잎고추 고추잎 전용 AGI 함유 다수확 씨 종자 / 돌단풍/항암 물질을 함유하고 있는 돌단풍,,,,2026-09-30,,조회 결과의 확인 실패 사유; 전체 시장 판매 부재 아님
ing_e9828b4a4cd9049f,오메가3지방산함유유지,미확인,등록명·별칭 일치 안 됨,수집된 상위 상품명에서 등록 기본명 직접 일치 확인 못함,오메가3지방산함유유지,60,"종근당 오메가3 프로메가 오메가3 rtg 알티지 비타민D 60캡슐, 6개 / 닥터에디션 닥터 키즈 오메가 츄어블 90캡슐 유아 청소년 눈 오메가3 루테인 베타카로틴 / 유니시티 오메가 라이프3 리졸브 673mg x 120캡슐, 1개",,,,2026-09-30,,조회 결과의 확인 실패 사유; 전체 시장 판매 부재 아님
ing_5ccb81006a632cf3,감마리놀렌산함유유지,미확인,등록명·별칭 일치 안 됨,수집된 상위 상품명에서 등록 기본명 직접 일치 확인 못함,감마리놀렌산함유유지,55,"브리오 보라지오일 감마리놀렌산 300 / 여성 보라지유 오메가6 영양제 120캡슐, 1개 / GNC 보라지 오일 감마리놀렌산 콜레스테롤 90캡슐, 1개 / 뉴트리랩스 감마리놀렌산 월경전 변화에의한 불편한상태 개선에 도움을 줄 수 있음 3개월",,,,2026-09-30,,조회 결과의 확인 실패 사유; 전체 시장 판매 부재 아님
ing_768d1c07ceca15ec,알콕시글리세롤함유상어간유,미확인,등록명·별칭 일치 안 됨,수집된 상위 상품명에서 등록 기본명 직접 일치 확인 못함,알콕시글리세롤함유상어간유,59,"스몰윈도우 알콕시글리세롤 32C 상어간유 면역력 증진 32캡슐 / 세모 알콕시 글리세롤 8곽 , 상어간유 100% 면역력증진 / 해외스쿠알렌 상어 간유 300캡슐 3개 약15달 뉴질랜드 알콕시글리세롤 키위네츄럴헬스",,,,2026-09-30,,조회 결과의 확인 실패 사유; 전체 시장 판매 부재 아님
ing_a8fd9a57f3b003c1,매실추출물,미확인,식품 판매 근거 부족,광고·비식품·식품인지 불명확한 결과만 확인,매실추출물,57,홍쌍리 매실농축액 150g x 1개 / 백설 매실청1.025kg 매실원액/엑기스 / 청매실농축액 300g 홍쌍리 매실,,,,2026-09-30,,조회 결과의 확인 실패 사유; 전체 시장 판매 부재 아님
ing_3a4b2adfcf490222,가르시니아캄보지아추출물,미확인,식품 판매 근거 부족,광고·비식품·식품인지 불명확한 결과만 확인,가르시니아캄보지아추출물,65,"체지방감소 탄수화물컷팅제 다이어트 가르시니아 캄보지아추출물 60캡슐 3통 45일분 비타민B1함유 / 그린몬스터 다이어트 스페셜2 가르시니아 (체지방 감소 보조제) 112정, 1개 / 리서쳐스 투비컷 2BCUT 가르시니아 체지방 내장지방 다이어트 보조제 60정, 1개",,,,2026-09-30,,조회 결과의 확인 실패 사유; 전체 시장 판매 부재 아님
ing_2d1bd79eb783d1b4,쏘팔메토열매추출물,미확인,등록명·별칭 일치 안 됨,수집된 상위 상품명에서 등록 기본명 직접 일치 확인 못함,쏘팔메토열매추출물,63,"브리오 초임계 쏘팔메토 옥타코사놀 알파 / 남성 전립선 건강 영양제 30캡슐, 1개 / [6개월] 종근당 젤세라 저온초임계 미국산 쏘팔메토 옥타코사놀 30캡슐, 6개 / [6개월분] 초임계 쏘팔메토 3박스 180캡슐옥타코사놀 로르산 전립선 건강 아연 순수식품",,,,2026-09-30,,조회 결과의 확인 실패 사유; 전체 시장 판매 부재 아님
ing_1f6182b5f01d2d7c,알로에겔,미확인,식품 판매 근거 부족,광고·비식품·식품인지 불명확한 결과만 확인,알로에겔,95,"네추럴라이즈 이뮨 알로에 젤리스틱 먹는 베라 겔 14포, 6개 / 웰릿 이뮨베라 키즈 면역력 알로에 스틱 젤리 면역 다당체 250mg 14포 4box 청포도 딸기 밀크 맛 / 네추럴라이즈 이뮨 알로에 젤리스틱 먹는 베라 겔 14포, 12개",,,,2026-09-30,,조회 결과의 확인 실패 사유; 전체 시장 판매 부재 아님
ing_36d8d620cc1e0e99,영지버섯자실체추출물,미확인,등록명·별칭 일치 안 됨,수집된 상위 상품명에서 등록 기본명 직접 일치 확인 못함,영지버섯자실체추출물,56,해외일본산 영지버섯 800mg에 추출물 500mg 껍질이 깨진 포자 200mg 용 버섯 캡슐 진짜 자실체 (2팩) 60 Count (Pack of 2) / 해외Bold Botanica Reishi 버섯 캡슐 100 자실체 코어 웰빙을 농축 영지 추출물 균사체 곡물 없음 60개 3170519 / 대웅생명과학 가네파워 밀크씨슬 800mg x 30캡슐,,,,2026-09-30,,조회 결과의 확인 실패 사유; 전체 시장 판매 부재 아님
ing_af1c3da859bda4e0,프락토올리고당,미확인,판매경로 근거 부족,허용 판매처의 직접 상품 주소 확인 안 됨,프락토올리고당,94,"백설 프락토 올리고당 1.2kg, 4개 / [백설] 프락토 올리고당 1.2kg / 백설 프락토 올리고당 700g, 2개",,,,2026-09-30,,조회 결과의 확인 실패 사유; 전체 시장 판매 부재 아님
ing_aa2839d527170fb3,대두단백,미확인,식품 판매 근거 부족,광고·비식품·식품인지 불명확한 결과만 확인,대두단백,89,"분리유청단백 WPI 보충 중년 중장년 60대 단백질 360g 모두의 종합단백질 7개 / 분리대두단백 식물성 소이 프로틴 비건 원물 보충제 ISP 무맛, 2kg, 1개 / 식물성 단백질쉐이크 ISP 분리대두단백질 1.2kg 흑임자맛 3개",,,,2026-09-30,,조회 결과의 확인 실패 사유; 전체 시장 판매 부재 아님
ing_90ef35d952d0399c,마늘,미확인,식품 판매 근거 부족,광고·비식품·식품인지 불명확한 결과만 확인,마늘,102,[우리농산] 2026년 햇마늘 국산 깐마늘 마늘 창녕 햇마늘 생마늘 꼭지제거 다진마늘 대 500g / [대덕농산] 2026 햇마늘 깐마늘 다진마늘 꼭지제거 500g 1kg 벌크 / (농할쿠폰) 국내산 대서 햇 깐마늘 1kg,,,,2026-09-30,,조회 결과의 확인 실패 사유; 전체 시장 판매 부재 아님
ing_01e0507c57ffb5cc,상황버섯추출물,미확인,식품 판매 근거 부족,광고·비식품·식품인지 불명확한 결과만 확인,상황버섯추출물,52,국산 상황버섯쌀 1kg 유기농 상황버섯 추출물 / 국산 상황버섯쌀 3kg 유기농 상황버섯 추출물 (1kg x 3봉) / [엄마애손] 상황버섯쌀 1kg/팩 국내산 100%,,,,2026-09-30,,조회 결과의 확인 실패 사유; 전체 시장 판매 부재 아님
ing_6739a085ec8af806,귀리식이섬유,미확인,식품 판매 근거 부족,광고·비식품·식품인지 불명확한 결과만 확인,귀리식이섬유,15,"해외스완슨 화이버 식이섬유 100캡슐 섬유질 차전자피 귀리 / 일양약품 프라임 차전자피 식이섬유환 30포, 1개 / 암웨이 화이버비츠 플러스 화이버 귀리 식이섬유 뉴트리라이트",,,,2026-09-30,,조회 결과의 확인 실패 사유; 전체 시장 판매 부재 아님
ing_10717c3b09eebb56,대두식이섬유,미확인,등록명·별칭 일치 안 됨,수집된 상위 상품명에서 등록 기본명 직접 일치 확인 못함,대두식이섬유,44,효소원N 효소 곡물 발효 현미 과립 90포 / 해외닥터머콜라 퀘르세틴 케르세틴 프테로스틸벤 어드벤스 60캡슐 / 트로시스 곰피1200 90정 비타민미네랄 치커리 흑마늘 알긴산 식이섬유 HACCP,,,,2026-09-30,,조회 결과의 확인 실패 사유; 전체 시장 판매 부재 아님
ing_9eee33541384a7bd,목이버섯식이섬유,미확인,식품 판매 근거 부족,광고·비식품·식품인지 불명확한 결과만 확인,목이버섯식이섬유,4,"중국 건 흰목이버섯 식이섬유 효능 약초 약재 300g / 목이버섯분말 200g 1팩 목이버섯가루 효능 효과 / 가득 담은 버섯 영양밥 즉석밥 국산 무농약 고식이섬유 간편식 약밥 160g, 10개",,,,2026-09-30,,조회 결과의 확인 실패 사유; 전체 시장 판매 부재 아님
ing_8a9d19ed60776e4f,밀식이섬유,미확인,등록명·별칭 일치 안 됨,수집된 상위 상품명에서 등록 기본명 직접 일치 확인 못함,밀식이섬유,44,해외Leader 식이섬유 분말 밀덱스트린 무향 186회분 3개입 / 식약청 해썹 인정 발효 호라산밀 파로 당효소 난소화성 식이섬유 복합물 효능 1통 / 식약청 해썹 인정 발효 호라산밀 파로 당효소복합물 효능 난소화성 식이섬유 4통,,,,2026-09-30,,조회 결과의 확인 실패 사유; 전체 시장 판매 부재 아님
ing_3d7c3f5dac6141bd,보리식이섬유,미확인,등록명·별칭 일치 안 됨,수집된 상위 상품명에서 등록 기본명 직접 일치 확인 못함,보리식이섬유,7,"알파시클로덱스트린 알파시디 알파CD 2통 / 햇반 라이스플랜 현미귀리곤약밥 150g, 24개 / 26년 보리 유기농 늘보리 1kg 식이섬유 풍부한 늘보리쌀 보리밥",,,,2026-09-30,,조회 결과의 확인 실패 사유; 전체 시장 판매 부재 아님
ing_d51ef5fabd6773a2,옥수수겨식이섬유,미확인,등록명·별칭 일치 안 됨,수집된 상위 상품명에서 등록 기본명 직접 일치 확인 못함,옥수수겨식이섬유,4,"1kg 말토덱스트린 옥수수전분 / 뉴트로웨이 알파시디 프리미엄 알파 시클로덱스트린 수용성 식이섬유 120g / 참굿즈 난소화성 말토덱스트린 / 옥수수 전분 유래 식이섬유 500g, 1개",,,,2026-09-30,,조회 결과의 확인 실패 사유; 전체 시장 판매 부재 아님
ing_e25d092feb74bd2c,폴리덱스트로스,미확인,식품 판매 근거 부족,광고·비식품·식품인지 불명확한 결과만 확인,폴리덱스트로스,3,5 뉴트리션 코어 섬유 분말 프리바이오틱 수용성 고섬유 혼합 보충제 무설탕 섬유질 프럭토올리고당(FOS) 폴리덱스트로스 및 프실륨 껍질 시트러스 망고 맛 30인분 / [광동 한방명품비책 30포] 프리미엄 한방 다이어트 89가지 엄선된 웰빙원료 클렌즈 가르시니아 폴리덱스트로스 자일로올리고당 아연 (30일분) / 연세생활건강 닥터톡스 수 30포,,,,2026-09-30,,조회 결과의 확인 실패 사유; 전체 시장 판매 부재 아님
ing_01a285f4f5c8d6dd,호로파종자식이섬유,미확인,등록명·별칭 일치 안 됨,수집된 상위 상품명에서 등록 기본명 직접 일치 확인 못함,호로파종자식이섬유,4,"[3개월] 내츄럴플러스 프리미엄 키토산 골드 180캡슐, 1개 / 에버그린 대마종자 햄프씨드유 1000mg 60캡슐, 1개 / [캐나다/3개월분] 네츄럴메이드 플랙씨드앤햄프씨드 (식물성오메가)1000mg 180캡슐",,,,2026-09-30,,조회 결과의 확인 실패 사유; 전체 시장 판매 부재 아님
ing_4d6cdba99d4425a6,분말한천,미확인,식품 판매 근거 부족,광고·비식품·식품인지 불명확한 결과만 확인,분말한천,22,밀양한천/분말한천 1kg 모로코80% 국산20% / 한천가루 분말형태로 간편하게 사용가능 양갱 및 푸딩 한천밥짓기 / 한천 가루 분말 300g / 밀양한천/분말한천 1kg (수입산 원료)/한천가루 분말형태로 간편하게 사용가능 양갱 및 푸딩 한천밥짓기,,,,2026-09-30,,조회 결과의 확인 실패 사유; 전체 시장 판매 부재 아님
ing_975390965534dba9,GLP-1,미확인,의약품·복합원료 동일성 부족,건강식품 광고나 일반 혼합제품을 해당 원료 판매로 확정하지 않음,GLP-1,36,"케이다이어트랩 데이번 낙산 800mg 단쇄지방산 고함량 낙산균 유산균 90정, 1개 / 해외코드에이지 glp-1 유산균 프로바이오틱 아커만시아 지엘피원 지엘피 90캡슐, 3개 / 해외GLP-1 유산균 아커만시아 300억 30캡슐 2통",,,,2026-09-30,,조회 결과의 확인 실패 사유; 전체 시장 판매 부재 아님
ing_03fc29bc1ed1fb86,마운자로,미확인,조회 결과 없음,수집된 상위 상품 결과 0개,마운자로,0,,,,,2026-09-30,,조회 결과의 확인 실패 사유; 전체 시장 판매 부재 아님
ing_378c0b3327c04ff0,위고비,미확인,등록명·별칭 일치 안 됨,수집된 상위 상품명에서 등록 기본명 직접 일치 확인 못함,위고비,8,노바노디스크제약 노보파인 플러스 펜니들 32G 4mm / 성심 인슐린 펜니들 32G 5mm / 성심 인슐린 펜니들 32G 4mm,,,,2026-09-30,,조회 결과의 확인 실패 사유; 전체 시장 판매 부재 아님
ing_28ba5a20c5f41297,오젬픽,미확인,조회 결과 없음,수집된 상위 상품 결과 0개,오젬픽,0,,,,,2026-09-30,,조회 결과의 확인 실패 사유; 전체 시장 판매 부재 아님
ing_2cf48b51d45018a1,삭센다,미확인,조회 결과 없음,수집된 상위 상품 결과 0개,삭센다,0,,,,,2026-09-30,,조회 결과의 확인 실패 사유; 전체 시장 판매 부재 아님
ing_16c16c94848e05ae,젭바운드,미확인,조회 결과 없음,수집된 상위 상품 결과 0개,젭바운드,0,,,,,2026-09-30,,조회 결과의 확인 실패 사유; 전체 시장 판매 부재 아님
ing_5b40a0952c5ca3ba,청국장분말,미확인,식품 판매 근거 부족,광고·비식품·식품인지 불명확한 결과만 확인,청국장분말,44,"헤밀레 국산 약콩 생청국장 가루 NON-GMO 청국장분말 150g, 2개 / 국산 쥐눈이콩 청국장 분말 가루 1kg 발효식품 냄새없이 고소한 / 우리콩 100% 국산 청국장분말 1kg 냄새없는 발효 청국장가루",,,,2026-09-30,,조회 결과의 확인 실패 사유; 전체 시장 판매 부재 아님
ing_5f5a75c288b2d16f,아사이베리,미확인,판매경로 근거 부족,허용 판매처의 직접 상품 주소 확인 안 됨,아사이베리,42,쌈바스 아사이베리 500g 대용량 브라질산 직수입 아사이베리분말 리필병과 스푼 제공 / MOS 아사이베리 농축 분말 210g / 성풍양행 유기농 동결건조 아사이베리 분말 100g 1개,,,,2026-09-30,,조회 결과의 확인 실패 사유; 전체 시장 판매 부재 아님
ing_c4cdeba82ad247e9,알로에즙,미확인,판매경로 근거 부족,허용 판매처의 직접 상품 주소 확인 안 됨,알로에즙,4,[추석맞이 이벤트] 지바디 알로에겔 이벤트 / [채움] 유기농 알로에베라겔 1050mL / (3+1) 유기농 아로니아 알로에겔 4L 먹는 알로에즙,,,,2026-09-30,,조회 결과의 확인 실패 사유; 전체 시장 판매 부재 아님
ing_fa4fee4b4c95aed0,프로폴리스캔디,미확인,식품 판매 근거 부족,광고·비식품·식품인지 불명확한 결과만 확인,프로폴리스캔디,32,"뉴트라라이프 프로폴리스 캔디 국내산 목캔디 목에좋은 모과 저당 135g, 3개 / 마더네스트 호주산 프로폴리스 마누카 허니 로젠지스 캔디 (MGO600+) 170g, 1개 / 마더네스트 호주산 프로폴리스 마누카 허니 로젠지스 캔디 (MGO600+) 300g, 1개",,,,2026-09-30,,조회 결과의 확인 실패 사유; 전체 시장 판매 부재 아님
ing_757ce8ce38eba956,콜라겐사탕,미확인,등록명·별칭 일치 안 됨,수집된 상위 상품명에서 등록 기본명 직접 일치 확인 못함,콜라겐사탕,14,"일광 저분자 피쉬 콜라겐 석류캔디 250g / 뉴트라라이프 프로폴리스 캔디 국내산 목캔디 목에좋은 모과 저당 135g, 1개 / 일광제과 콜라겐 석류캔디 250g 1개",,,,2026-09-30,,조회 결과의 확인 실패 사유; 전체 시장 판매 부재 아님
ing_b4591df4eb73d345,감식초,미확인,판매경로 근거 부족,허용 판매처의 직접 상품 주소 확인 안 됨,감식초,40,"크로바 달감식초 발효 합성 사과식초 업소용 대용량 말통 13L / 천연발효감식초1000ml 1병 -3년천연발효식초 / 3년숙성 천연발효 감식초 1.8L, 1개",,,,2026-09-30,,조회 결과의 확인 실패 사유; 전체 시장 판매 부재 아님
ing_9ff5ffa6ab1b8c75,흑초,미확인,판매경로 근거 부족,허용 판매처의 직접 상품 주소 확인 안 됨,흑초,24,"초루 발사믹 흑초, 구슬흑초, 블럭흑초 / 백년동안 흑초 저당 900ml 2병 산머루복분자 자몽라임 / 안현필 현미흑초 1.8L 100% 천연 발효 현미 식초 2병",,,,2026-09-30,,조회 결과의 확인 실패 사유; 전체 시장 판매 부재 아님
ing_9ff549cbf951c613,식이섬유음료,미확인,등록명·별칭 일치 안 됨,수집된 상위 상품명에서 등록 기본명 직접 일치 확인 못함,식이섬유음료,44,곡물도감 식이섬유 가득 저당 고단백 고칼슘 비움두유 6박스(90입) / 매일두유 고단백 190ml 48개 / 곡물도감 식이섬유 가득 저당 고단백 고칼슘 비움두유 1박스(15입),,,,2026-09-30,,조회 결과의 확인 실패 사유; 전체 시장 판매 부재 아님
ing_a0489778fc25c435,도라지즙,미확인,식품 판매 근거 부족,광고·비식품·식품인지 불명확한 결과만 확인,도라지즙,44,"설아래 홍도라지 스틱 도라지청 20포, 3개 / 천호엔케어 국산 생 도라지 약도라지 배도라지청 스틱 30포, 4개 / 도라지배즙 50포 배 도라지 생강 감초 대추 순수식품",,,,2026-09-30,,조회 결과의 확인 실패 사유; 전체 시장 판매 부재 아님
ing_f1f71d98a26a22b6,함초,미확인,판매경로 근거 부족,허용 판매처의 직접 상품 주소 확인 안 됨,함초,44,함초 퉁퉁마디 300g 국산 국내산 / 국내산 (전남 신안) 건조 함초 300g / 국산 함초 200g 말린 건조 건 약재 차 건재 한방,,,,2026-09-30,,조회 결과의 확인 실패 사유; 전체 시장 판매 부재 아님
ing_bb66292bfa9b9e81,보리새싹,미확인,판매경로 근거 부족,허용 판매처의 직접 상품 주소 확인 안 됨,보리새싹,43,"파이토리진 유기농 새싹보리 착즙분말 원데이 2100% 3박스 3개월분+보틀 / [국산 100%] GNM 유기농 새싹보리 분말 가루 스틱 3박스 / 뉴트리원 유기농 새싹보리 스틱 분말 폴리코사놀 30포, 5개",,,,2026-09-30,,조회 결과의 확인 실패 사유; 전체 시장 판매 부재 아님
ing_0350577e70994a1c,여성유산균,미확인,판매경로 근거 부족,허용 판매처의 직접 상품 주소 확인 안 됨,여성유산균,43,"여성 질유산균 질건강 리스펙타 프로바이오틱스 비타민D 아연 30캡슐, 3개 / 고려은단 리스펙타 질유산균 90캡슐, 1개 (3개월분) / [6개월] 이너플로라 여성 질 건강 유산균 / 덴마크 프로바이오틱스 UREX 임산부 60캡슐, 3개",,,,2026-09-30,,조회 결과의 확인 실패 사유; 전체 시장 판매 부재 아님
ing_bf433df2c70d92de,스퀄렌,미확인,조회 결과 없음,수집된 상위 상품 결과 0개,스퀄렌,0,,,,,2026-09-30,,조회 결과의 확인 실패 사유; 전체 시장 판매 부재 아님
