PRMS_DT,HF_FNCLTY_MTRAL_RCOGN_NO,APLC_RAWMTRL_NM,BSSH_NM,FNCLTY_CN,INDUTY_NM,ADDR
20060712,2006-11,식물스타놀에스테르,와이에치푸드(주),“식물스타놀 에스테르는 높은 혈중 콜레스테롤 수치 개선에 도움을 줄 수 있습니다(기타기능Ⅱ)”,건강기능식품수입업,서울특별시 강남구
20060817,2006-15,라피노스,(주)대덕약업,"""장내 유익균의 증식과 유해균의 억제에 도움을 줄 수 있습니다."" “배변활동을 원활히 하는데 도움을 줄 수 있습니다.” (기타기능II)",건강기능식품수입업,경기도 수원시 영통구
20060817,2006-16,가쯔오부시 올리고 펩타이드,(주)메코,"""혈압이 걱정되시는 분에게 도움을 줄 수 있습니다."" (기타기능II)",건강기능식품수입업,서울특별시 서초구
20060817,2006-18,글루코사민,카길트레이딩,"관절 및 연골의 구성성분
관절 및 연골을 튼튼히 하는데 도움
관절 및 연골건강에 도움",건강기능식품수입업,서울특별시 강남구
20060817,2006-19,카제인가수분해물,씨제이웰케어,"""혈압이 걱정되시는 분에게 도움을 줄 수 있습니다."" (기타기능II)",수입식품등 수입ㆍ판매업,서울특별시 중구
20060929,2006-21,Tonalin CLA FFA,한국암웨이(주),"“공액리놀레산(Conjugated Linoleic Acid)는 과체중인 성인의 체지방 감소에 도움을 줄 수 있습니다.”

(과체중인 성인을 대상으로 한 인체시험에서 CLA를 섭취한 경우 체지방(fat mass)감소에 도움을 줄 수 있음이 많은 자료에서 확인되었으나 한국인을 대상으로 한 자료가 없었음. 따라서 반드시 ‘---에 도움을 줄 수 있습니다’의 형식으로 표시하여야 함.)",건강기능식품수입업,서울특별시 강남구
20060929,2006-22,Tonalin CLA TG(트리글리세라이드),한국암웨이(주),"“공액리놀레산(Conjugated Linoleic Acid)는 과체중인 성인의 체지방 감소에 도움을 줄 수 있습니다.”

(과체중인 성인을 대상으로 한 인체시험에서 CLA를 섭취한 경우 체지방(fat mass)감소에 도움을 줄 수 있음이 많은 자료에서 확인되었으나 한국인을 대상으로 한 자료가 없었음. 따라서 반드시 ‘---에 도움을 줄 수 있습니다’의 형식으로 표시하여야 함.)",건강기능식품수입업,서울특별시 강남구
20090429,2009-43,히알우론산 HA-LF-P,씨제이제일제당(주),“피부 보습에 도움을 줄 수 있습니다.”,건강기능식품수입업,서울특별시 중구
20140819,2014-39,닭가슴연골분말(UC-Ⅱ),(주)뉴트리,관절건강에 도움을 줄 수 있음(생리활성기능 2등급),,경기도 성남시 중원구
20050608,2005-10,이소말토올리고당,유한회사 사조씨피케이,"""장내 유익균의 증식과 유해균의 억제에 도움을 줄 수 있습니다."", ""배변활동을 원활히 하는데 도움을 줄 수 있습니다.""

◆ 인체시험에서 이소말토올리고당을 섭취할 경우 장내 유익균의 증식과 유해균을 억제하고, 배변활동을 원활히 하는데 도움을 줄 수 있음을 확인하였으나 자료의 수가 제한되어 있음. 따라서 반드시 ‘---에 도움을 줄 수 있습니다’의 형식으로 표시하여야 함.",수입식품등 수입ㆍ판매업,경기도 이천시
20050804,2005-16,CALRINOL 공액리놀레산(지방산 형태),(주)태성뉴트라테크,"“공액리놀레산(Conjugated Linoleic Acid)는 과체중인 성인의 체지방 감소에 도움을 줄 수 있습니다.”

(과체중인 성인을 대상으로 한 인체시험에서 CLA를 섭취한 경우 체지방(fat mass)감소에 도움을 줄 수 있음이 많은 자료에서 확인되었으나 한국인을 대상으로 한 자료가 없었음. 따라서 반드시 ‘---에 도움을 줄 수 있습니다’의 형식으로 표시하여야 함.)",건강기능식품수입업,서울특별시 강남구
20050804,2005-17,CALRINOL 공액리놀레산(트리글리세라이드 형태),(주)태성뉴트라테크,"“공액리놀레산(Conjugated Linoleic Acid)는 과체중인 성인의 체지방 감소에 도움을 줄 수 있습니다.”

(과체중인 성인을 대상으로 한 인체시험에서 CLA를 섭취한 경우 체지방(fat mass)감소에 도움을 줄 수 있음이 많은 자료에서 확인되었으나 한국인을 대상으로 한 자료가 없었음. 따라서 반드시 ‘---에 도움을 줄 수 있습니다’의 형식으로 표시하여야 함.)",건강기능식품수입업,서울특별시 강남구
20090720,2009-64,가르시니아 캄보지아 껍질추출물,주식회사 오셔너스,“탄수화물에서 지방으로의 합성을 억제하여 체지방 감소에 도움을 줍니다(기타기능Ⅰ)”,건강기능식품수입업,서울특별시 서초구
20091028,2009-85,쏘팔메토 열매 추출물,진용내츄럴,“전립선 건강의 유지에 도움을 줄 수 있습니다” (기타기능 II),건강기능식품수입업,경기도 수원시 팔달구
20081004,2008-54,Rain Nutrience DistilPureTM MSM,(주)지텍뉴트리언스,관절건강에 도움이 될 수 있습니다(기타기능II),건강기능식품수입업,서울특별시 서초구
20090408,2009-32,가르시니아 캄보지아 추출물,뉴트리펀코리아컨설팅,“탄수화물에서 지방으로의 합성을 억제하여 체지방 감소에 도움을 줍니다”(기타기능 I),건강기능식품수입업,경기도 고양시 일산동구
20091021,2009-80,자일로올리고당(xylooligosaccharide) 분말,에이치씨엔,"“장내 유익균 증식, 유해균 억제, 배변활동에 도움을 줄 수 있음”(기타기능II",수입식품등 수입ㆍ판매업,경기도 성남시 분당구
20091015,2009-78,홍경천추출물 KH101,(주)경희매니지먼트컴퍼니,“스트레스로 인한 피로개선에 도움을 줄 수 있음”(기타기능II),건강기능식품수입업,서울특별시 동대문구
20091021,2009-81,자일로올리고당(xylooligosaccharide) 액상,에이치씨엔,"“장내 유익균 증식, 유해균 억제, 배변활동에 도움을 줄 수 있음”(기타기능II)",수입식품등 수입ㆍ판매업,경기도 성남시 분당구
20091019,2009-82,가르시니아 캄보지아 껍질추출물,주영엔에스(주),“탄수화물에서 지방으로의 합성을 억제하여 체지방 감소에 도움을 줍니다”(기타기능 I),건강기능식품수입업,서울특별시 서초구
20091103,2009-84,파크랜 크랜베리 분말(PACranTM Whole Cranberry Powder),모네이쳐,“요로의 유해균 흡착 억제로 요로건강에 도움을 줄 수 있음”(기타기능II),건강기능식품수입업,경기도 부천시 원미구
20100712,2010-29,밀크씨슬추출물,아사히고도(주)서울영업소,“간 건강에 도움을 줄 수 있음” (기타기능II),건강기능식품수입업,서울특별시 송파구
20140522,2014-22,석류효소처리추출물,(주)에이치엘사이언스,"갱년기 여성의 건강에 도움을 줄 수 있음, 피부 보습에 도움을 줄 수 있음",건강기능식품전문제조업,충청북도 충주시
20131017,2013-30,저분자콜라겐펩타이드,(주)뉴트리,,수입식품등 수입ㆍ판매업,서울특별시 송파구
20140514,2014-19,감마리놀렌산함유유지,(주)미래바이오텍,월경 전 변화에 의한 불편한 상태 개선에 도움을 줄 수 있음(생리활성기능 2등급),수입식품등 수입ㆍ판매업,경기도 포천시
20090803,2009-68,가르시니아 캄보지아 껍질추출물,(주)대덕약업,“탄수화물에서 지방으로의 합성을 억제하여 체지방 감소에 도움을 줍니다”(기타기능 I),건강기능식품수입업,경기도 수원시 팔달구
20101124,2010-57,은행잎추출물,주영엔에스(주),1) 성인의 기억력 개선에 도움을 줄 수 있음 (기타기능II) 2) 혈행 개선에 도움을 줄 수 있음 (기타기능II),건강기능식품수입업,서울특별시 서초구
20070130,2007-8,솔잎 증류 농축액,파인생명공학,"""건강한 혈당의 유지에 도움을 줄 수 있음"" (기타기능II)",수입식품등 수입ㆍ판매업,경기도 광주시
20070223,2007-11,토치대두발효추출물,한국암웨이(주),“‘토치대두발효추출물’은 발효시킨 콩을 추출한 것으로 당의 흡수를 억제하여 식후혈당을 건강하게 유지하는데 도움을 줄 수 있는 식품입니다.“(기타기능 II),건강기능식품수입업,서울특별시 강남구
20050211,2005-3,바나바주정추출물,(주)웰니스바나바,혈당 조절에 도움을 줄 수 있음(기타기능II),식품등 수입판매업,경기도 고양시 일산서구
20100706,2010-33,지각상엽추출혼합물,(주)지엠피바이오,혈당 조절에 도움을 줄 수 있음 (기타기능II),건강기능식품전문제조업,서울특별시 강남구
20140717,2014-31,그린커피빈추출물,주영엔에스(주),"체지방 감소에 도움을 줄 수 있음
(생리활성기능 2등급)",,서울특별시 송파구
20160928,2016-18,EPA 및 DHA 함유유지,파이코일바이오텍코리아(주),건조한 눈을 개선하여 눈 건강에 도움을 줄 수 있음,건강기능식품전문제조업,충청남도 공주시
20140828,2014-41,EPA 및 DHA 함유 유지,아사히고도(주)서울영업소,"기억력 개선에 도움을 줄 수 있음
 (생리활성기능 2등급)",건강기능식품수입업,서울특별시 성동구
20130827,2013-26,도라지추출물,(주)온사이언스,간 건강에 도움을 줄 수 있음(생리활성기능 2등급),건강기능식품수입업,경기도 시흥시
20100108,2010-1,비즈왁스알코올,(주)레이델코리아,1) 항산화에 도움을 줄 수 있음 2) 위점막을 보호하여 위건강에 도움을 줄 수 있음 3) 관절건강에 도움을 줄 수 있음,수입식품등 수입ㆍ판매업,서울특별시 서초구
20080328,2008-18,토치대두발효추출물,한국암웨이(주),"“콩발효추출물은 발효시킨 콩을 추출한 것으로 당의 흡수를 억제하여 식후혈당을 건강하게 유지하는데 도움을 줄 수 있는 식품입니다."" (기타기능 II)",,서울특별시 강남구
20101231,2010-66,은행잎추출물,(주)주피터인터내셔널,"성인의 기억력 개선에 도움을 줄 수 있음 (기타기능II)
혈행 개선에 도움을 줄 수 있음 (기타기능II)",건강기능식품수입업,서울특별시 서초구
20040702,2004-2,자일리톨,다니스코뉴트리션앤드바이오싸이언스코리아 유한회사,"◆ “충치발생위험감소”
◆ “자일리톨은 충치발생위험감소에 도움을 줍니다.”
◆ “자일리톨은 플라그 감소, 산생성 억제, 충치균 성장을 저해시켜 충치발생위험을 감소시킬 수 있습니다.”

  ※ 다수의 인체시험을 통하여 구강내의 플라그감소, 산생성억제, 충치균성장 억제의 기능으로 충치발생위험을 감소시킴이 확인되었음",수입식품등 수입ㆍ판매업,서울특별시 강남구
20040731,2004-3,씨제이 테아닌등 복합추출물,씨제이(주),"“기억력 개선에 도움을 줄 수도 있으나 아직은 과학적 근거가 부족합니다”

(동물시험을 통하여 기억력을 개선시키는 데 도움이 됨을 확인하였으나 인체시험에서는 확인되지 않았음)",건강기능식품수입업,서울특별시 중구
20040903,2004-7,씨제이 히비스커스 등 복합추출물,씨제이웰케어,"""OOO*은 체지방 감소에 도움을 줄 수 있습니다.""
◆ *OOO: ‘씨제이히비스커스복합추출물’이 섭취량 이상 함유된 제품명
◆ 인체시험에서 체지방 감소에 도움을 줄 수 있음을 확인하였으나 자료의 수가 제한되어 있음. 따라서 반드시 ‘---에 도움을 줄 수 있습니다’의 형식으로 표시하여야 함.",수입식품등 수입ㆍ판매업,서울특별시 중구
20041022,2004-8,초록입홍합추출오일복합물,(주)씨스팡,관절건강에 도움이 될 수 있습니다.,건강기능식품벤처제조업,서울특별시 강남구
20090408,2009-34,가르시니아 캄보지아 껍질추출물 60HCA,(주)네이쳐팜,“탄수화물에서 지방으로의 합성을 억제하여 체지방 감소에 도움을 줍니다”(기타기능 I),건강기능식품수입업,서울특별시 영등포구
20090416,2009-37,밀크씨슬추출물,(주)삼오제약,“간 건강에 도움을 줄 수 있으나 인체시험을 통한 확인이 필요함” (기타기능II),건강기능식품수입업,서울특별시 강남구
20090605,2009-47,콜레우스 포스콜리 추출물 Forslean,씨제이제일제당(주),체지방 감소에 도움을 줄 수 있습니다(기타기능II),,서울특별시 중구
20090605,2009-56,가르시니아 캄보지아 껍질추출물 60HCA MP,(주)네이쳐팜,“탄수화물에서 지방으로의 합성을 억제하여 체지방 감소에 도움을 줍니다”(기타기능 I),건강기능식품수입업,서울특별시 영등포구
20081003,2008-55,헛개나무과병추출분말,농업회사법인 주식회사 생명의나무,"알콜성 손상으로부터 간을 보호하는데 도움을 줄 수 있음(생리활성기능 2등급), 운동능력 향상에 도움을 줄 수 있음(생리활성기능 2등급), 스트레스로 인한 피로 개선에 도움을 줄 수 있음(생리활성기능 2등급)",건강기능식품벤처제조업,경기도 수원시 권선구
20090807,2009-66,쌀겨추출물,씨제이웰케어,피부보습에 도움을 줄 수 있음(기타II),수입식품등 수입ㆍ판매업,서울특별시 중구
20080111,2008-3,가르시니아캄보지아껍질추출물 HCA-600-SXS,씨제이제일제당(주),“탄수화물에서 지방으로의 합성을 억제하여 체지방 감소에 도움을 줍니다(기타Ⅰ)”,건강기능식품수입업,서울특별시 중구
20080808,2008-41,쏘팔메토 열매 초임계추출물,뉴트리펀코리아컨설팅,“쏘팔메토 열매추출물은 전립선 건강의 유지에 도움을 줄 수 있습니다.”,건강기능식품수입업,경기도 고양시 일산동구
20080826,2008-44,KANEKA Q10,한국암웨이(주),"""코엔자임 Q10은 혈압이 높은 사람에게 도움을 줄 수 있습니다."" (기타기능II)",건강기능식품수입업,서울특별시 강남구
20101026,2010-45,Dimethylsulfone(MSM),아사히고도(주)서울영업소,관절 건강에 도움을 줄 수 있음(기타기능II),건강기능식품수입업,서울특별시 송파구
20100209,2010-7,Green Mate Extract EFLA® 920,롯데제과(주),“체지방 감소에 도움을 줄 수 있습니다”(기타기능II),건강기능식품수입업,경기도 화성시 만세구
20150430,2015-17,천마 등 복합추출물(HX106),(주)헬릭스미스,기억력 개선에 도움을 줄 수 있음(생리활성기능 2등급),건강기능식품벤처제조업,서울특별시 강서구
20151104,2015-24,EPA 및 DHA 함유유지,(주)화인비에스,건조한 눈을 개선하여 눈 건강에 도움을 줄 수 있음(생리활성기능 2등급),건강기능식품수입업,서울특별시 성동구
20140703,2014-29,무화과페이스트,영암녹색무화과(주),"배변활동 원활에 도움을 줄 수 있음
(생리활성기능 2등급)",수입식품등 수입ㆍ판매업,전남광주통합특별시 영암군
20111104,2011-36,홍경천추출물,(주)대덕약업,“스트레스로 인한 피로개선에 도움을 줄 수 있음”(생리활성기능 2등급),건강기능식품일반판매업,경기도 안양시 동안구
20140129,2014-3,초록입홍합추출오일,서해수산,"관절건강에 도움을 줄 수 있음
(생리활성기능 2등급)",식품등 수입판매업,서울특별시 노원구
20090605,2009-51,루테인복합물VBAF,뉴트리펀코리아컨설팅,“루테인은 노화로 인해 감소될 수 있는 황반색소밀도를 유지시켜 주어 눈건강에 도움을 줍니다.(기타 I등급)”,건강기능식품수입업,경기도 고양시 일산동구
20090226,2009-17,보이차 추출물,씨제이웰케어,“혈중 콜레스테롤 개선에 도움을 줄 수 있습니다.”(기타기능 II),수입식품등 수입ㆍ판매업,서울특별시 중구
20160823,2016-14,EPA 및 DHA 함유유지,(주)나암에스앤에이치,기억력 개선에 도움을 줄 수 있음,건강기능식품수입업,서울특별시 마포구
20100830,2010-40,석류효소처리추출물,(주)에이치엘사이언스,갱년기 여성의 건강에 도움을 줄 수 있음(생리활성기능 2등급),건강기능식품전문제조업,충청북도 충주시
20160615,2016-9,EPA 및 DHA 함유유지,(주)에프앤디넷,기억력 개선에 도움을 줄 수 있음,건강기능식품수입업,서울특별시 송파구
20160615,2016-8,EPA 및 DHA 함유유지,대상(주),건조한 눈을 개선하여 눈 건강에 도움을 줄 수 있음,건강기능식품수입업,서울특별시 동대문구
20140219,2014-7,보이차추출물,주영엔에스(주),1) 체지방 감소에 도움을 줄 수 있음 2) 혈중 콜레스테롤 개선에 도움을 줄 수 있음,수입식품등 수입ㆍ판매업,서울특별시 송파구
20080205,2008-6,APIC 대두배아열수추출물등 복합물,(주)아모레퍼시픽,체지방 감소에 도움을 줄 수 있음(생리활성기능 2등급),건강기능식품전문제조업,경기도 안성시
20160226,2016-3,EPA 및 DHA 함유유지,주식회사 조향,건조한 눈을 개선하여 눈 건강에 도움을 줄 수 있음.,건강기능식품수입업,서울특별시 서초구
20080205,2008-7,L-글루타민,대상주식회사,“과도한 운동 후의 L-글루타민 보충은 신체 저항능력 향상에 도움이 될 수 있습니다” (기타기능II),건강기능식품전문제조업,
20151104,2015-26,EPA 및 DHA 함유 유지,주영엔에스,건조한 눈을 개선하여 눈 건강에 도움을 줄 수 있음(생리활성기능 2등급),건강기능식품수입업,
20120910,2012-22,마리골드 추출물(루테인 에스테르),한국암웨이(주),노화로 인해 감소될 수 있는 황반색소밀도를 유지하여 눈 건강에 도움을 줄 수 있음(생리활성기능 2등급),,서울특별시 강남구
20130527,2013-9,포도씨 추출물,피엘토마스앤코 인크 한국지점,,수입식품등 수입ㆍ판매업,경기도 화성시 동탄구
20090605,2009-49,리프리놀-초록입홍합추출오일,(주)한국파마링크,“관절건강에 도움이 될 수 있음(기타기능II)”,수입식품등 수입ㆍ판매업,경기도 성남시 분당구
20140501,2014-17,로즈힙분말,(주)코드바이오,"관절 및 연골 건강에 도움을 줄 수 있음
(생리활성기능 2등급)",수입식품등 수입ㆍ판매업,충청남도 천안시 서북구
20101231,2010-64,은행잎추출물,(주)더써머스,"인의 기억력 개선에 도움을 줄 수 있음 (기타기능II)
혈행 개선에 도움을 줄 수 있음 (기타기능II)",건강기능식품수입업,경기도 수원시 권선구
20121227,2012-37,토마토추출물,주식회사 뉴트리플랜,"항산화에 도움을 줄 수 있음
 (생리활성기능 2등급)",건강기능식품수입업,경기도 고양시 일산동구
20100405,2010-16,밀크씨슬추출물,(주)대덕약업,“간 건강에 도움을 줄 수 있음” (기타기능II),건강기능식품수입업,경기도 수원시 팔달구
20070730,2007-10,글루코사민,(주)신화바이오,"-관절 및 연골의 구성성분
-관절 및 연골을 튼튼히 하는데 도움
-관절 및 연골건강에 도움",,서울특별시 용산구
20070731,2007-11,미쯔비시 코엔자임Q10,삼성물산(주),"""코엔자임 Q10은 항산화에 도움을 줄 수 있습니다.” (기타기능II)",건강기능식품수입업,서울특별시 서초구
20071206,2007-20,Dimethylsulfone(MSM),(주)케어메딕스,"""Dimethylsulfone(MSM)은 관절건강에 도움이 될 수 있습니다.” (기타기능II)",건강기능식품수입업,대전광역시 대덕구
20071207,2007-21,유단백가수분해물(락티움),롯데쇼핑주식회사,“유단백가수분해물은 스트레스로 인한 긴장을 완화하는데 도움을 줄 수 있습니다”(기타Ⅱ),건강기능식품수입업,경기도 안산시 단원구
20101231,2010-67,은행잎추출물,(주)동일팜텍,"성인의 기억력 개선에 도움을 줄 수 있음 (기타기능II)
혈행 개선에 도움을 줄 수 있음 (기타기능II)",건강기능식품수입업,서울특별시 강남구
20080523,2008-27,대두이소플라본,씨제이제일제당(주),"“뼈 건강에 도움을 줄 수 있습니다."" (기타기능 II)",건강기능식품수입업,서울특별시 중구
20080808,2008-39,수용화 코큐텐 분말 ALL-Q,(주)디에스엠뉴트리션코리아,"코엔자임Q10은 항산화에 도움을 줄 수 있습니다.
(기타II 등급)",건강기능식품수입업,서울특별시 서초구
20071011,2007-16,내츄럴아스타잔틴컴플렉스,이엔지바이오(주),“헤마토코쿠스 CO2 초임계추출물의 섭취는 눈의 피로도 개선에 도움을 줄 수 있습니다.”(기타Ⅱ등급),건강기능식품수입업,경상북도 고령군
20081230,2008-82,쏘팔메토 열매 추출물(Palmetto RossoTM),아사히고도(주)서울영업소,“쏘팔메토 열매추출물은 전립선 건강의 유지에 도움을 줄 수 있습니다” (기타기능II),건강기능식품수입업,서울특별시 송파구
20100909,2010-43,탈지달맞이꽃종자주정추출물,(주)미스바알텍,당의 흡수를 억제하여 식후 혈당상승억제에 도움을 줄 수 있음 (기타기능II),건강기능식품수입업,충청남도 아산시
20090128,2009-4,난소화성말토덱스트린,한국마쯔다니(주),혈중 중성지질 개선에 도움을 줄 수 있음(기타기능 II),건강기능식품수입업,경기도 성남시 분당구
20090129,2009-6,Tonalin CLA TG,코그니스코리아(주),"“과체중인 성인의 체지방 감소에 도움을 줄 수 있습니다."" (기타기능 II)",건강기능식품수입업,서울특별시 서초구
20090821,2009-67,동결건조누에분말,(사)대한잠사회,“혈당조절에 도움을 줄 수 있음(기타Ⅱ)”,수입식품등 수입ㆍ판매업,서울특별시 영등포구
20150105,2015-3,오메가-3 지방산 함유 유지,(주)백중인터내셔널,별도첨부,,서울특별시 서초구
20100405,2010-19,라피노스,(주)뉴트리,1) 장내 유익균의 증식과 유해균의 억제에 도움을 줄 수 있습니다.(기타기능 II) 2) 배변활동을 원활히 하는데 도움을 줄 수 있습니다.(기타기능 II),건강기능식품수입업,경기도 성남시 중원구
20080623,2008-34,표고버섯균사체 AHCC,(주)케이씨에프코리아,“신체방어능력향상에 도움이 될 수 있으나 인체시험을 통한 확인이 필요함”,건강기능식품수입업,서울특별시 광진구
20081002,2008-51,토마토추출물,(주)환이,“항산화에 도움을 줄 수 있음” (기타기능 II),건강기능식품수입업,경기도 과천시
20140813,2014-38,감마리놀렌산 함유 유지,주영엔에스(주),월경 전 변화에 의한 불편한 상태 개선에 도움을 줄 수 있음(생리활성기능 2등급),수입식품등 수입ㆍ판매업,서울특별시 관악구
20080111,2008-1,루테인추출복합물OS20,뉴트리펀코리아컨설팅,“루테인은 노화로 인해 감소될 수 있는 황반색소밀도를 유지시켜 주어 눈건강에 도움을 줍니다.(기타Ⅰ등급)”,건강기능식품수입업,경기도 고양시 일산동구
20080111,2008-2,루테인추출복합분말CWD10,뉴트리펀코리아컨설팅,“루테인은 노화로 인해 감소될 수 있는 황반색소밀도를 유지시켜 주어 눈건강에 도움을 줍니다.(기타Ⅰ등급)”,건강기능식품수입업,경기도 고양시 일산동구
20090227,2009-15,커피만노올리고당분말,동서식품주식회사,"“장내 유익균 증식, 유해균 억제, 배변활동에 도움을 줄 수 있음"" (기타기능 II)",건강기능식품수입업,인천광역시 부평구
20081017,2008-63,Kaneka Q10,(주)주피터인터내셔널,코엔자임Q10은 항산화에 도움을 줄 수 있습니다.,건강기능식품수입업,서울특별시 서초구
20080908,2008-45,동우코엔자임Q10,동우약품(주),"""코엔자임 Q10은 혈압이 높은 사람에게도움을 줄 수 있습니다."" (기타기능II)",건강기능식품수입업,서울특별시 강남구
20081004,2008-53,CLARIONL 공액리놀렌산(트리글리세라이드 형태),(주)태성뉴트라테크,“과체중인 성인의 체지방 감소에 도움을 줄 수 있습니다.” (기타기능 II)“,건강기능식품수입업,서울특별시 강남구
20060928,2006-23,FK-23(Enterococcus faecalis 가열처리 건조분말),(주)대덕약업,"""비특이적 면역을 증강시키는데 도움을 줄 수 있으나 인체시험에서의 확인이 필요합니다."" 
(기타기능III)",건강기능식품수입업,경기도 수원시 팔달구
20141118,2014-59,감마리놀렌산 함유 유지,주식회사 노바렉스,월경 전 변화에 의한 불편한 상태 개선에 도움을 줄 수 있음(생리활성기능 2등급),건강기능식품전문제조업,충청북도 청주시 청원구
20100531,2010-27,회화나무 열매 추출물,주식회사 노바렉스,갱년기 여성의 건강에 도움을 줄 수 있음(생리활성기능 2등급),건강기능식품전문제조업,충청북도 청주시 청원구
20081022,2008-65,지아잔틴 추출물,주식회사 노바렉스,노화로 인해 감소될 수 있는 황반색소밀도를 유지시켜 주어 눈건강에 도움을 줍니다. (생리활성기능 1등급),수입식품등 수입ㆍ판매업,충청북도 청주시 청원구
20160823,2016-13,EPA & DHA 함유 유지,(주)유니젠,건조한 눈을 개선하여 눈 건강에 도움을 줄 수 있음,건강기능식품수입업,충청남도 천안시 동남구
20090224,2009-10,구아검가수분해물(Sunfiberⓡ),타이요인터코리아(주),"""장내 유익균 증식에 도움을 줄 수 있음(기타기능 II)""",건강기능식품수입업,서울특별시 서초구
20090306,2009-20,중쇄지방산(MCFA) 함유유지,롯데푸드(주),이 제품은 중쇄지방산을 함유하고 있어 다른 식용유와 비교하였을 때 체지방 증가가 적을 수 있음(기타기능II),,서울특별시 영등포구
20090429,2009-40,락추로스분말,(주)트리언인터내셔널,"“유익균 증식, 유해균 억제에 도움을 줄 수 있습니다.”(기타기능 II)",수입식품등 수입ㆍ판매업,서울특별시 성동구
20090408,2009-25,호프추출물,씨제이웰케어,“호프추출물은 관절 건강에 도움을 줄 수 있습니다” (기타기능II),수입식품등 수입ㆍ판매업,서울특별시 중구
20041022,2004-9,난소화성말토덱스트린,한국마쯔다니(주),"""난소화성말토덱스트린은 식사와 함께 섭취하면 당의 흡수를 억제시켜 식후 혈당 조절에 도움을 줄 수 있습니다.""

◆ 인체시험에서 난소화성말토덱스트린을 식사와 함께 섭취할 경우 당의 흡수를 억제시켜 식후 혈당 조절에 도움을 줄 수 있음을 확인하였으나 자료의 수가 제한되어 있음. 따라서 반드시 ‘---에 도움을 줄 수 있습니다’의 형식으로 표시하여야 함.",,경기도 성남시 분당구
20050115,2005-1,유니벡스대나무잎추출물,(주)유니젠,"◆ ""유니벡스 대나무잎추출물은 혈중 콜레스테롤 및 지질 조절, 항산화 효과에 도움을 줄 수 있으나 인체시험을 통한 확인이 필요합니다.""

(동물시험에서 혈중 콜레스테롤 및 지질 조절, 항산화 효과에 도움을 줄 수 있음이 확인되었으나 인체시험 자료는 제출되지 않았음. 따라서 반드시 ‘--- 인체시험을 통한 확인이 필요합니다’의 형식으로 표시하여야 함.)",건강기능식품수입업,충청남도 천안시
20050309,2005-7,Dimethylsulfone(MSM),(주)엠에스엠월드와이드,"“Dimethylsulfone (MSM)은 관절건강에 도움이 될 수 있으나  인체시험을 통한 확인이 필요합니다.”

(동물시험을 통하여 관절건강에 도움이 될 수 있음이 확인되었으나 인체시험에서 확인이 필요함. 따라서, 반드시 “---는 도움을 줄 수 있으나 인체에서 확인이 필요합니다”라고 표기해야 함)",건강기능식품수입업,서울특별시 관악구
20050511,2005-9,끼꼬망 포도종자추출물,(주)에이치에프푸드,"""인체의 항산화능 증진에 도움을 줄 수 있습니다.""

◆ 인체시험에서 끼꼬망 포도종자추출물을 섭취할 경우 항산화능 증진에 도움을 줄 수 있음을 확인하였으나 자료의 수가 제한되어 있음. 따라서 반드시 ‘---에 도움을 줄 수 있습니다’의 형식으로 표시하여야 함.",건강기능식품수입업,서울특별시 마포구
20091207,2009-92,밀크씨슬추출물,(주)렉스진바이오텍,“간 건강에 도움을 줄 수 있음” (기타기능II),건강기능식품수입업,충청북도 음성군
20091204,2009-96,루테인추출물20%,(주)렉스진바이오텍,“루테인은 노화로 인해 감소될 수 있는 황반색소밀도를 유지시켜 주어 눈 건강에 도움을 줍니다.”(기타 I등급),건강기능식품수입업,충청북도 음성군
20100426,2010-20,백수오 등 복합추출물,주식회사 내츄럴엔도텍,갱년기 여성의 건강에 도움을 줄 수 있음(기타 II),건강기능식품전문제조업,경기도 이천시
20080808,2008-37,히알루론산,(주)바이오랜드,“피부 보습에 도움을 줄 수 있습니다.(기타Ⅱ)”,건강기능식품전문제조업,경기도 안산시 단원구
20160928,2016-16,유산균발효마늘추출물분말,주식회사 현대바이오랜드 안산,간 건강에 도움을 줄 수 있습니다.,건강기능식품전문제조업,경기도 안산시 단원구
20120420,2012-16,지방산복합물 FAC(Fatty Acid Complex),보람바이오주식회사,"관절 건강에 도움을 줄 수 있음
(생리활성기능2등급)",수입식품등 수입ㆍ판매업,서울특별시 구로구
20140204,2014-4,스페인감초추출물,(주) 뉴트리,위 점막 내 헬리코박터균(Helicobacter pylori) 증식을 억제하고 위 점막을 보호하여 위 건강에 도움을 줄 수 있음(생리활성기능 2등급),수입식품등 수입ㆍ판매업,서울특별시 송파구
20120209,2012-7,나토균배양분말,주식회사애니닥터헬스케어,혈소판 응집억제에 의한 혈행개선에 도움을 줄 수 있음(생리활성기능 2등급),수입식품등 수입ㆍ판매업,서울특별시 강서구
20090429,2009-42,가르시니아 캄보지아 껍질추출물,(주)대덕약업,“탄수화물에서 지방으로의 합성을 억제하여 체지방 감소에 도움을 줍니다(기타Ⅰ)”,건강기능식품수입업,경기도 수원시 영통구
20070605,2007-6,헤마토코쿠스 CO2 초임계 추출물,(주)대덕약업,헤마토코쿠스 CO2 초임계추출물의 섭취는 눈의 피로도 개선에 도움을 줄 수 있습니다.”(기타Ⅱ등급),건강기능식품수입업,경기도 수원시 영통구
20090128,2009-8,포스파티딜세린(LECI-PS 90 PN IP),선경트레이딩(주),“노인의 인지능력 개선에 도움을 줄 수 있습니다.” (기타기능II),건강기능식품수입업,서울특별시 서초구
20100308,2010-8,아티초크추출물,(주)삼오제약,“담즙분비를 촉진하여 지방 소화에 도움을 줄 수 있음(기타기능 II)”,수입식품등 수입ㆍ판매업,서울특별시 강남구
20100315,2010-11,밀크씨슬추출물,아이엠디,“간 건강에 도움을 줄 수 있음” (기타기능II),건강기능식품수입업,서울특별시 강남구
20140825,2014-40,황기추출물 등 복합물(HT042),(주)뉴메드,,건강기능식품벤처제조업,서울특별시 동대문구
20100712,2010-30,밀크씨슬추출물,권우인베스트(주),“간 건강에 도움을 줄 수 있음” (기타기능II),건강기능식품수입업,서울특별시 강남구
20080128,2008-4,공액리놀레산(CONJUGATED LINOLEIC ACID),주영엔에스(주),"""공액리놀레산(Conjugated Linoleic Acid)은 과체중인 성인의 체지방 감소에 도움을 줄 수 있습니다.”",건강기능식품수입업,서울특별시 서초구
20061206,2006-26,탈지달맞이꽃종자주정추출물,(주)대덕약업,"""당의 흡수를 억제하여 식후혈당상승억제에 도움을 줄 수 있습니다.” (기타기능Ⅱ)“",건강기능식품수입업,경기도 수원시 팔달구
20061228,2006-28,CLA FFA,동부한농화학(주),"“공액리놀레산(Conjugated Linoleic Acid)는 과체중인 성인의 체지방 감소에 도움을 줄 수 있습니다.”

(과체중인 성인을 대상으로 한 인체시험에서 CLA를 섭취한 경우 체지방(fat mass)감소에 도움을 줄 수 있음이 많은 자료에서 확인되었으나 한국인을 대상으로 한 자료가 없었음. 따라서 반드시 ‘---에 도움을 줄 수 있습니다’의 형식으로 표시하여야 함.)",건강기능식품수입업,서울특별시 강남구
20070105,2007-4,아마인,네이쳐스메디신(주),“콜레스테롤 감소에 도움을 줄 수 있습니다“(기타기능Ⅱ),건강기능식품수입업,서울특별시 성북구
20070117,2007-5,미쯔비시 코엔자임 Q10,삼성물산(주),"""코엔자임 Q10은 항산화에 도움을 줄 수 있습니다."" (기타기능II)",건강기능식품수입업,경기도 성남시 분당구
20070126,2007-7,빌베리주정추출물,씨제이제일제당(주),"""눈의 피로 개선에 도움을 줄 수 있습니다."" 
(기타기능 II)",건강기능식품수입업,서울특별시 중구
20090306,2009-21,CJ식물성유지 디글리세라이드(DG),씨제이제일제당(주),이 제품은 디글리세라이드(Diacylglyceride)를 함유하고 있어 다른 식용유와 비교하였을 때 식후 혈중 중성지방과 체지방 증가가 적을 수 있음(기타기능II),수입식품등 수입ㆍ판매업,서울특별시 중구
20150320,2015-9,풋사과추출물 애플페논(Applephenon),(주)서흥,체지방 감소에 도움을 줄 수 있음(생리활성기능 2등급),,충청북도 청주시 흥덕구
20131212,2013-36,L. Helveticus 발효물,일동바이오사이언스(주),"노화로 인해 저하된 인지력 개선에 도움을 줄 수 있으나, 관련 인체적용시험이 미흡함
(생리활성기능 3등급)",건강기능식품전문제조업,서울특별시 서초구
20090609,2009-48,CLA FFA,세창무역,"“과체중인 성인의 체지방 감소에 도움을 줄 수 있습니다."" (기타기능 II)",건강기능식품수입업,서울특별시 송파구
20071210,2007-22,로즈힙분말,(주)주안상사,"""로즈힙분말은 관절 및 연골건강에 도움을 줄 수 있습니다.”",건강기능식품수입업,서울특별시 동작구
20090429,2009-41,가르시니아 캄보지아 껍질추출물 GARSLIM,(주)진용,“탄수화물에서 지방으로의 합성을 억제하여 체지방 감소에 도움을 줍니다(기타Ⅰ)”,건강기능식품수입업,경기도 수원시 영통구
20080618,2008-31,Enterococcus faecalis FK-23 효소 및 가열처리분말(LFK),(주)대덕약업,“꽃가루에 의해 나타나는 코막힘의 개선에 도움을 줄 수 있음” (기타기능 II),건강기능식품수입업,경기도 수원시 영통구
20120626,2012-20,폴리감마글루탐산,(주)카인즈,"체내 칼슘 흡수 촉진에 도움을 줄 수 있음
(생리활성기능 2등급)",수입식품등 수입ㆍ판매업,경기도 남양주시
20080808,2008-42,포도 종자 추출물,(주)네추럴에프앤피,"“인체의 항산화능 증진에 도움을 줄 수 있습니다."" (기타기능 II)",수입식품등 수입ㆍ판매업,서울 송파구
20141104,2014-56,감마리놀렌산 함유 유지,(주)내츄럴엔도텍,월경 전 변화에 의한 불편한 상태 개선에 도움을 줄 수 있음(생리활성기능 2등급),수입식품등 수입ㆍ판매업,서울특별시 송파구
20141007,2014-50,매스틱 검,(주)프롬바이오,"위 불편감 개선에 도움을 줄 수 있음
(생리활성기능 2등급)",수입식품등 수입ㆍ판매업,경기도 용인시 기흥구
20141212,2014-65,피니톨 분말,주식회사 디와이내츄럴,"혈당조절에 도움을 줄 수 있으나 
관련 인체적용시험이 미흡함
(생리활성기능 3등급)",수입식품등 수입ㆍ판매업,대전광역시 유성구
20080215,2008-12,Opti MSM,(주)로하스피아,디메틸설폰(Dimethylsulfone)은 관절건강에 도움이 될 수 있습니다.(기타기능II),건강기능식품수입업,서울특별시 송파구
20100903,2010-42,루테인,네츄러리플러스코리아(주),“노화로 인해 감소될 수 있는 황반색소밀도를 유지하여 눈 건강에 도움을 줌”(기타기능Ⅰ),건강기능식품수입업,서울특별시 강남구
20090128,2009-5,테아닌(Theanine),(주)아모레퍼시픽,“스트레스로 인한 긴장을 완화시키는데 도움을 줄 수 있음” (기타기능 II),건강기능식품수입업,서울특별시 중구
20090227,2009-14,가르시니아 캄보지아 추출물,(주)바이오리더스,"“탄수화물에서 지방으로의 합성을 억제하여 체지방 감소에 도움을 줍니다"" (기타기능 I)",건강기능식품전문제조업,대전광역시 유성구
20160615,2016-7,EPA 및 DHA 함유 유지,대상(주),기억력 개선에 도움을 줄 수 있음,건강기능식품수입업,서울특별시 동대문구
20160615,2016-6,EPA 및 DHA 함유 유지,코스맥스바이오,건조한 눈을 개선하여 눈 건강에 도움을 줄 수 있음,건강기능식품수입업,충청북도 제천시
20151224,2015-31,EPA 및 DHA 함유 유지,(주)빅솔반월공장,건조한 눈을 개선하여 눈 건강에 도움을 줄 수 있음(생리활성기능 2등급),수입식품등 수입ㆍ판매업,경기도 안산시 단원구
20060817,2006-17,헤모힘 당귀등 혼합추출물,콜마비앤에이치(주),,건강기능식품전문제조업,세종특별자치시
20160823,2016-12,EPA 및 DHA 함유 유지,(주)유니젠,기억력 개선에 도움을 줄 수 있음,건강기능식품수입업,충청남도 천안시 동남구
20160823,2016-10,헛개나무과병추출분말,주식회사 아리너스,알콜성 손상으로부터 간을 보호하는데 도움을 줄 수 있음(생리활성기능 2등급),건강기능식품일반판매업,충청북도 제천시
20081022,2008-66,루테인 지아잔틴 복합 추출물,주식회사 노바렉스,노화로 인해 감소도리 수 있는 환반색소밀도를 유지시켜 주어 눈건강에 도움을 줍니다.(생리활성기능 1등급),수입식품등 수입ㆍ판매업,충청북도 청주시 청원구
20150630,2015-20,EPA 및 DHA 함유 유지,아사히고도(주)서울영업소,건조한 눈을 개선하여 눈 건강에 도움을 줄 수 있음(생리활성기능 2등급),,서울특별시 송파구
20070403,2007-13,크레아틴,선경트레이딩(주),“크레아틴의 섭취는 근력 운동 시에 운동수행능력 향상에 도움을 줄 수 있습니다.”(기타기능 II),수입식품등 수입ㆍ판매업,서울특별시 서초구
20090605,2009-60,테아닌,씨제이제일제당(주),“스트레스로 인한 긴장을 완화시키는데 도움을 줄 수 있음” (기타기능 II),건강기능식품수입업,서울특별시 중구
20081231,2008-80,아글리맥스(AglyMax) 30 이소플라본추출물,(주)대덕약업,"(1) 성상 : 밝은 황갈색의 분말
 (2) 납(㎎/㎏) : 1.0 이하
 (3) 총비소(㎎/㎏) : 1.0 이하
 (4) 카드뮴(㎎/㎏) : 1.0 이하
 (5) 총수은(㎎/㎏) : 1.0 이하
 (6) 대장균군 : 음성",건강기능식품수입업,경기도 수원시 영통구
20060913,2006-20,Green Mate Extract EFLA920,(주)삼정향료,"""Green Mate Extract EFLA? 920은 체지방 감소에 도움을 줄 수 있으나 아직은 과학적인 근거가 부족합니다."" 

소수의 인체시험에서 “Green Mate Extract EFLA? 920”이 체지방 감소에 도움을 줄 수 있음이 입증되었으나 이를 설명할 수 있는 과학적 근거가 부족합니다. (기타기능III)",건강기능식품수입업,충청북도 음성군
20081003,2008-52,그린마테추출물 EFLA® 920,(주)삼정향료,체지방 감소에 도움을 줄 수 있습니다 (기타기능II),수입식품등 수입ㆍ판매업,충청북도 음성군
20130711,2013-23,루테인 지아잔틴 복합 추출물 20%,주식회사 노바렉스,노화로 인해 감소될 수 있는 황반색소밀도를 유지시켜 주어 눈 건강에 도움을 줌(생리활성기능 1등급),건강기능식품전문제조업,충청북도 청주시 청원구
20081231,2008-84,쏘팔메토 열매 추출물,(주)동원에프앤비,“쏘팔메토 열매 추출물은 전립선 건강의 유지에 도움을 줄 수 있습니다” (기타기능II),건강기능식품수입업,서울특별시 서초구
20100422,2010-18,썬테아닌,타이요인터코리아(주),“스트레스로 인한 긴장을 완화시키는데 도움을 줄 수 있음” (기타기능 II),건강기능식품수입업,서울특별시 서초구
20131121,2013-32,전칠삼 추출물 등 복합물,주식회사 노바렉스,관절건강에 도움을 줄 수 있음(생리활성기능2등급),건강기능식품전문제조업,충청북도 청주시 청원구
20150316,2015-7,돌외잎 추출물,주식회사 노바렉스,스트레스로 인한 긴장완화에 도움을 줄 수 있음(생리활성기능 2등급),건강기능식품전문제조업,충청북도 청주시 청원구
20100830,2010-39,크랜베리 추출물,주식회사 노바렉스,요로에 유해균 흡착 억제로 요로건강에 도움을 줄 수 있음(생리활성기능 2등급),수입식품등 수입ㆍ판매업,충청북도 청주시 청원구
20140811,2014-37,오메가-3 지방산 함유 유지,주식회사 노바렉스,기억력 개선에 도움을 줄 수 있음(생리활성기능 2등급),건강기능식품전문제조업,충청북도 청주시 청원구
20141217,2014-66,감마리놀렌산 함유 유지,주식회사 노바렉스,면역과민반응에 의한 피부상태 개선에 도움을 줄 수 있음(생리활성기능 2등급),건강기능식품전문제조업,충청북도 청주시 청원구
20160928,2016-20,EPA 및 DHA 함유유지,(주)성우인터켐,건조한 눈을 개선하여 눈 건강에 도움을 줄 수 있음,수입식품등 수입ㆍ판매업,서울특별시 구로구
20090429,2009-46,피브로인추출물 (BF-7®),(주)파미니티,기억력 개선에 도움을 줄 수 있습니다. (기타 II등급),건강기능식품벤처제조업,경기도 의왕시
20140609,2014-25,카카오분말,롯데웰푸드(주),혈관이완을 통한 혈행개선에 도움을 줄 수 있음(생리활성기능 2등급),수입식품등 수입ㆍ판매업,경기도 화성시 만세구
20100202,2010-2,연어펩타이드,(주)대덕약업,"혈압이 높은 사람에게 도움을 줄 수 있음
(기타기능II)",수입식품등 수입ㆍ판매업,경기도 수원시 영통구
20091028,2009-86,헛개나무 과병 추출 분말,(주)바이오랜드,1) 알콜성 손상으로부터 간을 보호하는데 도움을 줄 수 있음(기타 II) 2) 스트레스로 인한 피로 개선에 도움을 줄 수 있음(생리활성기능 2등급) 3) 운동능력 향상에 도움을 줄 수 있음(생리활성기능 2등급),건강기능식품수입업,경기도 안산시
20100701,2010-28,피카오프레토 분말 등 복합물(ClearGuardTM),한국암웨이(주),“과민반응에 의한 코 상태 개선에 도움을 줄 수 있음(기타Ⅱ)”,수입식품등 수입ㆍ판매업,서울특별시 강남구
20110926,2011-26,회화나무열매추출물,주식회사 노바렉스,갱년기 여성의 건강에 도움을 줄 수 있음(기타기능Ⅱ),수입식품등 수입ㆍ판매업,충청북도 청주시 청원구
20110909,2011-21,글로빈 가수분해물,(주)헤너스,식후 혈중 중성지질 개선에 도움을 줄 수 있음(기타기능Ⅱ),수입식품등 수입ㆍ판매업,경기도 성남시 분당구
20091207,2009-87,해태올리고펩타이드,(주)삼오제약,“혈압조절에 도움을 줄 수 있음(기타기능II)”,건강기능식품수입업,서울특별시 강남구
20130820,2013-25,가시오갈피 등 복합추출물,(주)뉴메드,"관절 건강에 도움을 줄 수 있음
(생리활성기능 2등급)",수입식품등 수입ㆍ판매업,서울특별시 동대문구
20140912,2014-45,L-arabinose,(주)메디앤바이오,"설탕 소화흡수를 완만하게 하여 혈당조절에 
도움을 줄 수 있음
(생리활성기능 2등급)",수입식품등 수입ㆍ판매업,경기도 평택시
20080214,2008-9,칸탈로프멜론추출물,(주)씨스팡,1)산화스트레스로부터 인체를 보호하는데 도움을 줄 수 있습니다(기타II) 2)혈관벽 두께 증가 억제를 통한 혈행개선에 도움을 줄 수 있습니다(기타II) 3) 자외선에 의한 피부홍반개선으로 피부건강에 도움을 줄수 있음(기타II),수입식품등 수입ㆍ판매업,서울특별시 구로구
20120326,2012-12,민들레 등 추출복합물,(주)성균바이오텍,피부보습에 도움을 줄 수 있음(생리활성기능 2등급),건강기능식품전문제조업,경기도 안산시 단원구
20120917,2012-23,키토올리고당,(주)키토라이프,"체지방 감소에 도움을 줄 수 있으나, 관련 인체적용시험이 미흡함(생리활성기능 3등급)",건강기능식품전문제조업,경기도 평택시
20120928,2012-27,로즈힙분말,(주)서흥캅셀,관절 및 연골 건강에 도움을 줄 수 있음(생리활성기능 2등급),건강기능식품전문제조업,충청북도 청주시 흥덕구
20130306,2013-4,발효울금,한국인스팜주식회사,"간 건강에 도움을 줄 수 있으나, 관련 인체적용시험이 미흡함(생리활성기능 3등급)",건강기능식품전문제조업,전남광주통합특별시 화순군
20130417,2013-6,나토균배양분말,(주)지에프퍼멘텍,혈행 개선에 도움을 줄 수 있음(생리활성기능 2등급),건강기능식품전문제조업,세종특별자치시
20130703,2013-14,가시오가피숙지황복합추출물,(주)오스코텍,뼈 건강에 도움을 줄 수 있음(생리활성기능 2등급),건강기능식품벤처제조업,경기도 성남시 분당구
20131017,2013-31,MR-10 민들레등복합추출물,(주)파미니티,갱년기 남성의 건강에 도움을 줄 수 있음(생리활성기능 2등급),건강기능식품벤처제조업,경기 과천시
20121109,2012-31,콩발효추출물,주영엔에스(주),,수입식품등 수입ㆍ판매업,서울특별시 서초구
20121109,2012-32,콩발효추출물,(주)네이처텍,식후 혈당상승 억제에 도움을 줄 수 있음(생리활성기능 2등급),수입식품등 수입ㆍ판매업,충청북도 진천군
20140904,2014-43,호박씨추출물 등 복합물,(주)삼정,방광의 배뇨기능 개선에 도움을 줄 수 있음(생리활성기능 2등급),수입식품등 수입ㆍ판매업,서울특별시 관악구
20140911,2014-44,참당귀 추출분말(Nutragen),(주)뉴트라젠,1) 노화로 저하된 인지기능 개선에 도움을 줄 수 있음 2) 관절건강에 도움을 줄 수 있음(생리활성기능 2등급),건강기능식품벤처제조업,충청북도 음성군
20120921,2012-24,Collactive 콜라겐펩타이드,씨제이웰케어,"피부 보습에 도움을 줄 수 있음
(생리활성기능 2등급)",수입식품등 수입ㆍ판매업,서울특별시 중구
20120120,2012-5,콜레우스 포스콜리 추출물,사빈사코리아주식회사,"체지방 감소에 도움을 줄 수 있음
(생리활성기능 2등급)",,서울특별시 강남구
20150406,2015-11,인삼다당체추출물,주식회사 헬스바이오메드,,건강기능식품벤처제조업,서울특별시 강남구
20151104,2015-22,까마귀쪽나무 열매 주정추출물,(재)제주테크노파크,관절건강에 도움을 줄 수 있음(생리활성기능 2등급),건강기능식품전문제조업,제주특별자치도 제주시
20130703,2013-18,로즈힙분말,(주)뉴트리플랜,관절 및 연골 건강에 도움을 줄 수 있음(생리활성기능 2등급),건강기능식품벤처제조업,경기도 파주시
20100401,2006-3,황금등복합물,(주)유니젠,,건강기능식품전문제조업,충청남도 천안시 동남구
20130605,2013-13,도라지추출물(DRJ-AD),(주)장생도라지,"노인의 인지능력 개선에 도움을 줄 수 있으나, 인체적용시험이 미흡(생리활성기능 3등급)",건강기능식품벤처제조업,경상남도 진주시
20090605,2009-50,HK 나토배양물,(주)HK바이오텍,"혈액의 흐름을 방해할 수 있는 혈소판응집을 억제하여, 혈액흐름을 원활히 하는데 도움을 줄 수 있음(기타 II)",건강기능식품전문제조업,경상남도 진주시
20161226,2016-21,오미자추출물,(주)바이오믹스,갱년기 여성 건강에 도움을 줄 수 있음(생리활성기능 2등급),건강기능식품벤처제조업,경기도 고양시 일산동구
20120726,2012-21,유단백가수분해물(락티움),(주)사노피-아벤티스코리아,스트레스로 인한 긴장 완화에 도움을 줄 수 있음(생리활성기능 2등급),수입식품등 수입ㆍ판매업,서울특별시 강남구
20141002,2014-46,비파엽추출물,한국인스팜(주),기억력 개선에 도움을 줄 수 있음(생리활성기능 2등급),건강기능식품벤처제조업,전남광주통합특별시 화순군
20140519,2014-20,발효식초석류복합물,대상(주),,건강기능식품벤처제조업,전북특별자치도 군산시
20100715,2017-7,HK표고버섯균사체,(주)HK바이오텍,,건강기능식품전문제조업,경상남도 진주시
20101026,2017-8,전칠삼추출물 등 복합물,(주)오스코텍,,건강기능식품벤처제조업,충청남도 천안시 서북구
20101224,2017-10,복분자추출분말,(주)리즈바이오텍,,건강기능식품벤처제조업,대전광역시 유성구
20110926,2011-25,회화나무열매추출물,(주)후드코리아,갱년기 여성의 건강에 도움을 줄 수 있음(기타기능 II),건강기능식품전문제조업,충청남도 금산군
20080617,2008-32,금사상황버섯,금사머쉬앤팜,면역기능 개선에 도움을 줄 수 있음(기타기능II),건강기능식품전문제조업,경기 여주군
20190102,2018-14,시서스추출물,주식회사 뉴온,체지방 감소에 도움,수입식품등 수입ㆍ판매업,서울특별시 강남구
20190408,2019-2,인삼추출물,국립원예특작과학원 인삼특작부,-,집단급식소,충청북도 음성군
20190408,2019-3,깻잎추출물(PF501),(주)휴온스내츄럴,체지방 감소에 도움을 줄 수 있음,건강기능식품전문제조업,충청북도 진천군
20141209,2014-61,감마리놀렌산 함유 유지,(주)로하스피아,월경 전 변화에 의한 불편한 상태 개선에 도움을 줄 수 있음(생리활성기능 2등급),수입식품등 수입ㆍ판매업,서울특별시 송파구
20141103,2014-55,오메가-3 지방산 함유 유지,(주)자연의힘,"기억력 개선에 도움을 줄 수 있음
 (생리활성기능 2등급)",식품등 수입판매업,경기도 평택시
20140702,2014-28,와일드망고 종자추출물,(주)프롬바이오,"체지방 감소에 도움을 줄 수 있음
(생리활성기능 2등급)",식품등 수입판매업,제주특별자치도 제주시
20170331,2017-1,허니부쉬추출발효분말,(주)휴온스,자외선에 의한 피부손상으로부터 피부 건강을 유지하는데 도움,건강기능식품수입업,충청북도 제천시
20140219,2014-8,옥수수배아추출물,"에이케이바이오링크 주식회사 (AK Biolink Co.,Ltd)",피부보습에 도움을 줄 수 있음(생리활성기능 2등급),수입식품등 수입ㆍ판매업,서울특별시 성동구
20120510,2012-17,밀크씨슬 추출물(Milk Thistle Extract),(주)성지코퍼레이션,간 건강에 도움을 줄 수 있음(생리활성기능 2등급),건강기능식품일반판매업,서울특별시 송파구
20070829,2007-12,피니톨 분말,솔젠트(주),피니톨은 캐롭빈 포드에서 정제?추출한 원료로서 혈당조절에 도움을 줄 수 있으나 인체시험에서 확인이 필요합니다.,건강기능식품벤처제조업,대전광역시 유성구
20070928,2007-15,바이오게르마늄 효모,게란티제약(주),면역기능 증진에 도움,건강기능식품전문제조업,충청남도 보령시
20190408,2019-4,L. curvatus HY7601와 L. plantarum KY1032의 프로바이오틱스 복합물,(주)에치와이 평택공장,,건강기능식품전문제조업,경기도 평택시
20190415,2019-5,연어이리추출물(DOT™연어핵산),주식회사 플루토,위 점막을 보호하여 위 건강에 도움을 줄 수 있음,건강기능식품벤처제조업,경기도 성남시 수정구
20190419,2019-6,루바브뿌리추출물,한국암웨이(주),갱년기 여성건강에 도움을 줄 수 있음,수입식품등 수입ㆍ판매업,서울특별시 강남구
20170609,2017-3,허니부쉬추출발효분말,(주)휴온스엔,자외선에의한 피부손상으로 피부건강 유지에 도움을 줄 수 있음,건강기능식품전문제조업,강원특별자치도 춘천시
20170428,2017-2,히알루론산,에스케이바이오랜드 주식회사,자외선에 의한 피부손상으로부터 피부 건강 유지에 도움을 줄 수 있음(생리활성기능 2등급),건강기능식품전문제조업,경기도 안산시 단원구
20150409,2015-12,감마리놀렌산함유유지,(주)비티씨,월경 전 변화에 의한 불편한 상태 개선에 도움을 줄 수 있음(생리활성기능 2등급),건강기능식품벤처제조업,경기도 안산시 상록구
20150409,2015-13,감마리놀렌산함유유지,(주)비티씨,면역과민반응에 의한 피부 상태 개선에 도움을 줄 수 있음(생리활성기능 2등급),건강기능식품벤처제조업,경기도 안산시 상록구
20150416,2015-15,히알루론산,주식회사 노바렉스,피부 보습에 도움을 줄 수 있음(생리활성기능 2등급),건강기능식품전문제조업,충청북도 청주시 청원구
20131128,2013-35,"피엘에이지(PLAG, 1-palmitoyl-2-linoleoyl-3-acetyl-rac-g",(주)엔지켐생명과학,면역조절에 도움을 줄 수 있음(생리활성기능 2등급),건강기능식품전문제조업,충청북도 제천시
20121231,2012-36,핑거루트추출분말,(주)한국야쿠르트 중앙연구소,1) 자외선에 의한 피부손상으로부터 피부 건강을 유지하는데 도움을 줄 수 있음(생리활성기능 2등급) 2) 체지방 감소에 도움을 줄 수 있음(생리활성기능 2등급),수입식품등 수입ㆍ판매업,경기도 용인시 기흥구
20180213,2018-2,빌베리추출물,(주)대덕약업,눈의 피로도 개선에 도움,건강기능식품일반판매업,경기도 수원시 영통구
20190516,2019-10,빌베리추출물,아사히고도(주)서울지점,눈의 피로도 개선에 도움,건강기능식품일반판매업,서울특별시 성동구
20190517,2019-7,스페인감초추출물,(주)뉴트리,위 점막 내 헬리코박터(Helicobacter pylori) 증식을 억제하고 위 점막을 보호하여 위 건강에 도움을 줄 수 있습니다.,수입식품등 수입ㆍ판매업,경기도 성남시 중원구
20151104,2015-25,EPA 및 DHA 함유유지,(주)백중인터내셔널,건조한 눈을 개선하여 눈 건강에 도움을 줄 수 있음(생리활성기능 2등급),수입식품등 수입ㆍ판매업,서울특별시 서초구
20150105,2015-4,감마리놀렌산함유유지,(주)동일팜텍,면역과민반응에 의한 피부상태 개선에 도움을 줄 수 있음(생리활성기능 2등급),수입식품등 수입ㆍ판매업,서울특별시 강남구
20150105,2015-5,감마리놀렌산함유유지,(주)동일팜텍,월경 전 변화에 의한 불편한 상태 개선에 도움을 줄 수 있음(생리활성기능 2등급),수입식품등 수입ㆍ판매업,서울특별시 강남구
20150317,2015-8,EPA 및 DHA 함유 유지,(주)동일팜텍,기억력 개선에 도움을 줄 수 있음(생리활성기능 2등급),수입식품등 수입ㆍ판매업,서울특별시 강남구
20140129,2014-2,강황 추출물(터마신),(주)세광에스티코퍼레이션,관절건강에 도움을 줄 수 있음(생리활성기능 2등급),수입식품등 수입ㆍ판매업,서울특별시 금천구
20140423,2014-10,오메가-3 지방산 함유 유지,주영엔에스(주),기억력 개선에 도움을 줄 수 있음(생리활성기능 2등급),수입식품등 수입ㆍ판매업,서울특별시 서초구
20191105,2019-26,리스펙타(RespectaⓇ) [프로바이오틱스 등복합물],코스맥스엔비티(주),,건강기능식품전문제조업,경기도 이천시
20071214,2007-23,PMO참밀알부민,풀무원건강생활(주),,수입식품등 수입ㆍ판매업,충청북도 증평군
20111026,2011-39,크랜베리 추출물,씨제이웰케어,요로에 유해균 흡착 억제로 요로건강에 도움을 줄 수 있음(기타기능 II),수입식품등 수입ㆍ판매업,서울특별시 중구
20110511,2011-16,동충하초 유래 P. hepiali 균사체(Cs-4) 추출물,뉴스킨코리아(주),지구력 증진에 도움을 줄 수 있음,수입식품등 수입ㆍ판매업,서울특별시 강남구
20171010,2017-5,호로파종자 등 추출복합물,(주)두한바이오,남성의 갱년기 건강에 도움을 줄 수 있음,건강기능식품벤처제조업,서울특별시 서초구
20190517,2019-8,상황버섯등 추출복합물,풀무원건강생활(주),혈관 건강 개선을 통해 혈행개선에 도움을 줄 수 있습니다.,건강기능식품전문제조업,충청북도 증평군
20190705,2019-12,피쉬 콜라겐펩타이드,주영엔에스(주),자외선에 의한 피부손상으로부터 피부건강을 유지하는데 도움을 줄 수 있음,수입식품등 수입ㆍ판매업,서울특별시 송파구
20190705,2019-13,쑥부쟁이추출분말,국립농업과학원본원동,-,집단급식소,전북특별자치도 완주군
20190705,2019-14,그린세라-F (인동덩굴꽃봉오리추출물),주식회사 녹십자웰빙,,수입식품등 수입ㆍ판매업,서울특별시 성동구
20191113,2019-25,로즈마리자몽추출복합물,광동헬스바이오(주),자외선에 의한 피부손상으로부터 피부건강을 유지하는데 도움을 줄 수 있음,건강기능식품전문제조업,충청북도 청주시 청원구
20191113,2019-27,포도과피 효소발효추출물(KL-GEFE),(주)키토라이프,안구건조 개선에 도움을 줄 수 있음,건강기능식품전문제조업,경기도 평택시
20081112,2008-68,Tonalin CLA FFA,(주)네츄럴라이프,"“과체중인 성인의 체지방 감소에 도움을 줄 수 있습니다."" (기타기능 II)",건강기능식품수입업,서울특별시 성북구
20070709,2007-9,헤마토코쿠스 CO2 초임계 추출물,주영엔에스(주),“헤마토코쿠스 CO2 초임계추출물의 섭취는 눈의 피로도 개선에 도움을 줄 수 있습니다.”(기타Ⅱ등급),건강기능식품수입업,서울특별시 서초구
20190705,2019-16,루테인지아잔틴복합추출물,고려은단(주),-,건강기능식품전문제조업,경기도 성남시 중원구
20080324,2008-17,히알우론산나트륨,씨제이제일제당(주),“피부 보습에 도움을 줄 수 있습니다.(기타Ⅱ)”,건강기능식품수입업,서울특별시 중구
20190814,2019-17,차즈기추출물,코스맥스바이오(주),눈의 피로도 개선에 도움,건강기능식품전문제조업,충청북도 제천시
20090416,2009-30,밀크씨슬추출물,(주)디앤피천연물연구소,“간 건강에 도움을 줄 수 있으나 인체시험을 통한 확인이 필요함” (기타기능III),,경기도 용인시 처인구
20090402,2009-26,Novasoy,(주)뉴트리션웨이브,“뼈 건강에 도움을 줄 수 있습니다.” (기타기능 II),건강기능식품수입업,경기도 성남시 분당구
20090402,2009-27,쏘이라이프(Soylife),주영엔에스(주),“뼈 건강에 도움을 줄 수 있습니다.” (기타기능 II),건강기능식품수입업,서울특별시 서초구
20140703,2014-27,UREX 프로바이오틱스,(주)빅솔반월공장,"유산균 증식을 통한 여성 질 건강에 도움을 줄 수 있음
 (생리활성기능 2등급)",수입식품등 수입ㆍ판매업,경기도 안산시 단원구
20091207,2009-93,밀크씨슬추출물,(주)알피코프,“간 건강에 도움을 줄 수 있음” (기타기능II),건강기능식품수입업,서울특별시 강남구
20101101,2010-48,소엽추출물,(주)한국메디,"면역 과민반응 개선에 도움을 줄 수 있으나 
인체에서의 확인이 필요함(기타기능III)",건강기능식품전문제조업,경기도 평택시
20050804,2005-15,피니톨,아미코젠(주)문산제2공장,간 건강에 도움을 줄 수 있음,건강기능식품전문제조업,경상남도 진주시
20111025,2011-37,타가토스,씨제이제일제당(주),식후 혈당조절에 도움을 줄 수 있음(기타기능II),수입식품등 수입ㆍ판매업,서울특별시 중구
20090416,2009-28,프로바이오틱스(드시모네),주식회사 헥토헬스케어,"1) 유익한 유산균 증식, 유해균 억제, 배변활동 원활 2) 장 면역을 조절하여 장 건강에 도움을 줄 수 있음(기타기능II)",수입식품등 수입ㆍ판매업,서울특별시 강남구
20090416,2009-23,밀크씨슬추출물,(주)디앤피천연물연구소,“간 건강에 도움을 줄 수 있으나 인체시험을 통한 확인이 필요함” (기타기능III),,경기도 용인시 처인구
20191231,2019-29,대두추출물등 복합물(메노세라),풀무원건강생활(주),,건강기능식품전문제조업,충청북도 증평군
20050823,2005-18,Tonalin CLA FFA,(주)상현화학,"“공액리놀레산(Conjugated Linoleic Acid)는 과체중인 성인의 체지방 감소에 도움을 줄 수 있습니다.”

(과체중인 성인을 대상으로 한 인체시험에서 CLA를 섭취한 경우 체지방(fat mass)감소에 도움을 줄 수 있음이 많은 자료에서 확인되었으나 한국인을 대상으로 한 자료가 없었음. 따라서 반드시 ‘---에 도움을 줄 수 있습니다’의 형식으로 표시하여야 함.)",건강기능식품수입업,서울특별시 강남구
20120928,2012-25,청국장균배양정제물(폴리감마글루탐산칼륨),(주)모아라이프플러스,면역기능 증진에 도움을 줄 수 있음(생리활성기능 2등급),건강기능식품전문제조업,대전광역시 유성구
20150430,2015-16,유단백추출물,주영엔에스(주),뼈 건강에 도움을 줄 수 있음(생리활성기능 2등급),건강기능식품수입업,서울특별시 서초구
20111011,2011-27,인삼가수분해농축액,(주)일화,혈당 조절에 도움을 줄 수 있음(기타기능 II),건강기능식품전문제조업,강원특별자치도 춘천시
20110224,2011-8,녹차추출물,주식회사 노바렉스,체지방 감소에 도움을 줄 수 있음(기타기능 II),수입식품등 수입ㆍ판매업,경기도 의왕시
20110511,2011-15,호박씨추출물 등 복합물,씨제이웰케어,방광의 배뇨기능 개선에 도움을 줄 수 있음(기타기능 II),수입식품등 수입ㆍ판매업,서울특별시 중구
20130508,2013-8,돌외잎주정추출분말(액티포닌®),(주)티지 바이오텍,"체지방 감소에 도움을 줄 수 있음 
(생리활성기능 2등급)",건강기능식품벤처제조업,대구광역시 북구
20150618,2015-19,L-아르기닌,대상(주)군산공장,혈관이완을 통해 혈행 개선에 도움을 줄 수 있음(생리활성기능 2등급),건강기능식품전문제조업,전북특별자치도 군산시
20150518,2015-18,밀배유추출물,한국암웨이(주),피부 보습에 도움을 줄 수 있음(생리활성기능 2등급),수입식품등 수입ㆍ판매업,서울특별시 강남구
20151104,2015-28,석류추출물,주식회사 비엔지,갱년기 여성의 건강에 도움을 줄 수 있음(생리활성기능 2등급),수입식품등 수입ㆍ판매업,강원특별자치도 춘천시
20140707,2014-30,적포도발효농축액,하이바이오(주),콜레스테롤 개선에 도움을 줄 수 있음(생리활성기능 2등급),건강기능식품벤처제조업,경기도 성남시 중원구
20160128,2016-2,EPA및DHA함유유지,(주)서흥,건조한 눈을 개선하여 눈 건강에 도움을 줄 수 있음(생리활성기능 2등급),건강기능식품수입업,충청북도 청주시 흥덕구
20160128,2016-1,EPA 및 DHA 함유 유지,주식회사 비티씨,건조한 눈을 개선하여 눈 건강에 도움을 줄 수 있음. (생리활성 기능 2등급),식품등 수입판매업,경기도 안산시 상록구
20090227,2009-12,BT-11원지추출분말,(주)바이오스타줄기세포기술연구원,성인의 기억력 개선을 도움을 줄 수 있음(생리활성기능 2등급),건강기능식품전문제조업,전남광주통합특별시 나주시
20130711,2013-22,들쭉열매추출물,동아제약(주)달성공장,눈 건강에 도움을 줄 수 있으나 관련 인체적용시험이 미흡함(생리활성기능 3등급),건강기능식품전문제조업,대구광역시 달성군
20160321,2016-4,EPA 및 DHA 함유 유지(고시형 원료),콜마비앤에이치(주)푸디팜사업부문,기억력 개선에 도움을 줄 수 있음,건강기능식품수입업,충청북도 음성군
20131129,2013-34,효모베타글루칸,(주)내츄럴엔도텍,면역기능 증진에 도움을 줄 수 있음(생리활성기능 2등급),건강기능식품벤처제조업,경기도 성남시 분당구
20130703,2013-17,Lactobacillus sakei Probio65,(주)프로바이오닉,면역과민반응에 의한 피부상태 개선에 도움을 줄 수 있음(생리활성기능 2등급),건강기능식품전문제조업,전북특별자치도 전주시 덕진구
20120405,2012-14,Dimethylsulfone (MSM),노니코리아,"관절 건강에 도움을 줄 수 있음
(생리활성기능2등급)",식품등 수입판매업,서울특별시 노원구
20110909,2011-22,유산균발효다시마추출물(동결건조물 및 분무건조물),(주)마린바이오프로세스,알콜성 손상으로부터 간 보호 및 기억력 개선에 도움기억기억력 개선에 도움을 줄 수 있음,건강기능식품전문제조업,부산광역시 기장군
20140520,2014-21,홍경천추출물,주식회사 나인무역,스트레스로 인한 피로개선에 도움을 줄 수 있음(생리활성기능 2등급),수입식품등 수입ㆍ판매업,경기도 수원시 장안구
20140424,2014-14,상엽추출물,(주)헬릭스미스,식후혈당 상승 억제에 도움을 줄 수 있음(생리활성기능 2등급),건강기능식품벤처제조업,서울특별시 강서구
20081008,2008-57,크레아틴,뉴트리펀코리아컨설팅,“근력 운동 시에 운동수행능력 향상에 도움을 줄 수 있습니다.”(기타기능 II),건강기능식품수입업,경기도 고양시 일산동구
20081007,2008-60,가르시니아 캄보지아껍질 추출물-PE 60,주영엔에스(주),“탄수화물에서 지방으로의 합성을 억제하여 체지방 감소에 도움을 줍니다(기타Ⅰ)”,건강기능식품수입업,서울특별시 서초구
20081007,2008-61,Geo-Fresh Organic 가르시니아 캄보지아 껍질추출물,(주)대덕약업,“탄수화물에서 지방으로의 합성을 억제하여 체지방 감소에 도움을 줍니다(기타Ⅰ)”,건강기능식품수입업,경기도 수원시 영통구
20081112,2008-69,리프리놀-초록입홍합추출오일,(주)한국파마링크,“관절건강에 도움이 될 수 있음(기타기능II)”,건강기능식품수입업,경기도 성남시 분당구
20100311,2010-10,Nopal추출물,에이치엘바이오 주식회사,"“식후 혈당조절에 도움을 줄 수 있습니다” 
(기타기능II)",건강기능식품수입업,강원특별자치도 춘천시
20101004,2010-44,쏘팔메토 열매 추출물,(주)뉴트리바이오텍,전립선 건강의 유지에 도움을 줄 수 있음(기타기능II),건강기능식품수입업,서울특별시 강남구
20130415,2013-5,핑거루트추출물(판두라틴),(주)뉴트리,1) 자외선에 의한 피부손상으로부터 피부 건강을 유지하는데 도움을 줄 수 있음. 2) 체지방감소에 도움을 줄 수 있음. 3) 피부보습에 도움을 줄 수 있음. (생리활성기능 2등급),수입식품등 수입ㆍ판매업,서울특별시 송파구
20120612,2012-19,L-카르니틴 타르트레이트,(주)주피터인터내셔널,운동으로 인한 피로개선에 도움을 줄 수 있음.,수입식품등 수입ㆍ판매업,서울특별시 서초구
20140204,2014-5,Lactobacillus gasseri BNR17,주식회사 바이오니아,체지방 감소에 도움을 줄 수 있음(생리활성기능 2등급),건강기능식품벤처제조업,대전광역시 대덕구
20141113,2014-57,발효식초석류복합물,대상(주)오산공장,체지방 감소에 도움을 줄 수 있음(생리활성기능 2등급),건강기능식품전문제조업,경기도 오산시
20110111,2011-2,흑효모배양액분말,(주)글루칸,뼈 건강에 도움을 줄 수 있으나 관련 인체적용시험이 미흡함(기타기능 III),수입식품등 수입ㆍ판매업,부산광역시 기장군
20110216,2011-6,밀전분유래 난소화성말토덱스트린,로케뜨코리아(유),장내 유익균의 증식과 유해균의 억제에 도움을 줄 수 있음(생리활성기능 2등급),수입식품등 수입ㆍ판매업,서울특별시 강남구
20140828,2014-42,오메가-3 지방산 함유유지,주식회사 조향,"기억력 개선에 도움을 줄 수 있음
 (생리활성기능 2등급)",수입식품등 수입ㆍ판매업,서울특별시 서초구
20101231,2010-63,은행잎 추출물,(주)대덕약업,"성인의 기억력 개선에 도움을 줄 수 있음 (기타기능II)
혈행 개선에 도움을 줄 수 있음 (기타기능II)",식품등 수입판매업,경기도 수원시 영통구
20090605,2009-53,가르시니아 캄보지아 껍질추출물 60HCA,주식회사 비티씨,“탄수화물에서 지방으로의 합성을 억제하여 체지방 감소에 도움을 줍니다”(기타기능 I),건강기능식품수입업,경기도 안산시 상록구
20090605,2009-54,루테인복합물 SF20,(주)에취제이시,“루테인은 노화로 인해 감소될 수 있는 황반색소밀도를 유지시켜 주어 눈건강에 도움을 줍니다.(기타 I등급)”,건강기능식품수입업,서울특별시 강남구
20090605,2009-55,쏘팔메토 열매 추출물,(주)대덕약업,“전립선 건강의 유지에 도움을 줄 수 있습니다” (기타기능 II),건강기능식품수입업,경기도 수원시 영통구
20100902,2010-36,유단백가수분해물(락티움),씨제이주식회사,스트레스로 인한 긴장 완화에 도움을 줄 수 있음 (기타기능 Ⅱ),수입식품등 수입ㆍ판매업,서울특별시 구로구
20100202,2010-5,가르시니아 캄보지아 껍질추출물,(주)엘지생활건강,“탄수화물에서 지방으로의 합성을 억제하여 체지방 감소에 도움을 줍니다”(기타기능 I),건강기능식품수입업,대전광역시 유성구
20141006,2014-48,감마리놀렌산 함유 유지,아사히고도(주)서울영업소,월경 전 변화에 의한 불편한 상태 개선에 도움을 줄 수 있음(생리활성기능 2등급),수입식품등 수입ㆍ판매업,서울특별시 성동구
20180213,2018-1,곰피추출물,주식회사 네추럴웨이,간 건강에 도움을 줄 수 있음,건강기능식품전문제조업,경기도 포천시
20101201,2010-51,녹차추출물/테아닌 복합물,(주)엘지생활건강,"성인의 기억력 개선에 도움을 줄 수 있으나 
인체에서의 확인이 필요함(기타기능III)",건강기능식품수입업,대전광역시 유성구
20140801,2014-34,파크랜크랜베리분말,(주)뉴트렉스테크놀러지,요로의 유해균 흡착 억제로 요로건강에 도움을 줄 수 있음(생리활성기능 2등급),수입식품등 수입ㆍ판매업,경기도 성남시 분당구
20140801,2014-35,파크랜크랜베리분말,(주)서흥,요로의 유해균 흡착 억제로 요로건강에 도움을 줄 수 있음(생리활성기능 2등급),수입식품등 수입ㆍ판매업,충청북도 청주시 흥덕구
20150401,2015-10,콩․보리 발효복합물,샘표식품 주식회사,피부 보습에 도움을 줄 수 있음(생리활성기능 2등급),수입식품등 수입ㆍ판매업,서울특별시 중구
20091030,2009-83,깻잎추출물(PF501),(주)휴메딕스,체지방 감소에 도움을 줄 수 있음(생리활성기능 2등급),건강기능식품벤처제조업,충청북도 제천시
20111206,2011-40,발효생성아미노산복합물,(주)빅솔 반월공장,지구성 운동 시 피로개선에 도움을 줄 수 있음(생리활성기능 2등급),건강기능식품전문제조업,서울 동작구
20100525,2017-23,,(주)안지오랩,,건강기능식품벤처제조업,대전 유성구
20100715,2010-35,HK표고버섯균사체,(주)HK바이오텍,간 건강에 도움을 줄 수 있음(생리활성기능 2등급),건강기능식품전문제조업,경상남도 진주시
20101026,2010-47,전칠삼추출물 등 복합물,(주)오스코텍,관절건강에 도움을 줄 수 있음(기타기능II),건강기능식품벤처제조업,경기도 성남시 분당구
20090720,2009-61,폴리감마글루탐산,(주)바이오리더스,체내 칼슘흡수 촉진에 도움을 줌,건강기능식품전문제조업,대전 유성구
20111104,2011-33,홍경천 추출물,(주)프롬바이오,“스트레스로 인한 피로개선에 도움을 줄 수 있음”(생리활성기능 2등급),수입식품등 수입ㆍ판매업,경기도 수원시 영통구
20101101,2010-49,녹차추출물,(주)대덕약업,체지방 감소에 도움을 줄 수 있음(기타기능 II),건강기능식품수입업,경기도 수원시 팔달구
20101208,2010-54,폴리감마글루탐산,(주)이롬,"“체내 칼슘흡수 촉진에 도움을 줌”
 (기타기능 II)",건강기능식품수입업,경기도 성남시 분당구
20100127,2010-4,스피루리나원말,(주)이에스바이오텍,면역조절에 도움을 줄 수 있으나 인체시험을 통한 확인이 필요함 (기타기능Ⅲ),수입식품등 수입ㆍ판매업,충청남도 천안시 동남구
20100315,2010-13,밀크씨슬추출물,(주)백중인터내셔널,“간 건강에 도움을 줄 수 있음” (기타기능II),건강기능식품수입업,서울특별시 서초구
20091207,2009-95,가르시니아 캄보지아 껍질추출물WS,(주)렉스진바이오텍,“탄수화물에서 지방으로의 합성을 억제하여 체지방 감소에 도움을 줍니다”(기타기능 I),건강기능식품수입업,충청북도 음성군
20090720,2009-62,폴리감마글루탐산,풀무원건강생활(주),체내 칼슘흡수 촉진에 도움을 줌(기타기능III),건강기능식품전문제조업,서울특별시 서초구
20110909,2011-23,유산균발효다시마추출물,(주)에치와이,알콜성 손상으로부터 간을 보호하는데 도움을 줄 수 있음(기타기능 II),수입식품등 수입ㆍ판매업,서울특별시 서초구
20150105,2015-2,프로바이오틱스 HY7714,(주)한국야쿠르트 평택 프로바이오틱스 플랜트,자외선에 의한 피부손상으로부터 피부 건강 유지에 도움을 줄 수 있음(생리활성기능 2등급),건강기능식품전문제조업,경기도 평택시
20130110,2013-2,마테열수추출물,블루그린링크(주),"체지방 감소에 도움을 줄 수 있으나, 관련 인체적용시험이 미흡함(생리활성기능 3등급)",수입식품등 수입ㆍ판매업,서울특별시 서초구
20090130,2009-3,마그나스표고균사체추출물분말,주식회사 마그나스바이오푸드,"“간 건강에 도움을 줄 수 있습니다"" (기타기능 II)",건강기능식품전문제조업,경기도 화성시 동탄구
20121023,2012-29,은행잎추출물,(주)프롬바이오,"성인의 기억력 개선에 도움을 줄 수 있음, 
혈행 개선에 도움을 줄 수 있음 (생리활성기능 2등급)",수입식품등 수입ㆍ판매업,경기도 수원시 영통구
20130828,2013-27,홍경천추출물,동일티엔디(주),스트레스로 인한 피로개선에 도움을 줄 수 있음(생리활성기능 2등급),식품등 수입판매업,서울특별시 강북구
20181005,2018-10,키토올리고당,(주)건풍바이오,콜레스테롤감소,건강기능식품전문제조업,서울특별시 강서구
20181005,2018-11,루테인지아잔틴복합추출물,주식회사 노바렉스,눈 건강에 도움,건강기능식품전문제조업,충청북도 청주시 청원구
20150107,2015-6,감태추출물,(주)에스앤디,수면의 질 개선에 도움을 줄 수 있음(생리활성기능 2등급),건강기능식품전문제조업,충청북도 청주시 흥덕구
20140404,2014-12,히드록시프로필메틸셀룰로오스,롯데정밀화학(주)인천공장,식후 혈당상승 억제에 도움을 줄 수 있음(생리활성기능 2등급),건강기능식품전문제조업,인천광역시 남동구
20090227,2009-19,홍국쌀,(주)에프앤피,콜레스테롤 개선,건강기능식품전문제조업,충청북도 증평군
20100504,2010-21,발효생성아미노산 복합물,씨제이웰케어,지구성 운동 시 피로개선에 도움을 줄 수 있음(기타기능Ⅱ),수입식품등 수입ㆍ판매업,서울특별시 중구
20110415,2011-14,구아바잎추출물,(주)이롬,식후 혈당조절에 도움을 줄 수 있음(기타기능 II),건강기능식품전문제조업,경기도 성남시 분당구
20151104,2015-27,EPA 및 DHA 함유유지,주식회사 노바렉스,건조한 눈을 개선아혀 눈 건강에 도움을 줄 수 있음(생리활성기능 2등급),수입식품등 수입ㆍ판매업,충청북도 청주시 청원구
20180801,2018-7,석류농축분말,(주)에이치엘사이언스,피부 보습에 도움을 줄 수 있음.,건강기능식품전문제조업,경기도 화성시 효행구
20180806,2018-9,오미자추출물,(주)바이오포트코리아,"근력 개선에 도움을 줄 수 있음, 관절 및 연골 건강에 도움을 줄 수 있음",수입식품등 수입ㆍ판매업,부산광역시 기장군
20190814,2019-21,풋사과추출물 애플페논(Applephenon),(주)유니젠,체지방 감소에 도움을 줄 수 있음,,경기도 남양주시
20190814,2019-18,쇠비름주정추출분말(KDC16-2),고려제약(주),장건강,건강기능식품전문제조업,경기도 이천시
20190814,2019-20,저분자콜라겐펩타이드NS,농심태경(주),-,건강기능식품전문제조업,경기도 안성시
20141006,2014-47,히알루론산나트륨(HA-LF-P),주식회사 청우라이프사이언스,"피부 보습에 도움을 줄 수 있음
(생리활성기능 2등급)",수입식품등 수입ㆍ판매업,서울특별시 마포구
20140623,2014-26,CMO 함유 FAC(Fatty Acid Complex),티케이엘(주),"관절 건강에 도움을 줄 수 있음
(생리활성기능2등급)",수입식품등 수입ㆍ판매업,서울특별시 종로구
20130710,2013-20,락토페린(우유정제단백질),라이온코리아주식회사,"체지방 감소에 도움을 줄 수 있음
 (생리활성기능 2등급)",수입식품등 수입ㆍ판매업,인천광역시 제물포구
20110216,2011-7,마카 젤라틴화 분말,(주)이스터비엔에프,1)운동수행능력 향상에 도움을 줄 수 있으나 관련 인체적용시험이 미흡함(생리활성기능 3등급) 2)정자 운동성 개선에 도움을 줄 수 있음(생리활성기능 2등급) 3)갱년기 남성 건강에 도움을 줄 수 있으나 관련 인체적용시험이 미흡,수입식품등 수입ㆍ판매업,서울특별시 성동구
20181123,2018-12,L. rhamnosus IDCC 3201 열처리배양건조물(RHT®),일동바이오사이언스(주),면역과민반응에 의한 피부상태 개선에 도움을 줄 수 있습니다.,건강기능식품전문제조업,경기도 평택시
20181123,2018-13,우슬 등 복합물(HL-Joint100),(주)에이치엘사이언스,연골 및 관절 건강에 도움을 줄 수 있음.,건강기능식품전문제조업,경기도 화성시 효행구
20100423,2006-25,올리브잎주정추출물 EFLA943,씨제이웰케어,,수입식품등 수입ㆍ판매업,서울특별시 중구
20190916,2019-22,Lactobacillus acidophilus YT1,(주)휴온스엔,갱년기 여성건강에 도움을 줄 수 있음,건강기능식품전문제조업,강원특별자치도 춘천시
20190916,2019-24,자몽추출물등 복합물(Sinetrol),(주)알피바이오,체지방 감소에 도움,수입식품등 수입ㆍ판매업,서울특별시 강남구
20080428,2008-24,KANEKA Q10,한국암웨이(주),“코엔자임Q10은 항산화에 도움을 줄 수 있습니다.” (기타Ⅱ등급),건강기능식품수입업,서울특별시 강남구
20141117,2014-58,감마리놀렌산 함유 유지,(주)대덕약업,면역과민반응에 의한 피부상태 개선에 도움을 줄 수 있음(생리활성기능 2등급),수입식품등 수입ㆍ판매업,경기도 용인시
20141016,2014-54,EPA 및 DHA 함유 유지,주식회사 비티씨,기억력 개선에 도움을 줄 수 있음. (생리활성 기능 2등급),식품등 수입판매업,경기도 안산시 상록구
20141016,2014-52,감마리놀렌산 함유 유지,(주)자연의힘,면역과민반응에 의한 피부상태 개선에 도움을 줄 수 있음(생리활성기능 2등급),식품등 수입판매업,경기도 평택시
20141006,2014-49,감마리놀렌산 함유 유지,(주)대덕약업,월경 전 변화에 의한 불편한 상태 개선에 도움을 줄 수 있음(생리활성기능 2등급),수입식품등 수입ㆍ판매업,경기도 수원시 영통구
20101224,2010-62,복분자추출분말,(주)리즈바이오텍,,건강기능식품벤처제조업,대전광역시 유성구
20210929,2021-12,구절초추출물(조인시스트),주식회사 녹십자웰빙,,수입식품등 수입ㆍ판매업,서울특별시 성동구
20221124,2022-37,천심련추출물(ParActin®),주식회사 에이크롬,관절 및 연골건강에 도움을 줄 수 있음,수입식품등 수입ㆍ판매업,경기도 수원시 영통구
20231018,2023-33,저분자콜라겐펩타이드,대한켐텍 주식회사,Ÿ 피부 보습에 도움을 줄 수 있음Ÿ 자외선에 의한 피부손상으로부터 피부건강을 유지하는 데 도움을 줄 수 있음,수입식품등 수입ㆍ판매업,서울특별시 노원구
20231205,2023-35,난각막분말(DEMⓇ),주식회사 노바웰스,자외선에 의한 피부손상으로부터 피부건강 유지하는데 도움을 줄 수 있음 / 피부 보습에 도움을 줄 수 있음,수입식품등 수입ㆍ판매업,충청북도 청주시 청원구
20151007,2015-21,EPA 및 DHA 함유 유지,(주)바이텍,갱년기 여성의 건강에 도움을 줄 수 있음,수입식품등 수입ㆍ판매업,전북특별자치도 전주시 덕진구
20151126,2015-29,EPA 및 DHA 함유 유지,(주)자연의힘,건조한 눈을 개선하여 눈 건강에 도움을 줄 수 있음(생리활성기능 2등급),,경기도 평택시
20140423,2014-16,프로바이오틱스 ATP,"(주)쎌바이오텍 1,2공장",면역과민반응에 의한 피부상태 개선에 도움을 줄 수 있으나 관련 인체적용시험이 미흡함(생리활성기능 3등급),건강기능식품전문제조업,경기도 김포시
20160615,2016-5,EPA 및 DHA 함유 유지,코스맥스바이오,기억력 개선에 도움을 줄 수 있음,건강기능식품수입업,충청북도 제천시
20200522,2020-8,수국잎열수추출물,코스맥스바이오(주),자외선에 의한 피부 손상으로부터 피부 건강을 유지하는데 도움을 줄 수 있음,건강기능식품전문제조업,충청북도 제천시
20211104,2021-14,참깨박추출물,극동에치팜 주식회사 2공장,인지기능 개선에 도움을 줄 수 있음,건강기능식품전문제조업,충청남도 예산군
20221130,2022-34,열처리녹차추출물,(주)아모레퍼시픽,기억력 개선에 도움을 줄 수 있음,건강기능식품전문제조업,경기도 용인시 기흥구
20221219,2022-39,크릴오일등복합물(FlexPro MDⓇ),주식회사 노바렉스,관절건강에 도움을 줄 수 있음,건강기능식품전문제조업,충청북도 청주시 흥덕구
20221219,2022-40,비수리추출분말,주식회사 네추럴웨이,갱년기 남성 건강에 도움을 줄 수 있음,건강기능식품전문제조업,경기도 포천시
20231019,2023-34,Bacillus coagulans SNZ 1969 프로바이오틱스,㈜씨티씨바이오,배변활동 원활에 도움을 줄 수 있음,수입식품등 수입ㆍ판매업,경기도 화성시 만세구
20231205,2023-36,다이크로스타키스 글로메라타 추출물(Dyglomera®),주식회사 뉴온,체지방 감소에 도움을 줄 수 있음,수입식품등 수입ㆍ판매업,서울특별시 강남구
20160823,2016-11,창녕양파추출액,천호식품(주),혈중 콜레스테롤 개선에 도움을 줄 수 있음,건강기능식품전문제조업,경상남도 양산시
20130530,2013-10,미역석류씨추출복합물(잔티젠),주식회사 노바렉스,체지방 감소에 도움을 줄 수 있음(생리활성기능 2등급),수입식품등 수입ㆍ판매업,충청북도 청주시 흥덕구
20120516,2012-18,실크단백질 효소가수분해물,월드웨이(주),"혈당조절에 도움을 줄 수 있으나, 관련 인체적용시험이 미흡함(생리활성기능 3등급)",건강기능식품전문제조업,세종특별자치시
20101123,2010-53,서목태(쥐눈이콩)펩타이드,농심태경(주),1) 혈당 조절에 도움을 줄 수 있음(생리활성기능 2등급) 2) 혈압이 높은 사람에게 도움을 줄 수 있음(생리활성기능 2등급) 3) 체지방 감소에 도움을 줄 수 있음(생리활성기능 2등급),건강기능식품전문제조업,경기도 안성시
20211104,2021-15,뽕나무가지주정추출분말,농업회사법인(주)이비채,혈당조절에 도움을 줄 수 있음(산화스트레스로부터 췌장을 보호하여 인슐린 분비를 조절함으로써 인슐린 감수성을 개선시켜 식후 혈당을 조절하는데 도움),건강기능식품전문제조업,경상북도 영천시
20200522,2020-9,풋사과추출물 애플페논(Applephenon),주식회사 비티씨 오송공장,체지방 감소에 도움,수입식품등 수입ㆍ판매업,충청북도 청주시 흥덕구
20211104,2021-17,루바브뿌리추출물,콜마비앤에이치(주),갱년기 여성 건강에 도움을 줄 수 있음,건강기능식품전문제조업,세종특별자치시
20221219,2022-42,현삼추출물,주식회사 뉴온,,건강기능식품유통전문판매업,서울특별시 강남구
20221219,2022-43,Lactiplantibacillus plantarum C29 프로바이오틱스와 발효대두분말의 복합물(DW2009),동화약품(주),노화로 저하된 인지능력 개선에 도움을 줄 수 있음,수입식품등 수입ㆍ판매업,충청북도 충주시
20231205,2023-37,루테인지아잔틴추출복합물,한국암웨이(주),노화로 인해 감소될 수 있는 황반색소밀도를 유지하여 눈 건강에 도움을줄 수 있음,수입식품등 수입ㆍ판매업,서울특별시 강남구
20231229,2023-39,발효굴추출물(FSO),(주)마린바이오프로세스,근력 개선에 도움을 줄 수 있음,건강기능식품전문제조업,부산광역시 기장군
20211228,2021-18,로즈마리추출물등복합물(SunMax),대한켐텍 주식회사,자외선에 의한 피부손상으로부터 피부건강 유지에 도움,수입식품등 수입ㆍ판매업,경기도 과천시
20211230,2021-19,청호추출분말(리베라템),(주)성균바이오텍,간 건강에 도움을 줄 수 있음,수입식품등 수입ㆍ판매업,서울특별시 용산구
20221219,2022-44,복분자동결건조분말,한국식품산업클러스터진흥원,항산화에 도움을 줄 수 있음.,건강기능식품전문제조업,
20221221,2022-38,가다랑어 엘라스틴 펩타이드,대한켐텍 주식회사,피부 보습에 도움을 줄 수 있음,수입식품등 수입ㆍ판매업,경기도 과천시
20231229,2023-38,락토페린LF300(우유유래정제단백질),주식회사 시나몬랩,면역력 증진에 도움을 줄 수 있음,수입식품등 수입ㆍ판매업,서울특별시 서초구
20080205,2008-5,헤마토코쿠스 추출물,씨제이제일제당(주),“헤마토코쿠스 추출물의 섭취는 눈의 피로도 개선에 도움을 줄 수 있습니다.”(기타Ⅱ등급),건강기능식품수입업,서울특별시 중구
20101124,2010-55,홍경천 추출물,(주)세광에스티코퍼레이션,스트레스로 인한 피로 개선에 도움을 줄 수 있음(기타기능Ⅱ),건강기능식품수입업,서울특별시 금천구
20100906,2010-38,창녕양파추출액,(주)우포의아침,혈중 콜레스테롤 개선에 도움을 줄 수 있음 (기타기능 II),건강기능식품전문제조업,경상남도 창녕군
20200707,2020-10,베타글루칸 분말,네이처런스(주),면역기능 증진에 도움,수입식품등 수입ㆍ판매업,충청남도 공주시
20211230,2021-20,청호추출분말(리베라템),(주)지앤피바이오사이언스,간 건강에 도움을 줄 수 있음.,건강기능식품벤처제조업,서울특별시 강서구
20211230,2021-21,루테인지아잔틴추출복합물,주식회사 디에스엠퍼메니쉬코리아,노화로 인해 감소될 수 있는 황반색소밀도를 유지하여 눈 건강에 도움,수입식품등 수입ㆍ판매업,서울특별시 영등포구
20230215,2023-2,Bifidobacterium breve B-3 프로바이오틱스,대한켐텍 주식회사,체지방 감소에 도움을 줄 수 있음,수입식품등 수입ㆍ판매업,경기도 과천시
20230327,2023-8,옥수수수염추출물등 복합물 (CL-5MoA),주식회사 지큐바이오,체지방감소에 도움을 줄 수 있음,수입식품등 수입ㆍ판매업,경기도 성남시 분당구
20231229,2023-40,두충우슬추출복합물(KGC08EA),(주)한국인삼공사,,건강기능식품전문제조업,충청남도 부여군
20231229,2023-42,유크림농축분말,매일유업(주)아산공장,,건강기능식품전문제조업,충청남도 아산시
20211230,2021-24,병풀추출분말,주식회사 제넨셀,"노화로 인해 감소될 수 있는 황반색소 밀도를 유지하여 눈 건강에 도움을 줄 수 있음 , 간 건강에 도움을 줄 수 있음",건강기능식품벤처제조업,경기도 용인시 기흥구
20260826,2026-24,돼지뇌효소가수분해물,유니메드제약(주),,건강기능식품전문제조업,충청남도 아산시
20101026,2010-46,밀크씨슬 추출물(Milk Thistle Extract),진용내츄럴,간 건강에 도움을 줄 수 있음(기타기능II),건강기능식품수입업,경기도 수원시 팔달구
20110107,2011-1,빌베리주정추출물,(주)삼오제약,눈의 피로 개선에 도움을 줄 수 있음 (기타기능II),건강기능식품수입업,서울특별시 강남구
20140722,2014-33,히알루론산나트륨,(주)애니닥터헬스케어,"피부 보습에 도움을 줄 수 있음
(생리활성기능 2등급)",건강기능식품수입업,충청남도 아산시
20211230,2021-23,Lactiplantibacillus plantarum Q180,(주)종근당바이오,,건강기능식품전문제조업,경기도 안산시 단원구
20220203,2022-2,타히보 추출물(TabetriⓇ),코스맥스엔비티(주),,건강기능식품전문제조업,경기도 이천시
20220207,2022-7,사삼추출물,(주)동일팜텍,체지방 감소에 도움,수입식품등 수입ㆍ판매업,서울특별시 강남구
20220207,2022-1,들쭉열매추출분말,(주)씨에이치랩스,자외선에 의한 피부손상으로부터 피부건강 유지에 도움을 줄 수 있음,수입식품등 수입ㆍ판매업,서울특별시 영등포구
20230215,2023-3,단삼주정추출분말,(주) 운트바이오,갱년기 여성건강에 도움을 줄 수 있음,수입식품등 수입ㆍ판매업,경기도 의정부시
20230327,2023-7,옥수수수염․레몬밤추출복합물(CL-5MoA),주식회사뉴트라코어,체지방감소에 도움을 줄 수 있음,건강기능식품전문제조업,전북특별자치도 임실군
20231229,2023-44,당귤농축분말(ROCH),주식회사 비티씨 오송공장,"자외선에 의한 피부손상으로부터 피부건강을 유지하는데 도움을 줄 수 있음, 피부 보습에 도움을 줄 수 있음",수입식품등 수입ㆍ판매업,충청북도 청주시 흥덕구
20150409,2015-14,아프리카망고 종자추출물(IGOB131),(주)프롬바이오,체지방 감소에 도움을 줄 수 있음(생리활성기능 2등급),수입식품등 수입ㆍ판매업,경기도 용인시 기흥구
20160823,2016-15,EPA 및 DHA 함유유지,(주)나암에스앤에이치,건조한 눈을 개선하여 눈 건강에 도움을 줄 수 있음,건강기능식품수입업,서울특별시 마포구
20090909,2009-73,보리 베타글루칸 추출물,주식회사 노바렉스,혈중 콜레스테롤 개선에 도움을 줄 수 있음(생리활성기능 2등급),수입식품등 수입ㆍ판매업,충청북도 청주시 청원구
20090605,2009-52,유단백가수분해물(락티움),주식회사 노바렉스,유단백가수분해물은 스트레스로 인한 긴장을 완화하는데 도움을 줄 수 있습니다.,수입식품등 수입ㆍ판매업,충청북도 청주시 청원구
20151224,2015-30,EPA 및 DHA 함유유지,콜마비앤에이치(주)푸디팜사업부문,건조한 눈을 개선하여 눈 건강에 도움을 줄 수 있음(생리활성기능 2등급),건강기능식품전문제조업,충청북도 음성군
20220203,2022-4,황국(Aspergillus 발효물 MK01),대상(주),혈중 콜레스테롤 개선에 도움을 줄 수 있음,건강기능식품전문제조업,전북특별자치도 군산시
20220208,2022-8,발아발효콩추출물,(주)휴바이오,갱년기 여성 건강에 도움을 줄 수 있음,수입식품등 수입ㆍ판매업,서울특별시 서대문구
20220208,2022-10,블랙라즈베리 추출물,(재)고창식품산업연구원,혈압 조절에 도움을 줄 수 있음,개인(기타),전북특별자치도 고창군
20230327,2023-6,양춘사추출물,(주)일원바이오,체지방 감소에 도움을 줄 수 있음,수입식품등 수입ㆍ판매업,전북특별자치도 익산시
20230328,2023-9,다이크로스타키스 글로메라타 추출물(Dyglomera),(주)케이지엠팜,체지방 감소에 도움을 줄 수 있음,수입식품등 수입ㆍ판매업,서울특별시 영등포구
20100525,2010-24,레몬 밤 추출물 혼합분말,(주)안지오랩,체지방 감소에 도움을 줄 수 있음(생리활성기능 2등급),건강기능식품벤처제조업,대전 유성구
20090605,2009-58,액상다래추출물,(주)헬릭스미스,면역 과민반응 개선에 도움을 줄 수 있음(기타기능II),건강기능식품벤처제조업,서울특별시 강서구
20231229,2023-43,참나리추출분말,(주)에치와이,관절 및 연골건강에 도움을 줄 수 있음,수입식품등 수입ㆍ판매업,서울특별시 서초구
20240206,2024-3,에키네시아추출물,주식회사 뉴온,면역기능 증진에 도움을 줄 수 있음,수입식품등 수입ㆍ판매업,서울특별시 강남구
20240110,2024-1,황해쑥추출분말,풍림무약(주),위점막을 보호하여 위건강에 도움을 줄 수 있음,수입식품등 수입ㆍ판매업,서울특별시 중구
20180801,2018-8,석류농축분말,(주)에이치엘사이언스,자외선에 의한 피부손상으로부터 피부 건강을 유지하는데 도움을 줄 수 있음.,건강기능식품전문제조업,경기도 화성시 효행구
20191231,2019-31,돈태반 발효추출물,(주)엘지생활건강,피로 개선에 도움을 줄 수 있음,수입식품등 수입ㆍ판매업,서울특별시 종로구
20050901,2005-20,대두올리고당,현대약품주식회사,"""장내 유익균의 증식과 유해균의 억제에 도움을 줄 수 있습니다."", ""배변활동을 원활히 하는데 도움을 줄 수 있습니다.""

◆ 인체시험에서 대두올리고당을 섭취할 경우 장내 유익균의 증식과 유해균을 억제하고, 배변활동을 원활히 하는데 도움을 줄 수 있음을 확인하였으나 자료의 수가 제한되어 있음. 따라서 반드시 ‘---에 도움을 줄 수 있습니다’의 형식으로 표시하여야 함",건강기능식품수입업,서울특별시 강남구
20051028,2005-21,CLA-80HGR,에프엔바이오(주),"“공액리놀레산(Conjugated Linoleic Acid)는 과체중인 성인의 체지방 감소에 도움을 줄 수 있습니다.”

(과체중인 성인을 대상으로 한 인체시험에서 CLA를 섭취한 경우 체지방(fat mass)감소에 도움을 줄 수 있음이 많은 자료에서 확인되었으나 한국인을 대상으로 한 자료가 없었음. 따라서 반드시 ‘---에 도움을 줄 수 있습니다’의 형식으로 표시하여야 함.)",건강기능식품수입업,충청남도 보령시
20220215,2022-11,섬쑥부쟁이추출분말,고려은단(주),인지능력 개선에 도움을 줄수 있음,건강기능식품전문제조업,경기도 성남시 중원구
20220225,2022-13,레몬버베나추출물 등 복합물 (티에뜨레®),(주)노바웰스,체지방 감소에 도움을 줄 수 있음,수입식품등 수입ㆍ판매업,대전광역시 유성구
20220418,2022-16,Bacillus coagulans Unique IS-2 프로바이오틱스,(주)뉴트리원,배변활동 원활에 도움을 줄 수 있음,수입식품등 수입ㆍ판매업,서울특별시 송파구
20200724,2020-11,해국추출물,(주)뉴트리,1,건강기능식품전문제조업,경기도 성남시 중원구
20240206,2024-2,녹용효소분해추출물(HENKIVⓇ),주식회사 유한건강생활,면역기능개선에 도움을 줄 수 있음,수입식품등 수입ㆍ판매업,서울특별시 강서구
20051028,2005-22,CLA-80TAG (트리글리세리드형태),에프엔바이오(주),"“공액리놀레산(Conjugated Linoleic Acid)는 과체중인 성인의 체지방 감소에 도움을 줄 수 있습니다.”

(과체중인 성인을 대상으로 한 인체시험에서 CLA를 섭취한 경우 체지방(fat mass)감소에 도움을 줄 수 있음이 많은 자료에서 확인되었으나 한국인을 대상으로 한 자료가 없었음. 따라서 반드시 ‘---에 도움을 줄 수 있습니다’의 형식으로 표시하여야 함.)",건강기능식품수입업,충청남도 보령시
20051213,2005-23,씨제이 홍경천 등 복합추출물,씨제이(주),"""씨제이홍경천등복합추출물은 혈당조절을 신경 쓰시는 분들의 공복혈당 조절에 도움을 줄 수 있으나 아직은 과학적 근거가 부족합니다.""
◆ 소수의 인체시험에서 여러 혈당조절 지표 중 공복혈당만이 유의적으로 감소되었으나 이를 설명할 수 있는 과학적 근거가 부족합니다. 따라서 반드시 ‘---에 도움을 줄 수 있으나 아직은 과학적 근거가 부족합니다’의 형식으로 표시하여야 함.",건강기능식품수입업,서울특별시 중구
20091207,2009-90,밀크씨슬추출물,(주)유니젠,“간 건강에 도움을 줄 수 있음” (기타기능II),,충청남도 천안시 동남구
20090909,2009-74,가르시니아 캄보지아 껍질추출물 HCActive Ca 65,성원에프아이,“탄수화물에서 지방으로의 합성을 억제하여 체지방 감소에 도움을 줍니다”(기타기능 I),건강기능식품수입업,서울특별시 광진구
20230328,2023-10,저분자콜라겐펩타이드 AG,아미코젠(주),1. 피부보습에 도움을 줄 수 있음. 2. 자외선에 의한 피부손상으로부터 피부건강을 유지하는데 도움을 줄 수 있음.,건강기능식품전문제조업,경상남도 진주시
20230601,2023-15,스피루리나추출물(SM70EE),한국해양과학기술원,-,,부산광역시 영도구
20090810,2009-72,아마인,네이쳐스메디신(주),"콜레스테롤 감소에 도움을 줄 수 있음
(기타기능 Ⅱ)",건강기능식품수입업,경기도 남양주시
20220225,2022-14,유산균복합물(AB-LIFE®),(주)서흥,혈중 콜레스테롤 개선에 도움을 줄 수 있음,건강기능식품전문제조업,충청북도 청주시 흥덕구
20220225,2022-12,가자추출물(AyuFlexⓇ),주식회사 뉴온,관절 및 연골 건강에 도움을 줄 수 있음,수입식품등 수입ㆍ판매업,서울특별시 강남구
20220531,2022-22,레몬밤민들레추출복합물(LD100),유한회사 파이토뉴트리메디,간건강에 도움을 줄수 있음,수입식품등 수입ㆍ판매업,전북특별자치도 전주시 덕진구
20090909,2009-77,가르시니아 캄보지아 껍질추출물 60,(주)진용,“탄수화물에서 지방으로의 합성을 억제하여 체지방 감소에 도움을 줍니다”(기타기능 I),건강기능식품수입업,경기도 수원시 영통구
20090803,2009-69,가르시니아 캄보지아 껍질추출물,뉴트리펀코리아컨설팅,“탄수화물에서 지방으로의 합성을 억제하여 체지방 감소에 도움을 줍니다”(기타기능 I),건강기능식품수입업,경기도 고양시 일산동구
20090803,2009-70,MSM,(주)진용,“관절건강에 도움이 될 수 있습니다.”(기타기능 II),건강기능식품수입업,경기도 수원시 영통구
20091207,2009-89,밀크씨슬추출물,한국암웨이(주),“간 건강에 도움을 줄 수 있음” (기타기능II),,서울특별시 강남구
20230510,2023-11,맥아구절초추출복합물,주식회사 제넨셀,월경 전 변화에 의한 불편한 상태 개선에 도움을 줄 수 있음,건강기능식품벤처제조업,경기도 용인시 기흥구
20220531,2022-21,Lactiplantibacillus plantarum HAC01 프로바이오틱스,(주)에이투젠 부설연구소,식후 혈당 상승 억제에 도움을 줄 수 있음,개인(기타),대전광역시 유성구
20220525,2022-20,weissella cibaria JW15 프로바이오틱스,국립농업과학원,-,집단급식소,전북특별자치도 완주군
20220418,2022-17,보스웰리아추출물(SERRATRIN),(주) 뉴트리,,수입식품등 수입ㆍ판매업,서울특별시 송파구
20220418,2022-18,감잎주정추출분말,환인제약(주),건조한 눈을 개선하여 눈 건강에 도움을 줄 수 있음.,수입식품등 수입ㆍ판매업,서울특별시 송파구
20230510,2023-13,크릴오일 (superba boost),에스씨사이언스,관절건강 개선에 도움을 줄 수 있음,수입식품등 수입ㆍ판매업,경기도 고양시 일산동구
20230510,2023-14,저분자콜라겐펩타이드,(주)뉴트리,"피부보습에 도움을 줄 수 있음, 자외선에 의한 피부손상으로부터 피부건강을 유지하는데 도움을 줄 수 있음, 관절 및 연골 건강에 도움을 줄 수 있음",수입식품등 수입ㆍ판매업,서울특별시 송파구
20141211,2014-64,옻나무 추출분말,농업회사법인 주식회사 생명의나무,"갱년기 남성의 건강에 도움을 줄 수 있음
(생리활성기능 2등급)",건강기능식품벤처제조업,경기도 수원시 권선구
20141209,2014-63,오메가-3 지방산 함유 유지,(주)로하스피아,"기억력 개선에 도움을 줄 수 있음
 (생리활성기능 2등급)",수입식품등 수입ㆍ판매업,서울특별시 송파구
20100520,2010-25,AP 콜라겐 효소분해 펩타이드,(주)아모레퍼시픽,,건강기능식품전문제조업,경기도 안성시
20101124,2010-56,은행잎추출물,(주)렉스진바이오텍,1) 성인의 기억력 개선에 도움을 줄 수 있음 (기타기능II) 2) 혈행 개선에 도움을 줄 수 있음 (기타기능II),건강기능식품수입업,충청북도 음성군
20101105,2010-50,L-카르니틴 타르트레이트,대상(주)건강사업본부,체지방 감소에 도움을 줄 수 있음 (기타기능 Ⅱ),,서울특별시 동대문구
20200227,2020-1,콘드로이친 황산염,주영엔에스(주),관절 및 연골건강에 도움을 줄 수 있음,수입식품등 수입ㆍ판매업,서울특별시 송파구
20200522,2020-4,배초향 추출물 (Agatri®),코스맥스엔비티(주),,건강기능식품전문제조업,경기도 이천시
20200730,2020-12,발효우슬등복합물,주식회사 현대바이오랜드,관절 건강에 도움,건강기능식품전문제조업,경기도 안산시 단원구
20220203,2022-5,저분자콜라겐펩타이드SH,(주)서흥,피부 보습에 도움을 줄 수 있음,건강기능식품전문제조업,충청북도 청주시 흥덕구
20220531,2022-23,레몬밤민들레추출복합물(LD100),(주)한국씨엔에스팜,간기능 개선에 도움을 줄 수 있음.,건강기능식품전문제조업,충청북도 음성군
20220805,2022-24,증숙생강추출분말(GGE03),(주)에스디생명공학 건강식품사업부문,,수입식품등 수입ㆍ판매업,서울특별시 강서구
20230707,2023-16,녹용당귀등 복합추출물,광동제약주식회사,전립선 건강의 유지에 도움을 줄 수 있음,건강기능식품전문제조업,경기도 평택시
20230707,2023-17,와사비잎추출물(NCWL01),주식회사뉴트라코어,체지방감소에 도움을 줄 수 있음,건강기능식품전문제조업,전북특별자치도 임실군
20230707,2023-20,새싹보리추출물(Rexcliver®),주식회사 노바렉스,알콜로 인해 증가된 산화적 스트레스로부터 간을 보호하는데 도움을 줄 수 있음,건강기능식품전문제조업,충청북도 청주시 흥덕구
20201028,2020-13,Bimuno GOS powder,(주)비티씨,장 내 유익균 증식 및 유해균 억제에 도움을 줄 수 있음.,건강기능식품벤처제조업,경기도 안산시 상록구
20141209,2014-62,감마리놀렌산 함유 유지,지엠코퍼레이션,면역과민반응에 의한 피부상태 개선에 도움을 줄 수 있음(생리활성기능 2등급),식품등 수입판매업,서울특별시 은평구
20141016,2014-53,감마리놀렌산 함유 유지,아사히고도(주)서울영업소,면역과민반응에 의한 피부상태 개선에 도움을 줄 수 있음(생리활성기능 2등급),수입식품등 수입ㆍ판매업,서울특별시 성동구
20130527,2013-11,Lactiplantibacillus plantarum CJLP133 프로바이오틱스,씨제이웰케어(주) 진안공장,,건강기능식품전문제조업,전북특별자치도 진안군
20210108,2020-14,미숙여주주정추출분말,콜마비앤에이치(주),식후 혈당상승 억제에 도움을 줄 수 있음,건강기능식품전문제조업,세종특별자치시
20210616,2021-3,사군자추출분말,(주)휴온스엔,,건강기능식품전문제조업,강원특별자치도 춘천시
20220905,2022-26,산수유추출물등복합물(리베스틴®),(주)나인비,체지방 감소에 도움을 줄 수 있음,건강기능식품벤처제조업,대전광역시 유성구
20230707,2023-18,와사비잎 추출물(NCWL01),(주) 엔에스쇼핑,체지방 감소에 도움을 줄 수 있음,수입식품등 수입ㆍ판매업,경기도 성남시 분당구
20220906,2022-25,전호잎추출물,(주)네츄럴큐어,관절건강에 도움,수입식품등 수입ㆍ판매업,전남광주통합특별시 북구
20220906,2022-27,아쉬아간다 추출물(ShodenⓇ),코스맥스엔비티(주),,건강기능식품전문제조업,경기도 이천시
20210310,2021-1,실크단백질 산가수분해물(Sil-Q1),월드웨이(주),면역력 증진,건강기능식품전문제조업,세종특별자치시
20200227,2020-2,유단백가수분해물(락티움),주식회사 노바렉스,수면의 질 개선에 도움,건강기능식품전문제조업,충청북도 청주시 청원구
20200522,2020-5,배초향 추출물 (Agatri®),코스맥스엔비티 주식회사,자외선에 의한 피부손상으로부터 피부 건강 유지하는데 도움을 줄 수 있음,건강기능식품전문제조업,서울특별시 강남구
20210114,2020-15,"밀 추출물(Ceratiq, 세라티크)",주식회사 노바렉스,피부보습에 도움을 줄 수 있음,건강기능식품전문제조업,충청북도 청주시 청원구
20220906,2022-29,루테인지아잔틴추출복합물,안국건강주식회사,노화로 인해 감소될 수 있는 황반색소밀도를 유지하여 눈 건강에 도움을 줄 수 있음,수입식품등 수입ㆍ판매업,서울특별시 강남구
20221123,2022-31,포도잎추출물(HP-01),(유)한풍제약,혈소판 응집억제를 통한 혈행개선에 도움을 줌,건강기능식품전문제조업,전북특별자치도 완주군
20221123,2022-32,Lactobacillus plantarum TWK10 프로바이오틱스,코스맥스엔비티(주),,건강기능식품전문제조업,경기도 이천시
20230725,2023-21,저분자유청단백가수분해물,매일유업(주)아산공장,,건강기능식품전문제조업,충청남도 아산시
20230801,2023-24,저분자 피쉬 콜라겐 펩타이드 (Naticol® BPMG),코스맥스엔비티(주),,건강기능식품전문제조업,경기도 이천시
20090227,2009-16,구아바잎추출물 등 복합물(BENDU381),주식회사 벤스랩,"과민반응에 의한 코 상태(코 가려움, 재채기, 콧물) 개선에 도움을 줄 수 있음(기타기능II)",건강기능식품벤처제조업,경기 화성시 효행구
20090429,2009-39,Nopal 추출물,인성제약(주),식후 혈당조절에 도움을 줄 수 있습니다.(기타기능II),건강기능식품전문제조업,충청북도 음성군
20121228,2010-60,회화나무열매추출물,씨제이제일제당(주),,수입식품등 수입ㆍ판매업,서울특별시 중구
20180326,2018-3,미강주정추출물,(주)에스앤디,수면에 도움을 줄 수 있음,건강기능식품전문제조업,충청북도 청주시 흥덕구
20180417,2018-4,루테인지아잔틴복합추출물,대한켐텍 주식회사,노화로 인해 감소될 수 있는 황반색소밀도를 유지하여 눈 건강에 도움을 줄 수 있음,수입식품등 수입ㆍ판매업,경기도 과천시
20180509,2018-5,세리포리아 락세라타 균사체 배양물,주식회사 마이코제닉스,,건강기능식품전문제조업,전북특별자치도 익산시
20120217,2012-10,홍경천추출물,(주)한국야쿠르트 평택 프로바이오틱스 플랜트,스트레스로 인한 피로개선에 도움을 줄 수 있음(생리활성기능 2등급),건강기능식품전문제조업,경기도 용인시 수지구
20081111,2008-67,"홍삼, 사상자, 산수유 복합추추출물",(주)한국인삼공사,햇볕 또는 자외선에 의한 피부손상으로부터 피부건강을 유지하는데 도움을 줄 수 있습니다.(기타기능II),건강기능식품전문제조업,대전광역시 대덕구
20221123,2022-33,홍삼오일(KGC11o),(주)한국인삼공사,전립선 건강에 도움을 줄 수 있음,건강기능식품전문제조업,충청남도 부여군
20091015,2009-79,인삼가시오갈피 등 혼합추출물,(주)뉴메드,“기억력 개선에 도움을 줄 수 있으나 인체시험을 통한 확인이 필요함”(기타기능Ⅲ),건강기능식품벤처제조업,서울특별시 동대문구
20100701,2010-31,은행잎 추출물,동우약품(주),1) 성인의 기억력 개선에 도움을 줄 수 있음 (기타기능II) 2) 혈행 개선에 도움을 줄 수 있음 (기타기능II),건강기능식품수입업,서울특별시 강남구
20100708,2010-32,보리 베타글루칸 추출물(Barley β-glucan Extract),(주)농심,“혈중 콜레스테롤 개선에 도움을 줄 수 있음” (기타기능II),수입식품등 수입ㆍ판매업,서울특별시 동작구
20050823,2005-19,Tonalin CLA TG,상현화학,"“공액리놀레산(Conjugated Linoleic Acid)는 과체중인 성인의 체지방 감소에 도움을 줄 수 있습니다.”

(과체중인 성인을 대상으로 한 인체시험에서 CLA를 섭취한 경우 체지방(fat mass)감소에 도움을 줄 수 있음이 많은 자료에서 확인되었으나 한국인을 대상으로 한 자료가 없었음. 따라서 반드시 ‘---에 도움을 줄 수 있습니다’의 형식으로 표시하여야 함.)",건강기능식품수입업,서울특별시 강남구
20100316,2010-14,밀크씨슬추출물,주영엔에스(주),“간 건강에 도움을 줄 수 있음” (기타기능II),건강기능식품수입업,서울특별시 서초구
20230215,2023-1,에키네시아추출물,주식회사 현준에프앤비,면역기능 증진에 도움을 줄 수 있음.,수입식품등 수입ㆍ판매업,서울특별시 금천구
20221124,2022-35,Weissella cibaria JW15 프로바이오틱스,(주)휴온스엔,면역 기능 증진에 도움을 줄 수 있음,건강기능식품전문제조업,강원특별자치도 춘천시
20191231,2019-30,포도블루베리추출혼합분말,㈜콜마비앤에이치,신청원료 섭취를 통한 단기 및 장기 기억력 강화,건강기능식품전문제조업,세종특별자치시
20160928,2016-17,EPA 및 DHA 함유유지,파이코일바이오텍코리아(주),기억력 개선에 도움을 줄 수 있음,건강기능식품전문제조업,충청남도 공주시
20230801,2023-25,저분자 피쉬 콜라겐 펩타이드 (Naticol® BPMG),(주)트라이콤바이오,"자외선에 의한 피부손상으로부터 피부건강을 유지하는데 도움을 줄 수 있음,  피부 보습에 도움을 줄 수 있음",수입식품등 수입ㆍ판매업,서울특별시 서초구
20221124,2022-30,흰목이버섯효소분해추출물(Neu learn),풀무원건강생활(주),,건강기능식품전문제조업,충청북도 증평군
20091207,2009-91,밀크씨슬추출물,씨제이제일제당(주),“간 건강에 도움을 줄 수 있음” (기타기능II),건강기능식품수입업,서울특별시 중구
20100315,2010-9,Lutein20%(Parry Xanmax 20%),(주)리더스팩,“루테인은 노화로 인해 감소될 수 있는 황반색소밀도를 유지시켜 주어 눈건강에 도움을 줍니다.(기타 I등급)”,건강기능식품수입업,경기도 성남시 분당구
20230914,2023-26,CaHMB(Calcium β-Hydroxy-β-methylbutyrate),㈜주피터인터내셔널,운동수행능력 향상에 도움을 줄 수 있음,수입식품등 수입ㆍ판매업,서울특별시 서초구
20210727,2021-5,B. breve IDCC 4401 열처리배양건조물(BBR®),일동바이오사이언스(주),,건강기능식품전문제조업,경기도 평택시
20210903,2021-9,보스웰리아추출물등 복합물(Flexir),주식회사 뉴온,관절 및 연골 건강에 도움,수입식품등 수입ㆍ판매업,서울특별시 강남구
20230919,2023-28,풋사과추출물 애플페논(Applephenon),주식회사 밸런스웨이,체지방 감소에 도움을 줄 수 있음,수입식품등 수입ㆍ판매업,서울특별시 광진구
20220203,2022-6,저분자콜라겐펩타이드GT,(주)젤텍,피부 보습에 도움을 줄 수 있음,건강기능식품전문제조업,부산광역시 강서구
20231006,2023-29,유청단백지질추출물,(주)홀리스틱바이오,"1, 피부 보습에 도움을 줄 수 있음 2. 자외선에 의한 피부손상으로부터 피부건강을 유지하는데 도움을 줄 수 있음",수입식품등 수입ㆍ판매업,경기도 성남시 분당구
20210929,2021-11,쇠비름들깨혼합추출물,(주)산엔들,면역력 증진,수입식품등 수입ㆍ판매업,경상남도 산청군
20210929,2021-13,쑥부쟁이 추출 분말,주식회사 휴럼,면역과민반응에 의한 코상태 개선,건강기능식품전문제조업,충청북도 청주시 청원구
20130110,2013-1,로즈힙분말,(주)주안바이오테크,"관절 및 연골 건강에 도움을 줄 수 있음
(생리활성기능 2등급)",수입식품등 수입ㆍ판매업,서울특별시 강서구
20121019,2012-28,씨폴리놀 감태주정추출물,(주)헤파톨,식후 혈당 감소에 도움을 줄 수 있음,건강기능식품전문제조업,제주특별자치도 제주시
20130605,2013-12,유비퀴놀(Ubiquinol),(주)주피터인터내셔널,항산화에 도움을 줄 수 있으나 관련 인체적용시험이 미흡함(생리활성기능 2등급),건강기능식품수입업,서울특별시 서초구
20231018,2023-31,삼백초추출물(LHF618),주식회사 위랩,면역과민반응에 의한 코 상태 개선에 도움을 줄 수 있음,건강기능식품벤처제조업,서울특별시 성동구
20231006,2023-30,유청단백지질추출물,크로다코리아(주),① 피부 보습에 도움을 줄 수 있음 ② 자외선에 의한 피부손상으로부터 피부건강을 유지하는데 도움을 줄 수 있음,건강기능식품전문제조업,전북특별자치도 익산시
20210311,2021-2,복분자 추출물(RE-20),(주)비엔텍,혈중 콜레스테롤 개선,건강기능식품벤처제조업,전남광주통합특별시 나주시
20191113,2019-28,L.plantarum IM76과 B.longum IM55복합물(NVP1703),(주)엔비피헬스케어,"과민반응에 의한 코 상태(콧물, 코막힘 등) 개선에 도움.",건강기능식품벤처제조업,경기도 수원시 장안구
20200309,2020-3,작약추출물등복합물(HT074),(주)뉴메드,위점막을 보호하고 상복부 불쾌감을 개선하여 위 건강에 도움을 줄 수 있음,건강기능식품벤처제조업,서울특별시 동대문구
20200522,2020-7,수국잎열수추출물(리세린지®),코스맥스바이오(주),체지방 감소에 도움을 줄 수 있음,건강기능식품전문제조업,충청북도 제천시
20240419,2024-9,난각막가수분해물,주식회사 성동,,수입식품등 수입ㆍ판매업,경기도 고양시 일산동구
20110308,2011-11,L-테아닌,(주)대덕약업,스트레스로 인한 긴장을 완화시키는데 도움을 줄 수 있음 (기타기능 II),건강기능식품일반판매업,경기도 안양시 동안구
20240311,2024-4,풋사과 농축분말(APPLOZINⓇ),(주)한국씨엔에스팜,피부 보습에 도움을 줄 수 있음,건강기능식품전문제조업,충청북도 음성군
20210727,2021-6,풋사과추출물 애플페논(Applephenon),콜마비앤에이치(주),체지방 감소에 도움을 줄 수 있음,건강기능식품전문제조업,세종특별자치시
20081211,2008-72,대두이소플라본 추출물 분말,(주)진용,“뼈 건강에 도움을 줄 수 있습니다.” (기타기능 II),건강기능식품수입업,경기도 수원시 영통구
20081211,2008-74,쏘우팔메토열매추출물(SAW PALMETTO EXTRACT OIL),휴벨,“쏘팔메토 열매추출물은 전립선 건강의 유지에 도움을 줄 수 있습니다” (기타기능II),건강기능식품수입업,경기도 파주시
20081208,2008-75,액상 프락토올리고당,씨제이제일제당(주),건강기능식품공전 II.4.8 프락토올리고당,건강기능식품수입업,서울특별시 중구
20240311,,풋사과농축분말(APPLOZIN),(주)한국씨엔에스팜,자외선에 의한 피부손상으로부터 피부건강 유지에 도움을 줄 수 있음.,건강기능식품전문제조업,충청북도 음성군
20240419,2024-10,목천료추출분말,(주)지앤피바이오사이언스,① 자외선에 의한 피부손상으로부터 피부건강 유지에 도움을 줄 수 있음. ② 피부보습에 도움을 줄 수 있음.,건강기능식품벤처제조업,서울특별시 강서구
20081216,2008-79,쏘팔메토 열매 추출물 등 복합물,한국암웨이(주),“전립선 건강의 유지에 도움을 줄 수 있습니다” (기타기능 II),,서울특별시 강남구
20081230,2008-81,로즈힙 분말,(주)디에스엠뉴트리션코리아,"""로즈힙분말은 관절 및 연골건강에 도움을 줄 수 있습니다.”",건강기능식품수입업,서울특별시 서초구
20090605,2009-57,가르시니아 캄보지아 추출물,(주)동원에프앤비,"“탄수화물에서 지방으로의 합성을 억제하여 체지방 감소에 도움을 줍니다"" (기타기능 I)",건강기능식품수입업,서울특별시 서초구
20090605,2009-59,쏘팔메토 열매 추출물,주영엔에스(주),“전립선 건강의 유지에 도움을 줄 수 있습니다” (기타기능 II),건강기능식품수입업,서울특별시 서초구
20140514,2014-18,감마리놀렌산 함유 유지,(주)자연의힘,월경 전 변화에 의한 불편한 상태 개선에 도움을 줄 수 있음(생리활성기능 2등급),식품등 수입판매업,경기도 평택시
20240419,2024-11,목천료추출분말,이연제약(주),① 자외선에 의한 피부손상으로부터 피부건강 유지에 도움을 줄 수 있음 ② 피부보습에 도움을 줄 수 있음,수입식품등 수입ㆍ판매업,서울특별시 강남구
20240311,2024-5,Lactiplantibacillus plantarum PBS067 등 프로바이오틱스 복합물(PBS),(주)씨에이치랩스,피부보습에 도움을 줄 수 있음/ 자외선에 의한 피부손상으로부터 피부건강을 유지하는데 도움을 줄 수 있음,수입식품등 수입ㆍ판매업,서울특별시 영등포구
20130703,2013-16,동충하초 주정추출물,동아제약(주)달성공장,"면역기능 증진에 도움을 줄 수 있음
   (생리활성기능 2등급)",건강기능식품전문제조업,대구광역시 달성군
20150105,2015-1,프로바이오틱스 HY7714,(주)에치와이 평택공장,피부 보습에 도움을 줄 수 있음(생리활성기능 2등급) 자외선에 의한 피부손상으로부터 피부 건강 유지에 도움을 줄 수 있음(생리활성기능 2등급),건강기능식품전문제조업,경기도 평택시
20140424,2014-13,계피추출분말,성원에프아이,혈당조절에 도움을 줄 수 있으나 관련 인체적용시험이 미흡함(생리활성기능 3등급),수입식품등 수입ㆍ판매업,서울특별시 광진구
20090317,2009-18,다래추출물,(주)헬릭스미스,면역 과민반응 개선에 도움을 줄 수 있음(기타기능II),건강기능식품벤처제조업,서울특별시 강서구
20190705,2019-15,호로파종자추출물(TestofenⓇ),주식회사 비티씨 오송공장,서류 제출 예정.,수입식품등 수입ㆍ판매업,충청북도 청주시 흥덕구
20221219,2022-45,Bacillus coagulans Unique IS-2 프로바이오틱스,(주)제이와이글로벌푸드,배변활동 원활에 도움을 줄 수 있음,수입식품등 수입ㆍ판매업,서울특별시 성동구
20140604,2014-23,보스웰리아 추출물(Boswellia serrata R. extract),(주)프롬바이오,"관절 및 연골건강에 도움을 줄 수 있음
(생리활성기능 2등급)",수입식품등 수입ㆍ판매업,경기도 용인시 기흥구
20240311,2024-6,백편두추출분말(NOVAponinⓇ),주식회사 노바웰스,,수입식품등 수입ㆍ판매업,충청북도 청주시 청원구
20230215,2023-4,CJ저분자콜라겐펩타이드,씨제이웰케어,① 피부보습에 도움을 줄 수 있음 ② 자외선에 의한 피부손상으로부터 피부건강을 유지하는데 도움을 줄 수 있음,수입식품등 수입ㆍ판매업,서울특별시 중구
20210903,2021-10,인삼,(재)금산국제인삼약초연구소,.,,충청남도 금산군
20121227,2012-35,유단백가수분해물(락티움),대상주식회사,스트레스로 인한 긴장 완화에 도움을 줄 수 있음(생리활성기능 2등급),수입식품등 수입ㆍ판매업,서울특별시 동대문구
20140717,2014-32,식물스타놀 에스테르,기문물산(주),높은 혈중 콜레스테롤 수치 개선에 도움을 줄 수 있음(생리활성기능 2등급),수입식품등 수입ㆍ판매업,서울특별시 강남구
20111013,2011-28,가시오갈피 등 복합추출물,(주)뉴메드,관절 건강에 도움을 줄 수 있음(기타기능 II),건강기능식품벤처제조업,서울특별시 동대문구
20241014,2024-22,나한과박추출분말(DKB131),동국제약(주),관절 및 연골건강에 도움을 줄 수 있음,수입식품등 수입ㆍ판매업,충청북도 진천군
20241014,2024-23,배초향·고지베리·무화과복합추출물,코스맥스엔비티(주),,건강기능식품전문제조업,경기도 이천시
20240311,2024-7,흑차추출물,(주)아모레퍼시픽,혈중 중성지방 개선에 도움을 줄 수 있음,건강기능식품전문제조업,경기도 안성시
20240419,2024-12,타마린드강황주정추출복합물(TamaFlexⓇ),콜마비앤에이치(주),관절 및 연골건강에 도움을 줄 수 있음,건강기능식품전문제조업,세종특별자치시
20190705,2019-11,오가피열매50%주정추출물건조엑스,대화제약(주),혈압조절에 도움을 줌,수입식품등 수입ㆍ판매업,강원특별자치도 횡성군
20220208,2022-9,블랙라즈베리 추출물,한국식품산업클러스터진흥원,혈압개선에 도움,건강기능식품전문제조업,전북특별자치도 익산시
20211104,2021-16,꾸지뽕잎추출물,(주)에치와이,위 불편감 개선에 도움을 줄 수 있음,수입식품등 수입ㆍ판매업,서울특별시 서초구
20230327,2023-5,강황추출물,(주)아리바이오,근력개선에 도움을 줄 수 있음,건강기능식품벤처제조업,경기도 성남시 분당구
20211230,2021-22,굴가수분해물,경상대학교 산학협력단,.,,경상남도 진주시
20220203,2022-3,천심련 추출물 (ParActin®),광동헬스바이오(주),관절건강에 도움을 줄 수 있음,건강기능식품전문제조업,충청북도 청주시 청원구
20220225,2022-15,유산균복합물(AB-LIFE®),오펠라헬스케어코리아 주식회사,혈중 콜레스테롤 개선에 도움을 줄 수 있음,수입식품등 수입ㆍ판매업,서울특별시 강남구
20230510,2023-12,맥아구절초추출복합물,동국제약(주),월경 전 변화에 의한 불편한 상태 개선에 도움을 줄 수 있음,수입식품등 수입ㆍ판매업,충청북도 진천군
20220418,2022-19,L-글루탐산발효 가바분말,(주)아모레퍼시픽,수면의 질 개선에 도움을 줄 수 있음,건강기능식품유통전문판매업,경기도 용인시 기흥구
20220906,2022-28,루바브뿌리추출물,(주)오나트라,갱년기 여성 건강에 도움을 줄 수 있음.,수입식품등 수입ㆍ판매업,서울특별시 서초구
20221124,2022-36,해국추출물,주식회사 노바웰스,체지방 감소에 도움을 줄 수 있음,수입식품등 수입ㆍ판매업,충청북도 청주시 청원구
20240523,2024-16,기장밀추출복합물(KeranatTM),주식회사 노바렉스,모발의 건강 상태 유지에 도움을 줄 수 있음,건강기능식품전문제조업,충청북도 청주시 흥덕구
20230707,2023-19,L. plantarum LC27과 B. longum LC67의 프로바이오틱스 복합물(NVP-1702),주식회사 엔비피헬스케어,알콜성 간 손상으로부터 간 건강에 도움을 줄 수 있음,건강기능식품벤처제조업,경기도 수원시 장안구
20250210,2025-1,프로바이오틱스(Lactiplantibacillus plantarum KC3)·익모초추출복합물(CKDB-315),(주)종근당바이오,호흡기(기관∙기관지) 건강에 도움을 줄 수 있음,건강기능식품전문제조업,경기도 안산시 단원구
20231018,2023-32,당조고추건조분말,한국식품산업클러스터진흥원,식후 혈당 사승 억제에 도움을 줄 수 있음,건강기능식품전문제조업,전북특별자치도 익산시
20080909,2008-46,L-테아닌,(주)엘지생활건강,“스트레스로 인한 긴장을 완화시키는데 도움을 줄 수 있음” (기타기능 II),식품등 수입판매업,서울특별시 영등포구
20081013,2008-62,TEAVIGO (고순도 녹차 EGCG 90%),(주)디에스엠뉴트리션코리아,항산화 작용,건강기능식품수입업,서울특별시 서초구
20090128,2009-1,L-글루타민산 유래 GABA 함유 분말,롯데쇼핑주식회사,“혈압이 높은 사람에게 도움을 줄 수 있습니다. (기타기능Ⅱ)”,건강기능식품수입업,서울특별시 영등포구
20090129,2009-7,Tonalin CLA FFA,코그니스코리아(주),"“과체중인 성인의 체지방 감소에 도움을 줄 수 있습니다."" (기타기능 II)",건강기능식품수입업,서울특별시 서초구
20101216,2010-59,지초추출물,(주)뉴트렉스테크놀러지,피부보습에 도움을 줄 수 있음(기타기능Ⅱ),건강기능식품벤처제조업,전남광주통합특별시 나주시
20071206,2007-20,Dimethylsulfone(MSM),희망상회,관절 건강에 도움을 줄 수 있음(기타기능II),식품등 수입판매업,서울특별시 노원구
20240523,2024-14,파비플로라생강뿌리추출물,대한켐텍 주식회사,체지방 감소에 도움을 줄 수 있음,수입식품등 수입ㆍ판매업,경기도 과천시
20240523,2024-15,보스웰리아추출물,대한켐텍 주식회사,관절 및 연골 건강에 도움을 줄 수 있음,수입식품등 수입ㆍ판매업,경기도 과천시
20101216,2010-61,녹차추출물,(주)더써머스,체지방 감소에 도움을 줄 수 있음(기타기능 II),건강기능식품수입업,경기도 수원시 권선구
20130710,2013-21,키토산,(주)유유제약,"체지방 감소에 도움을 줄 수 있음
 (생리활성기능 2등급)",수입식품등 수입ㆍ판매업,서울특별시 중구
20131122,2013-33,잔나비걸상버섯균사체,동일티엔디(주),"혈당 조절에 도움을 줄 수 있음
 (생리활성기능 2등급)",식품등 수입판매업,서울특별시 강북구
20240628,2024-18,팔밋올레산 함유 명태(알래스카폴락)유래 정제어유,(주)바이텍 익산지점,피부 보습에 도움을 줄 수 있음/자외선에 의한 피부손상으로부터 피부건강을 유지해 줌,건강기능식품전문제조업,전북특별자치도 익산시
20240826,2024-20,홍삼,(주)한국인삼공사,혈당 조절에 도움을 줄 수 있음,건강기능식품전문제조업,충청남도 부여군
20140811,2014-36,오메가-3 지방산 함유 유지,(주)빅솔반월공장,"기억력 개선에 도움을 줄 수 있음
 (생리활성기능 2등급)",수입식품등 수입ㆍ판매업,서울 동작구
20190814,2019-19,댕댕이나무열매(허니베리)추출분말,주식회사 아리너스,비알콜성 간기능 손상으로부터 간보호,건강기능식품전문제조업,충청북도 제천시
20151104,2015-23,까마귀쪽나무 열매 주정추출물,주식회사 휴럼,관절건강에 도움을 줄 수 있음(생리활성기능 2등급),건강기능식품전문제조업,충청북도 청주시 청원구
20140107,2014-1,헛개나무과병추출분말,(주)뉴메드,알콜성 손상으로부터 간을 보호하는데 도움을 줄 수 있음(생리활성기능 2등급),건강기능식품벤처제조업,서울특별시 동대문구
20140225,2014-9,올리브잎주정추출물,(주)메디뉴트라,,수입식품등 수입ㆍ판매업,서울특별시 구로구
20171229,2017-6,Lactobacillus gasseri BNR17,(주)에이스바이옴,,수입식품등 수입ㆍ판매업,서울특별시 강남구
20231229,2023-41,발효굴추출물(FSO),(주)엘지생활건강,근력 성장에 도움을 줄 수 있음,수입식품등 수입ㆍ판매업,서울특별시 종로구
20070608,2007-7,KANEKA Q10,(주)주피터인터내셔널,"“코엔자임Q10은 항산화에 도움을 줄 수 있습니다.”
 (기타Ⅱ등급)",건강기능식품수입업,서울특별시 서초구
20090408,2009-31,쏘팔메토 (Saw Palmetto) 열매 추출물,(주)네츄럴라이프,“쏘팔메토 열매 추출물은 전립선 건강의 유지에 도움을 줄 수 있습니다” (기타기능II),건강기능식품수입업,경기도 안산시
20070425,2007-1,Free Lutein 복합물(Lutein 20% FS),(주)디에스엠뉴트리션코리아,루테인은 노화로 인해 감소될 수 있는 황반색소밀도를 유지시켜 주어 눈건강에 도움을 줍니다.”(기타Ⅰ등급),건강기능식품수입업,서울특별시 서초구
20070425,2007-2,FloraGLO Lutein(20% liquid in safflower oil),(주)로하스피아,"“루테인은 노화로 인해 감소될 수 있는 황반색소밀도를 
 유지시켜 주어 눈건강에 도움을 줍니다.”(기타Ⅰ등급)",건강기능식품수입업,서울특별시 송파구
20081002,2008-50,토마토추출물,씨제이제일제당(주),“항산화에 도움을 줄 수 있음” (기타기능 II),건강기능식품수입업,서울특별시 중구
20081208,2008-78,표고버섯균사체 AHCC,(주)케이씨에프코리아,“면역기능 증진에 도움을 줄 수 있습니다” (기타기능II),건강기능식품수입업,서울특별시 광진구
20240628,2024-17,루바브뿌리추출물(ERr731Ⓡ),주식회사 시나몬랩,갱년기 여성 건강에 도움을 줄 수 있음,수입식품등 수입ㆍ판매업,서울특별시 서초구
20100205,2010-6,카제인가수분해물,(주)부국유통,혈압이 높은 사람에게 도움을 줄 수 있습니다.(기타기능 II),수입식품등 수입ㆍ판매업,서울특별시 강남구
20100405,2010-17,밀크씨슬추출물,(주)더써머스,“간 건강에 도움을 줄 수 있음” (기타기능II),건강기능식품수입업,경기도 수원시 권선구
20240826,2024-21,황해쑥추출분말,동아제약(주),위점막을 보호하여 위건강에 도움을 줄 수 있음,수입식품등 수입ㆍ판매업,서울특별시 동대문구
20111104,2011-34,홍경천 추출물,주영엔에스(주),“스트레스로 인한 피로개선에 도움을 줄 수 있음”(생리활성기능 2등급),건강기능식품일반판매업,서울특별시 관악구
20111228,2011-42,콜레우스 포스콜리 추출물,주영엔에스(주),체지방 감소에 도움을 줄 수 있음(생리활성기능 2등급),수입식품등 수입ㆍ판매업,서울특별시 송파구
20240703,2024-19,천마추출물,(주)일원바이오,,수입식품등 수입ㆍ판매업,전북특별자치도 익산시
20241014,2024-24,배초향·고지베리·무화과복합추출물,코스맥스엔비티(주),"항당화를 통한 피부 건강 개선에 도움을 줄 수 있음, 피부 보습에 도움을 줄 수 있음, 자외선에 의한 피부 손상으로부터 피부 건강을 유지하는데 도움을 줄 수 있음.",건강기능식품전문제조업,경기도 이천시
20241014,2024-25,마리골드꽃추출물(지아잔틴함유),(주)엘지생활건강,,수입식품등 수입ㆍ판매업,서울특별시 종로구
20210727,2021-4,발효율피추출분말,주식회사 현대바이오랜드 안산,체지방 감소에 도움,건강기능식품전문제조업,경기도 안산시 단원구
20210903,2021-7,모로오렌지추출분말(Morosil®),광동헬스바이오(주),체지방 감소에 도움을 줄 수 있음,건강기능식품전문제조업,충청북도 청주시 청원구
20121106,2012-30,솔잎증류농축액,파인생명공학,"건강한 혈당의 유지에 도움을 줄 수 있음
(생리활성기능2등급)",수입식품등 수입ㆍ판매업,경기도 광주시
20121205,2012-33,아쉬아간다 추출물,(주)에치와이,스트레스로 인한 긴장 완화에 도움을 줄 수 있음 (생리활성기능 2등급),수입식품등 수입ㆍ판매업,경기도 용인시 기흥구
20141008,2014-51,구기자추출물,(주)바이오믹스,기억력 개선에 도움을 줄 수 있음(생리활성기능 2등급),건강기능식품벤처제조업,경기도 고양시 일산동구
20110111,2011-3,당귀등추출복합물,(주)현대바이오랜드 안산,노인의 기억력 개선에 도움을 줄 수 있음(생리활성기능 2등급),건강기능식품전문제조업,경기도 화성시 만세구
20080220,2008-14,소나무껍질추출물등복합물,(주)서흥,햇볕 또는 자외선에 의한 피부손상으로부터 피부건강을 유지하는데 도움을 줄 수 있음(기타기능II),건강기능식품전문제조업,충청북도 청주시 흥덕구
20190916,2019-23,피쉬 콜라겐펩타이드,주영엔에스(주),피부보습에 도움을 줄 수 있음,수입식품등 수입ㆍ판매업,서울특별시 송파구
20230725,2023-22,저분자유청단백가수분해물,㈜네오크레마 익산공장,근력 개선에 도움을 줄 수 있음,건강기능식품전문제조업,전북특별자치도 익산시
20230801,2023-23,참당귀·녹용·황기 복합추출물,광동제약주식회사,피로 개선에 도움을 줄 수 있음,건강기능식품전문제조업,경기도 평택시
20230914,2023-27,새싹인삼추출분말,(주)비티씨 익산공장,기억력 개선에 도움을 줄 수 있음,건강기능식품전문제조업,전북특별자치도 익산시
20080313,2008-15,쏘팔메토 열매추출물,(주)삼오제약,“쏘팔메토 열매추출물은 전립선 건강의 유지에 도움을 줄 수 있습니다.”,건강기능식품수입업,서울특별시 강남구
20070913,2007-14,동우코엔자임Q10,동우약품(주),"""코엔자임 Q10은 항산화에 도움을 줄 수 있습니다.” (기타기능Ⅱ)",건강기능식품수입업,서울특별시 강남구
20071018,2007-17,Methyl Slufonyl Methane(MSM),(주)엠에스엠월드와이드,"""Dimethylsulfone(MSM)은 관절건강에 도움이 될 수 있습니다.” (기타기능II)",건강기능식품수입업,서울특별시 관악구
20040702,2004-1,,원니스바이오,,,서울특별시 강서구
20180703,2018-6,그린커피빈주정추출물,대한켐텍 주식회사,,수입식품등 수입ㆍ판매업,경기도 과천시
20100423,2007-10,콩발효추출물,씨제이웰케어,,수입식품등 수입ㆍ판매업,서울특별시 중구
20170929,2017-4,EPA 및 DHA 함유 유지,리즈 파마,건조한 눈을 개선하여 눈 건강에 도움을 줄 수 있음,수입식품등 수입ㆍ판매업,서울특별시 송파구
20210903,2021-8,갈락토올리고당분말(네오고스-P70),(주)네오크레마 익산공장,자외선에 의한 피부손상으로부터 피부건강을 유지하는데 도움을 줄 수 있음,건강기능식품전문제조업,전북특별자치도 익산시
20200522,2020-6,MS-10 엉겅퀴등복합추출물,(주)파미니티,갱년기 여성 건강,건강기능식품벤처제조업,경기도 의왕시
20190208,2019-1,옻나무 추출분말,(주)씨앤엘바이오,갱년기 남성의 건강에 도움을 줄 수 있음,건강기능식품벤처제조업,전북특별자치도 임실군
20090429,2009-45,쏘팔메토 열매 추출물,케이에스텍,“전립선 건강의 유지에 도움을 줄 수 있습니다” (기타기능II),건강기능식품수입업,경기도 성남시 분당구
20221219,2022-41,크릴오일(FJH-KO),주식회사 프롬바이오 익산공장,관절 및 연골 건강에 도움을 줄 수 있음,건강기능식품전문제조업,전북특별자치도 익산시
20080826,2008-43,미쯔비시 코엔자임Q10,삼성물산(주),"""코엔자임 Q10은 혈압이 높은 사람에게 도움을 줄 수 있습니다."" (기타기능II)",건강기능식품수입업,서울특별시 서초구
20100201,2010-3,루테인지아잔틴복합추출물20%,주식회사 노바렉스,"노화로 인해 감소될 수 있는 황반색소밀도를 유지시켜 주어 눈건강에 도움을 줌
(기타 I등급)",건강기능식품전문제조업,충청북도 청주시 청원구
20091207,2009-94,Ca-PGA,한정(주),"“체내 칼슘흡수 촉진에 도움을 줌”
 (기타기능 II)",건강기능식품수입업,경기도 남양주시
20100405,2010-15,밀크씨슬추출물,(주)렉스진바이오텍,“간 건강에 도움을 줄 수 있음” (기타기능II),건강기능식품수입업,충청북도 음성군
20080602,2008-28,대두이소플라본추출물,씨제이제일제당(주),"“뼈 건강에 도움을 줄 수 있습니다."" (기타기능 II)",건강기능식품수입업,서울특별시 중구
20080603,2008-29,피토쏘야(Phyto soya),한국유니온제약(주),"“뼈 건강에 도움을 줄 수 있습니다."" (기타기능 II)",건강기능식품수입업,서울특별시 송파구
20080620,2008-33,Tonalin CLA TG,상현화학,"“과체중인 성인의 체지방 감소에 도움을 줄 수 있습니다."" (기타기능 II)",건강기능식품수입업,서울특별시 강남구
20101231,2010-68,은행잎추출물,주영엔에스(주),"성인의 기억력 개선에 도움을 줄 수 있음 (기타기능II)
혈행 개선에 도움을 줄 수 있음 (기타기능II)",건강기능식품수입업,서울특별시 서초구
20110408,2011-12,곤약감자추출분말,(주)대덕약업,피부보습에 도움을 줄 수 있음 (기타기능 II),수입식품등 수입ㆍ판매업,경기도 수원시 영통구
20130820,2013-24,키토산,주영엔에스(주),"체지방 감소에 도움을 줄 수 있음
 (생리활성기능 2등급)",수입식품등 수입ㆍ판매업,서울특별시 관악구
20140327,2014-11,감마리놀렌산 함유 유지,주영엔에스(주),"면역과민반응에 의한 피부상태 개선에 도움을 줄 수 있음
 (생리활성기능 2등급)",수입식품등 수입ㆍ판매업,서울특별시 서초구
20060213,2006-1,피크노제놀-프랑스해안송껍질추출물,(주)주피터인터내셔널,"""인체에 유해한 활성산소를 제거하는데 도움을 줄 수 있습니다."" “혈액의 흐름을 방해할 수 있는 혈소판응집을 억제하는데 도움을 줄 수 있습니다.”◆ 인체시험에서 “피크노제놀-프랑스해안송껍질추출물 <PYCNOGENOL>”의 항산화 기능과 혈소판응집 기능이 확인되었으나 자료의 수가 제한되어 있습니다. 따라서 “~도움을 줄 수 있다.”의 형식으로 표시하여야 합니다.",수입식품등 수입ㆍ판매업,서울특별시 서초구
20060403,2006-4,폴리코사놀 - 사탕수수 왁스 알코올,(주)레이델코리아,"“폴리코사놀은 높은 혈중 콜레스테롤 수치의 개선에 도움이 됩니다.”
(충분한 인체시험에서 혈액 중의 총 콜레스테롤과 저밀도지단백(low density lipidprotein : LDL)수치를 감소시키고 고밀도지단백(High density lipidprotein : HDL) 수치를 증가시키는데 도움이 됨을 확인하였습니다)",수입식품등 수입ㆍ판매업,서울특별시 서초구
20060403,2006-5,표고버섯균사체 AHCC,(주)케이씨에프코리아,"“표고버섯균사체 AHCC는 신체방어능력 향상에 도움이 될 수 있으나 인체시험을 통한 확인이 필요합니다.”

(동물시험을 통하여 신체방어능력 향상에 도움이 됨을 확인하였으나 인체시험에서는 확인되지 않았으므로, 반드시 “--인체에서 확인이 필요합니다” 를 표기해야 합니다)",건강기능식품수입업,서울특별시 광진구
20060504,2006-6,대두 포스파티딜세린(Leci-PS),선경트레이딩(주),"""노인의 인지능력 개선에 도움을 줄 수 있습니다."" 
◆ 인체시험에서 “대두 포스파티딜세린 (Leci-PS)”의 노인의 인지능력 개선 기능이 확인되었으나 자료의 수가 제한되어 있습니다. 따라서 “~도움을 줄 수 있다.”의 형식으로 표시하여야 합니다.",건강기능식품수입업,서울특별시 서초구
20060616,2006-7,로즈힙분말,(주)주안상사,"""로즈힙분말은 관절 및 연골 건강에 도움을 줄 수 있습니다."" 
■인체시험에서 “로즈힙분말”의 관절 및 연골 건강에 도움을 줄 수 있는 기능이 확인되었으나 자료의 수가 제한되어 있습니다. 따라서 “~도움을 줄 수 있다.”의 형식으로 표시하여야 합니다.",,서울특별시 동작구
20060616,2006-8,Dimethylsulfone (MSM),(주)케어메딕스,"“Dimethylsulfone (MSM)은 관절건강에 도움이 될 수 있으나 인체시험을 통한 확인이 필요합니다.”

(동물시험을 통하여 관절건강에 도움이 될 수 있음이 확인되었으나 인체시험에서 확인이 필요함. 따라서, 반드시 “---는 도움을 줄 수 있으나 인체에서 확인이 필요합니다”라고 표기해야 함)",건강기능식품수입업,대전광역시 대덕구
20060623,2006-10,구아바잎,(주)바이오쎈,"""식후 혈당조절에 도움을 줄 수 있습니다."" 
■소수의 인체시험에서 “구아바잎”의 식후 혈당조절에 도움을 줄 수 있는 기능을 확인하였습니다. 따라서 “~도움을 줄 수 있다.”의 형식으로 표시하여야 합니다",건강기능식품수입업,강원특별자치도 춘천시
20160928,2016-19,EPA 및 DHA 함유유지,(주)성우인터켐,기억력 개선에 도움을 줄 수 있음,수입식품등 수입ㆍ판매업,서울특별시 구로구
20190515,2019-9,우뭇가사리추출물,(주)뉴트리,체지방 감소에 도움을 줄 수 있습니다.,건강기능식품전문제조업,경기도 성남시 중원구
20240502,2024-13,오미자·두충·구기자추출복합물,(주)보인바이오컨버젼스,뼈건강에 도움을 줄 수 있음,건강기능식품벤처제조업,서울특별시 동대문구
20240419,2024-8,영지버섯균사체추출분말,크림슨파마,면역기능 증진에 도움을 줄 수 있음,수입식품등 수입ㆍ판매업,서울특별시 송파구
20241120,2024-26,유산균발효굴추출물(FGO),(주)마린바이오프로세스,어린이키성장에 도움을 줄 수 있음,건강기능식품전문제조업,부산광역시 기장군
20241220,2024-34,저분자콜라겐펩타이드,주식회사 씨에이치랩스,자외선에의한 피부손상으로부터 피부건강을 유지하는데 도움을 줄 수 있음 / 피부 보습에 도움을 줄 수 있음,수입식품등 수입ㆍ판매업,서울특별시 영등포구
20241220,2024-35,저분자콜라겐펩타이드,(주)에이치엔아이,"자외선에의한 피부손상으로부터 피부건강을 유지하는데 도움을 줄 수 있음, 피부 보습에 도움을 줄 수 있음",수입식품등 수입ㆍ판매업,경기도 성남시 분당구
20241120,2024-27,유산균발효굴추출물(FGO),(주)엘지생활건강,어린이 키성장에 도움을 줄 수 있음.,수입식품등 수입ㆍ판매업,서울특별시 종로구
20241120,2024-28,참당귀황기추출복합물(SHPro®),(주)서흥헬스케어,전립선 건강 유지에 도움을 줄 수 있음,건강기능식품전문제조업,충청북도 청주시 청원구
20241220,2024-36,산딸기·왕느릅나무·치자추출복합물,(주)리즈바이오텍,"위를 보호하여 위 건강에 도움, *인체시험결과:위장관증상척도 설문지(KGSRS) 중 역류 증상+복통 증상의 중증도 및 빈도 점수, 증상 중증도 및 빈도 총점수, 소화불량 증상 중증도 및 빈도 점수, 설사 증상 중증도 점수, 변비 증상 중증도 점수의 유의성을 확인하여 본 인체적용시험을 통해 산딸기추출물 등 혼합물 4주 섭취가 위장관 증상 개선에 대한 유효성을 확인하였다. 또한 본 연구가 진행되는 동안 임상적으로 의미 있는 이상반응이나 신체변화가 관찰되지 않아서 산딸기추출물 등 혼합물 섭취가 인체에 안전하다고 판단하였다.",건강기능식품벤처제조업,대전광역시 유성구
20250210,2025-2,장미꽃잎추출물(NOVAROSE®),주식회사 노바웰스,"자외선에 의한 피부 손상으로부터 피부 건강을 유지하는데 도움을 줄 수 있음, 피부 보습에 도움을 줄 수 있음",수입식품등 수입ㆍ판매업,충청북도 청주시 청원구
20241120,2024-29,저분자유청펩타이드,주영엔에스(주),근력향상에 도움을 줄 수 있음,수입식품등 수입ㆍ판매업,서울특별시 송파구
20241220,2024-37,털부처꽃추출물,(주)바이오포트코리아,,건강기능식품벤처제조업,부산광역시 기장군
20250512,2025-19,사탕수수왁스알코올(폴리코사놀),(주)네이처스원,혈중 콜레스테롤 수치 개선에 도움을 줄 수 있음,수입식품등 수입ㆍ판매업,서울특별시 송파구
20241120,2024-30,아쉬아간다추출물(Sensoril®),주식회사 노바렉스,,건강기능식품전문제조업,충청북도 청주시 흥덕구
20241120,2024-31,Lactiplantibacillus plantarum PBS067 등 프로바이오틱스 복합물(PBS),(주)신우코퍼레이션,,수입식품등 수입ㆍ판매업,경기도 안양시 동안구
20241220,2024-38,유산균발효대두분말,(주)비전바이오켐,위 점막 보호를 통해 위 불편감 개선에 도움을 줌,수입식품등 수입ㆍ판매업,서울특별시 송파구
20241220,2024-39,유산균발효대두분말,코스맥스엔비티(주),,건강기능식품전문제조업,경기도 이천시
20241120,2024-32,보스웰리아추출물,코스맥스바이오(주),,건강기능식품전문제조업,충청북도 제천시
20241220,2024-40,황칠나무잎·줄기추출물,(주)휴온스엔,인지기능개선에 도움을 줄 수 있음,건강기능식품전문제조업,강원특별자치도 춘천시
20241120,2024-33,홍삼추출효소처리분말,(주)비티진,혈압조절에 도움을 줄 수 있음,건강기능식품전문제조업,대전광역시 유성구
20250210,2025-4,블랙커민추출물(FJ),맥널티바이오(주),체지방 감소에 도울을 줄 수 있음,건강기능식품전문제조업,충청북도 증평군
20250210,2025-5,Latilactobacillus curvatus LB-P9 프로바이오틱스,주식회사 리스큐어바이오,,수입식품등 수입ㆍ판매업,경기도 성남시 분당구
20250210,2025-6,Latilactobacillus curvatus LB-P9 프로바이오틱스,주식회사 녹십자웰빙,,수입식품등 수입ㆍ판매업,서울특별시 성동구
20250210,2025-7,마리골드꽃추출물(지아잔틴함유),(주)화인비에스,,,서울특별시 성동구
20260518,2026-17,찔레나무뿌리추출물(RosaFlora®),주식회사 유한건강생활,,수입식품등 수입ㆍ판매업,서울특별시 강서구
20260518,2026-19,프로바이오틱스(Lactiplantibacillus plantarum Q180)·미세조류(Phaeodactylum tricornutum) 복합물(CKDB-,(주)종근당바이오,,건강기능식품전문제조업,경기도 안산시 단원구
20260703,2026-21,하고초추출분말,(주)휴온스엔,,건강기능식품전문제조업,강원특별자치도 춘천시
20250226,2025-8,마키베리추출물,(주)성우바이오팜,건조한 눈을 개선하여 눈 건강에 도움을 줄 수 있음.,수입식품등 수입ㆍ판매업,서울특별시 구로구
20250326,2025-9,티아이소크라이시스루테아분말,(주)마이크로알지에스크어스,눈 건강에 도움,수입식품등 수입ㆍ판매업,강원특별자치도 강릉시
20250326,2025-11,밀배유추출물,(주)그린스토어,피부보습에 도움을 줄 수 있음,수입식품등 수입ㆍ판매업,
20250326,2025-13,프로폴리스망고스틴껍질복합물,(주)메디바이오랩,,건강기능식품벤처제조업,서울특별시 구로구
20250326,2025-12,헛개나무과병·오미자박추출복합물,주식회사뉴트라코어,,건강기능식품전문제조업,전북특별자치도 임실군
20250326,2025-14,보스웰리아추출물(FJH-BS),주식회사 프롬바이오 익산공장,,건강기능식품전문제조업,전북특별자치도 익산시
20250326,2025-15,L. mucosae NK41과 B. longum NK46의 프로바이오틱스 복합물(NVP-2106),주식회사 엔비피헬스케어,,건강기능식품벤처제조업,경기도 수원시 장안구
20250326,2025-16,단삼주정추출분말(SAGX),주식회사 큐롬바이오사이언스,,수입식품등 수입ㆍ판매업,경기도 수원시 영통구
20250328,2025-18,헛개나무과병·오미자박추출복합물,(주) 엔에스쇼핑,,수입식품등 수입ㆍ판매업,경기도 성남시 분당구
20250512,2025-20,대두배아유산균발효물(SE5-OH),한국오츠카제약(주),,수입식품등 수입ㆍ판매업,경기도 화성시 만세구
20260703,2026-22,Lacticaseibacillus paracasei BEPC22와 Lactiplantibacillus plantarum BELP53의 프로바이오틱스 복합,주식회사 헥토헬스케어,,수입식품등 수입ㆍ판매업,서울특별시 강남구
20250512,2025-21,상추추출물,유니바이오,,수입식품등 수입ㆍ판매업,부산광역시 동구
20250512,2025-23,덖음귤피추출분말(JRC),주식회사 제이앤제이바이오헬스케어 전남센터,,수입식품등 수입ㆍ판매업,전남광주통합특별시 장흥군
20250512,2025-24,덖음귤피추출분말(JRC),(주)알피바이오,,수입식품등 수입ㆍ판매업,서울특별시 강남구
20250512,2025-25,모로오렌지추출분말(Morosil®),주식회사 비티씨 오송공장,,수입식품등 수입ㆍ판매업,충청북도 청주시 흥덕구
20250512,2025-26,라임과피추출물,주식회사 뉴트라잇,,건강기능식품벤처제조업,서울특별시 강동구
20250625,2025-28,녹각효소분해추출물HP(NP-2007),(주)한풍네이처팜,,건강기능식품전문제조업,전북특별자치도 완주군
20250625,2025-29,저분자돈태반펩타이드,대한켐텍 주식회사,,수입식품등 수입ㆍ판매업,경기도 과천시
20260827,2026-26,Lactiplantibacillus plantarum NK151과 Bifidobacterium bifidum NK175의 프로바이오틱스 복합물(LB101,피비엘바이오랩 주식회사,,수입식품등 수입ㆍ판매업,서울특별시 종로구
20250625,2025-30,오미자박추출물,(주)서흥헬스케어,,건강기능식품전문제조업,충청북도 청주시 청원구
20250625,2025-31,오미자박추출물,주식회사 지큐바이오,,수입식품등 수입ㆍ판매업,경기도 성남시 분당구
20250625,2025-32,Lactiplantibacillus plantarum LMT1-48 프로바이오틱스,주식회사 메디톡스,,수입식품등 수입ㆍ판매업,서울특별시 강남구
20250625,2025-33,감국감태추출복합물,(주)에스앤디,,건강기능식품전문제조업,충청북도 청주시 흥덕구
20250625,2025-34,복분자추출물(RE-20),(주)빅썸바이오,,수입식품등 수입ㆍ판매업,경기도 군포시
20250625,2025-35,루테인지아잔틴추출복합물,에이지바이오테라퓨틱스 주식회사,,수입식품등 수입ㆍ판매업,서울특별시 강남구
20250625,2025-36,파비플로라생강뿌리추출물,닥터블릿헬스케어 주식회사,,수입식품등 수입ㆍ판매업,서울특별시 강남구
20250625,2025-37,병풀추출분말,주식회사 쓰리에이치랩스,,수입식품등 수입ㆍ판매업,경기도 고양시 일산서구
20251016,2025-52,지초추출분말,주식회사 데이젠,,건강기능식품벤처제조업,서울특별시 서초구
20251016,2025-53,강황추출물,(주)알피바이오,,수입식품등 수입ㆍ판매업,서울특별시 강남구
20250728,2025-38,해바라기종자추출물,(주)알피바이오,,수입식품등 수입ㆍ판매업,서울특별시 강남구
20250728,2025-39,살라시아레티큘라타추출물,대한켐텍 주식회사,,수입식품등 수입ㆍ판매업,경기도 과천시
20250728,2025-40,인디안구스베리·새싹보리추출복합물(IB Complex),(주)에이치엘사이언스,,건강기능식품전문제조업,충청북도 충주시
20250728,2025-41,한삼덩굴추출분말(HSy2),(주)펜즈,,건강기능식품벤처제조업,서울특별시 영등포구
20250904,2025-44,백출양춘사추출복합물,주식회사 뉴온,,수입식품등 수입ㆍ판매업,서울특별시 강남구
20250904,2025-42,연어코연골추출물,(주)네이처텍,,건강기능식품전문제조업,충청북도 진천군
20250904,2025-47,Akkermansia muciniphila EB-AMDK19 열처리배양건조물,동아제약(주),,수입식품등 수입ㆍ판매업,서울특별시 동대문구
20250904,2025-43,Lacticaseibacillus paracasei subsp. paracasei 327(K-1) 열처리배양건조물,주식회사 씨에이치랩스,,수입식품등 수입ㆍ판매업,서울특별시 영등포구
20260827,2026-25,고소애가수분해물,주식회사 한미양행,,건강기능식품전문제조업,경기도 파주시
20250904,2025-45,녹용유산균발효분말,(주)에치와이,,수입식품등 수입ㆍ판매업,서울특별시 서초구
20250904,2025-48,테트라셀미스추이건조분말,(주)미래생명자원,,수입식품등 수입ㆍ판매업,강원특별자치도 강릉시
20250904,2025-50,홀리바질추출물,(주) 뉴트리,,수입식품등 수입ㆍ판매업,서울특별시 송파구
20251016,2025-55,Latilactobacillus sakei LB-P12 프로바이오틱스,주식회사 리스큐어바이오,,수입식품등 수입ㆍ판매업,경기도 성남시 분당구
20251117,2025-59,보리수나무열매추출물(Elaea),(주)옥천당,,수입식품등 수입ㆍ판매업,대구광역시 동구
20251117,2025-57,서목태추출물(SMTG®),주식회사 위랩,,건강기능식품벤처제조업,서울특별시 성동구
20250210,2025-3,블랙커민추출물(FJ),주식회사 아리비앤씨,체지방감소에 도움을 줄 수있음,수입식품등 수입ㆍ판매업,경기도 용인시 기흥구
20251224,2025-65,사프란추출물(AffronⓇ),주식회사 현대바이오랜드 안산,스트레스로 인한 긴장 완화에 도움을 줄 수 있음,건강기능식품전문제조업,경기도 안산시 단원구
20251016,2025-51,강황추출물,(주)뉴트리원,,수입식품등 수입ㆍ판매업,서울특별시 송파구
20251224,2025-66,미배아발효분말,(주) 뉴트리,,수입식품등 수입ㆍ판매업,서울특별시 송파구
20251117,2025-60,어린도두꼬투리추출물,대상웰라이프(주),,수입식품등 수입ㆍ판매업,서울특별시 종로구
20251117,2025-61,어린도두꼬투리추출물,고려대학교 세종산학협력단,,개인(기타),세종특별자치시
20251224,2025-67,아쉬아간다추출물(KSM-66®),콜마비앤에이치(주),,건강기능식품전문제조업,세종특별자치시
20260206,2026-1,Lactococcus lactis subsp. lactis CAB701 프로바이오틱스,(주)비케이바이오,,건강기능식품전문제조업,제주특별자치도 제주시
20251224,2025-68,라임카카오추출복합물,코스맥스바이오(주),,건강기능식품전문제조업,충청북도 제천시
20250326,2025-10,밀배유추출물,코스맥스엔에스 주식회사,,수입식품등 수입ㆍ판매업,경기도 이천시
20260703,2026-23,연어코연골추출물,종근당건강(주),,건강기능식품전문제조업,충청남도 당진시
20250512,2025-22,골드키위유산균발효물(Kiwibiotics®),(주)바이텍 익산지점,,건강기능식품전문제조업,전북특별자치도 익산시
20250512,2025-27,히알루론산,주영엔에스(주),,수입식품등 수입ㆍ판매업,서울특별시 송파구
20250904,2025-49,홍어껍질콜라겐펩타이드,영산홍어(주),,수입식품등 수입ㆍ판매업,전남광주통합특별시 나주시
20251016,2025-54,강황추출물,주식회사 녹십자웰빙,,수입식품등 수입ㆍ판매업,서울특별시 성동구
20251117,2025-62,어린도두꼬투리추출물,국립식량과학원,,개인(기타),전북특별자치도 완주군
20251117,2025-56,피롤로퀴놀린퀴논이나트륨염(NOVAQ®),주식회사 노바렉스,,건강기능식품전문제조업,충청북도 청주시 흥덕구
20251224,2025-69,Lacticaseibacillus paracasei HY7017 프로바이오틱스,(주)에치와이 평택공장,,건강기능식품전문제조업,경기도 평택시
20251117,2025-64,마르멜로추출물,주식회사 비엔지,,수입식품등 수입ㆍ판매업,강원특별자치도 춘천시
20251224,2025-70,마리골드꽃주정추출물(지아잔틴함유),주영엔에스(주),,수입식품등 수입ㆍ판매업,서울특별시 송파구
20251117,2025-63,콘드로이친황산염,대한켐텍 주식회사,,수입식품등 수입ㆍ판매업,경기도 과천시
20251224,2025-71,Akkermansia muciniphila HB05 열처리배양건조물(HB05P),(주)헬스바이옴,,건강기능식품전문제조업,전북특별자치도 전주시 덕진구
20251224,2025-72,Akkermansia muciniphila HB05 열처리배양건조물(HB05P),삼양식품(주),,수입식품등 수입ㆍ판매업,서울특별시 성북구
20260209,2026-2,Weissella cibaria CMU 프로바이오틱스,㈜오라틱스,,개인(기타),서울특별시 성동구
20260209,2026-3,포도블루베리추출혼합분말,주식회사 푸가,,수입식품등 수입ㆍ판매업,대구광역시 북구
20251117,2025-58,Lactiplantibacillus plantarum ATG-K2 프로바이오틱스,(주)에이투젠 부설연구소,,개인(기타),대전광역시 유성구
20260209,2026-4,레몬버베나추출물,코스맥스바이오(주),,건강기능식품전문제조업,충청북도 제천시
20260209,2026-5,Bacillus coagulans BC99 프로바이오틱스,주식회사 노바렉스,,건강기능식품전문제조업,충청북도 청주시 흥덕구
20260209,2026-6,Weissella confusa WIKIM51 프로바이오틱스(Wilac D001),(주)팜스빌,,건강기능식품전문제조업,서울특별시 강서구
20260415,2026-7,파비플로라생강뿌리추출물,마루온 주식회사,,수입식품등 수입ㆍ판매업,경기도 성남시 분당구
20250326,2025-17,호로파종자추출물,주영엔에스(주),,수입식품등 수입ㆍ판매업,서울특별시 송파구
20250904,2025-46,Akkermansia muciniphila EB-AMDK19 열처리배양건조물,(주)엔테로바이옴,,건강기능식품벤처제조업,경기도 고양시 일산동구
20260415,2026-8,삽주추출분말,(주)가피바이오,,수입식품등 수입ㆍ판매업,경기도 화성시 만세구
20260415,2026-9,마리골드꽃추출물(지아잔틴함유),대한켐텍 주식회사,,수입식품등 수입ㆍ판매업,경기도 과천시
20260415,2026-10,Latilactobacillus sakei K040706 열처리배양건조물(노바사케이),주식회사 노바렉스,,건강기능식품전문제조업,충청북도 청주시 흥덕구
20260415,2026-11,오미자추출대두복합물,문경오미자향토산업육성사업단,,개인(기타),경상북도 문경시
20260518,2026-18,자색옥수수속대·포엽추출분말,(주)메디언스,,건강기능식품전문제조업,강원특별자치도 춘천시
20260415,2026-12,구기자나무뿌리껍질추출분말,(주)가피바이오,,수입식품등 수입ㆍ판매업,경기도 화성시 만세구
20260415,2026-13,Lactobacillus delbrueckii subsp. lactis CKDB001 프로바이오틱스,(주)종근당바이오,,건강기능식품전문제조업,경기도 안산시 단원구
20260827,2026-27,블랙라즈베리한속단추출복합분말,(주)나일랜드,,건강기능식품벤처제조업,서울특별시 송파구
20260415,2026-14,Lactobacillus delbrueckii subsp. lactis CKDB001 프로바이오틱스,주식회사 지놈앤컴퍼니,,수입식품등 수입ㆍ판매업,서울특별시 서초구
20260415,2026-15,해바라기종자추출물,대한켐텍 주식회사,,수입식품등 수입ㆍ판매업,경기도 과천시
20260415,2026-16,콘드로이친황산염,고려은단헬스케어 주식회사,,수입식품등 수입ㆍ판매업,경기도 안산시 단원구
20260827,2026-28,고소애가수분해물,주식회사한미양행,,건강기능식품전문제조업,경기도 파주시
20260518,2026-20,감태추출물,한국식품연구원,,개인(기타),전북특별자치도 완주군
