id,name,report,product,company,usage,sourceLine
ing_395a5ed31888cbf5,Bacillus coagulans SNZ 1969 프로바이오틱스,20040017059311,Bacillus coagulans SNZ 1969 프로바이오틱스,(주)씨티씨바이오,건강기능식품 원료로 사용,18759
ing_8cfc2fab777e8b88,L. curvatus HY7601와 L. plantarum KY1032의 프로바이오틱스 복합물,2014001710716,L. curvatus HY7601와 L. plantarum KY1032의 프로바이오틱스 복합물,(주)에치와이 평택공장,건강기능식품 원료로 사용,11307
ing_6beb25dc4f921f35,L. mucosae NK41과 B. longum NK46의 프로바이오틱스 복합물(NVP-2106),20140017002657,L. mucosae NK41과 B. longum NK46의 프로바이오틱스 복합물(NVP-2106),일동바이오사이언스(주),건강기능식품 원료로 사용 / L. mucosae NK41과 B.longum NK46의 프로바이오틱스 복합물(NVP- 2106)로서 100억 CFU/일,18959
ing_cfa42e38cec62606,Weissella cibaria JW15 프로바이오틱스,2017278201631,Weissella cibaria JW15 프로바이오틱스,(주)휴온스엔,식품 및 건강기능식품의 원료로 사용,4306
ing_dec0ee1743f1d2cc,가시오가피숙지황복합추출물,200700170337,가시오가피숙지황복합추출물,(주)오스코텍,건강기능식품 원료로 사용,20021
ing_452b1754e4d23b88,갈락토올리고당분말(네오고스-P70),2004001601257,갈락토올리고당 분말(네오고스-P70),주식회사 엠에스씨,건강기능식품 원료로 사용,8296
ing_ca9f21dbe3212311,감국감태추출복합물,2004002005041,감국감태추출복합물,(주)에스앤디,건강기능식품 원료로 사용,43021
ing_14118176e798e4a1,골드키위유산균발효물(Kiwibiotics®),2019001431754,골드키위유산균발효물(Kiwibiotics®),(주)바이텍 익산지점,식품 및 건강기능식품 원료로 사용,23114
ing_5955d969a909e22c,까마귀쪽나무 열매 주정추출물,2004002002513,까마귀쪽나무열매주정추출물,주식회사 휴럼,건강기능식품 개별인정형 원료로 사용한다.,26208
ing_d25fe90f50d1f2d0,덖음귤피추출분말(JRC),2017288021218,덖음귤피추출분말(JRC),(주)화인에프티,건강기능식품 원료로 사용,42924
ing_4e83a3801894ad76,돌외잎주정추출분말,201000170075,돌외잎주정추출분말,(주)비티씨,건강기능식품 원료로 사용,20019
ing_536585cfef542591,두충우슬추출복합물(KGC08EA),20040020013421,두충우슬추출복합물(KGC08EA),(주)한국인삼공사,건강기능식품 원료로 사용,37680
ing_c164ca703aaf36c8,레몬 밤 추출물 혼합분말,200900200671,레몬 밤 추출물 혼합분말,(주)안지오랩,건강기능식품 원료로 사용,46293
ing_03785704f4fd5f30,바이오게르마늄 효모,2004002005615,바이오게르마늄 효모,게란티제약(주),건강기능식품 원료로 사용,24014
ing_3dfeaeee0be0c266,발효굴추출물(FSO),201100160063,발효굴추출물(FSO),(주)마린바이오프로세스,"건강기능식품 제조 원료로 사용/ 발효굴추출물로서 1,000mg/일",8591
ing_df01fb51786e1583,발효생성아미노산 복합물,2009001702312,발효생성아미노산복합물,(주)빅솔 반월공장,건강기능식품 원료로 사용,9402
ing_9d47233252e49a11,발효율피추출분말,2004001706774,발효율피추출분말,주식회사 현대바이오랜드 안산,건강기능식품 원료로 사용,13204
ing_1bb0148b1957f7cc,백수오 등 복합추출물,201400170721,백수오 등 복합추출물,주식회사 내츄럴엔도텍,건강기능식품 원료로 사용,9650
ing_3b7ab6c0ac5bb82e,백편두추출분말(NOVAponinⓇ),2004002005039,백편두추출분말(NOVAponin®),(주)에스앤디,건강기능식품 원료로 사용,39176
ing_fab09ed17ee3681d,복분자추출분말,200500200033,복분자추출분말,(주)리즈바이오텍,건강기능식품 원료로 사용,46297
ing_a9ec96d06f5249b9,비수리추출분말,20040015104242,비수리추출분말,주식회사 네추럴웨이,식품의 원료로 사용,4345
ing_4e4b6ac8cf6ae8cd,뽕나무가지주정추출분말,201600080355,뽕나무가지주정추출분말,농업회사법인(주)이비채,"뽕나무가지주정추출분말로서 2g/일, 건강기능식품의 원료로 사용",20592
ing_0e46418c2de26387,산딸기·왕느릅나무·치자추출복합물,200500200037,산딸기·왕느릅나무·치자추출복합물,(주)리즈바이오텍,건강기능식품 원료로 사용,46321
ing_6347d4a207801438,산수유추출물등복합물(리베스틴®),202000163901,산수유추출물등복합물(리베스틴®),(주)나인비,건강기능식품 원료로 사용,46315
ing_2eb9c446704c0d4e,상황버섯등 추출복합물,20040020001409,상황버섯등 추출복합물,풀무원건강생활(주),건강기능식품 원료로 사용,36109
ing_f7877fb9951d3fd9,서목태(쥐눈이콩)펩타이드,200400170878,서목태(쥐눈이콩)펩타이드,농심태경(주),건강기능식품 원료로 사용,14368
ing_59cd561d9ef90bc7,씨폴리놀 감태주정추출물,201200190211,씨폴리놀 감태주정추출물,(주)헤파톨,건강기능식품 원료로 사용,20816
ing_01704c6c4317c5bc,액상 다래추출물,200800151862,액상 다래추출물,(주)헬릭스미스,건강기능식품 원료로 사용,7690
ing_ef0fff310321b2d2,열처리녹차추출물,20040017031265,열처리녹차추출물,(주)아모레퍼시픽,건강기능식품 원료로 사용,15165
ing_7e860efa2244974b,오미자박추출물,20130020024524,오미자박추출물,(주)서흥헬스케어,건강기능식품 원료로 사용,43477
ing_17110590442bada8,옻나무 추출분말,200500170112,옻나무추출분말,농업회사법인 주식회사 생명의나무,건강기능식품 원료로 사용,20026
ing_1008d83db6d37dc2,유단백가수분해물(락티움),20040015104179,유단백가수분해물(락티움),주식회사 네추럴웨이,건강기능식품 원료로 사용,3018
ing_23bb468561f011ab,유산균 발효 다시마추출물,201100160062,유산균발효다시마추출물,(주)마린바이오프로세스,건강기능식품 원료로 사용,7930
ing_4c22fca7cdaed4f0,유청단백지질추출물,2004001901017,유청단백지질추출물,크로다코리아(주),건강기능식품 원료로 사용,22630
ing_d249b94079971024,인디안구스베리·새싹보리추출복합물(IB Complex),20040017061105,인디안구스베리·새싹보리추출복합물(IB Complex),(주)에이치엘사이언스,건강기능식품 원료로 사용,42774
ing_ca6475ad49f2db18,인삼가수분해 농축액,20040015100101,인삼가수분해농축액,(주)일화,건강기능식품 원료로 사용,408
ing_a7c7ab60ab6753a5,장미꽃잎추출물(NOVAROSE®),2004002005040,장미꽃잎추출물(NOVAROSEⓇ),(주)에스앤디,건강기능식품 원료로 사용,41524
ing_cb20b197410d00d0,저분자콜라겐펩타이드 AG,201100160048,저분자콜라겐펩타이드 AG,아미코젠(주),건강기능식품 원료로 사용,8405
ing_f3bd6d6c6d257ddd,저분자콜라겐펩타이드SH,200400200061751,저분자콜라겐펩타이드SH,(주)서흥,건강기능식품  원료로 사용,33195
ing_83b08de01653c999,전칠삼추출물 등 복합물,200700170334,전칠삼추출물 등 복합물,(주)오스코텍,건강기능식품 원료로 사용,20012
ing_39716c3aee7d70eb,증숙생강추출분말(GGE03),20040020031599,증숙생강추출분말(GGE03),대동고려삼(주),건강기능식품의 원료로 사용,45887
ing_5fec607262643883,참당귀 추출분말(Nutragen),201500120101,참당귀추출분말(Nutragen),주식회사 뉴트라젠,건강기능식품 원료로 사용,25890
ing_164cb61ab1f52589,참당귀황기추출복합물(SHPro®),20130020024457,참당귀황기추출복합물(SHPro®),(주)서흥헬스케어,건강기능식품 원료로 사용,40969
ing_589511164f2fb855,창녕양파추출액,20040016036126,창녕양파추출액,(주)천호엔케어,건강기능식품 원료로 사용,8070
ing_331e74318077df27,청국장균배양정제물(폴리감마글루탐산칼륨),200800200116,청국장균배양정제물(폴리감마글루탐산칼륨),(주)모아라이프플러스,건강기능식품 원료로 사용,20817
ing_4213d39356971d07,프로바이오틱스 HY7714,2014001710711,프로바이오틱스 HY7714,(주)에치와이 평택공장,건강기능식품 원료로 사용,10786
ing_7e3c7259de81caff,프로바이오틱스(Lactiplantibacillus plantarum KC3)·익모초추출복합물(CKDB-315),20160006007124,프로바이오틱스(Lactiplantibacillus plantarum KC3)∙익모초추출복합물(CKDB-315),(주)종근당바이오,건강기능식품 원료로 사용 시 적정량 사용한다.,17858
ing_5848a0d001123217,"피엘에이지(PLAG, 1-palmitoyl-2-linoleoyl-3-acetyl-rac-glycerol)",201300203151,"피엘에이지(PLAG,1-palmitoyl-2-linoleoyl-3-acetyl-rac-glycerol)",(주)엔지켐생명과학,건강기능식품 원료로 사용,25344
ing_9d5ab4a333a6a6d1,핑거루트추출분말(판두라틴),2004001704716,핑거루트추출분말(판두라틴),(주)보락,건강기능식품 원료로 사용,12319
ing_aa204d0c7bc6ff8d,해국추출물,2004002005038,해국추출물,(주)에스앤디,건강기능식품 원료로 사용,36336
ing_af59580e2d521dae,허니부쉬추출발효분말,2017278201617,허니부쉬추출발효분말,(주)휴온스엔,건강기능식품의 원료로 사용한다.,2613
ing_2a6546643bd0ca6d,헛개나무과병추출분말,201000151791,헛개나무과병추출분말,(주)뉴메드,건강기능식품 원료로 사용,7732
ing_a6fd4f7292bc1f54,헤모힘 당귀등 혼합추출물,201200200751,헤모힘 당귀등 혼합추출물,콜마비앤에이치(주),건강기능식품 원료로 사용,24907
ing_2a7d87eb96bd913e,현삼추출물,202100141034,현삼추출물,(주) 대평,건강기능식품 원료로 사용,20494
ing_59a02a7ae7d1a59b,황기추출물 등 복합물(HT042),201000151793,황기추출물 등 복합물(HT042),(주)뉴메드,건강기능식품 원료로 사용,7740
ing_58f9a3549ce5554d,황해쑥추출분말,202500280633,황해쑥추출분말,(주)신우코퍼레이션,건강기능식품 원료로 사용(황해쑥추출분말으로서 240mg/일),44370
ing_d735e071f7c65df3,흰목이버섯효소분해추출물(Neu learn),20040020001402,흰목이버섯효소분해추출물(Neu learn),풀무원건강생활(주),건강기능식품 원료로 사용,35179
