원료ID,원료명,확인결과,인정번호,공식 원료명,업체,한 줄 사유,공식 서비스·상세 URL,원문 다운로드,근거 위치,I0040 원문 행,확인일,적용범위
ing_1a279b0076f90407,INM176(참당귀 주정추출분말),보류,,,공식 원문 업체 미제공,공식 원문에서 INM176 코드와 인정번호의 직접 동일성 근거 없음,https://www.foodsafetykorea.go.kr/ajax/commonPopup/selectPrdlstClCd.do,https://raw.githubusercontent.com/vcbio/shelf/main/d/a352-source-I0040-20260930.csv,공식 전체 목록 검색·대조: 후보 번호/코드 직접 일치 없음 또는 사유의 충돌 항목,,2026-10-01,인정 목록의 명칭 연결이며 공급품·완제품의 규격 적용은 별도 확인
ing_ccdffa141352df1c,PME-88 메론추출물,확정(개별인정 목록 연결),2008-9,칸탈로프멜론추출물(제2008-9호),(주)씨스팡,공식 원료별 페이지가 PME-88·씨스팡·2008-9를 직접 명시,https://foodsafetykorea.go.kr/portal/board/boardDetail.do?ans_yn=N&bbs_no=bbs987&bbs_type_cd=01&menu_grp=MENU_NEW01&menu_no=2660&ntctxt_no=21625&nticmatr_yn=N,https://raw.githubusercontent.com/vcbio/shelf/main/d/a352-source-product-codes-20261001.json,배열 항목 4863 / 코드 E0304700000000,184,2026-10-01,인정 목록의 명칭 연결이며 공급품·완제품의 규격 적용은 별도 확인
ing_e314d1d033390caf,구절초추출물,확정(개별인정 목록 연결),2021-12,구절초추출물(제2021-12호),주식회사 녹십자웰빙,공식 인정 목록의 원료명·별칭과 인정번호 확인,https://www.foodsafetykorea.go.kr/ajax/commonPopup/selectPrdlstClCd.do,https://raw.githubusercontent.com/vcbio/shelf/main/d/a352-source-product-codes-20261001.json,배열 항목 5087 / 코드 E0359200000000,364,2026-10-01,인정 목록의 명칭 연결이며 공급품·완제품의 규격 적용은 별도 확인
ing_2f103fe66df5c19b,그린마테추출물,확정(개별인정 목록 연결),2008-52,Green Mate Extract EFLA® 920(제2008-52호),(주)삼정향료,공식 인정 목록의 원료명·별칭과 인정번호 확인,https://www.foodsafetykorea.go.kr/ajax/commonPopup/selectPrdlstClCd.do,https://raw.githubusercontent.com/vcbio/shelf/main/d/a352-source-product-codes-20261001.json,배열 항목 4956 / 코드 E0324500000000,164,2026-10-01,인정 목록의 명칭 연결이며 공급품·완제품의 규격 적용은 별도 확인
ing_a7ff49d9f2668749,나한과박추출분말,확정(개별인정 목록 연결),2024-22,나한과박추출분말(DKB131)(제2024-22호),동국제약(주),공식 인정 목록의 원료명·별칭과 인정번호 확인,https://www.foodsafetykorea.go.kr/ajax/commonPopup/selectPrdlstClCd.do,https://raw.githubusercontent.com/vcbio/shelf/main/d/a352-source-product-codes-20261001.json,배열 항목 5257 / 코드 E0378900000000,563,2026-10-01,인정 목록의 명칭 연결이며 공급품·완제품의 규격 적용은 별도 확인
ing_5f666a3aaa0dca05,난각막분말,확정(개별인정 목록 연결),2023-35,난각막분말(DEMⓇ)(제2023-35호),주식회사 노바웰스,공식 인정 목록의 원료명·별칭과 인정번호 확인,https://www.foodsafetykorea.go.kr/ajax/commonPopup/selectPrdlstClCd.do,https://raw.githubusercontent.com/vcbio/shelf/main/d/a352-source-product-codes-20261001.json,배열 항목 5252 / 코드 E0378400000000,367,2026-10-01,인정 목록의 명칭 연결이며 공급품·완제품의 규격 적용은 별도 확인
ing_11286b49e39d674f,닭가슴연골분말,확정(개별인정 목록 연결),2014-39,닭가슴연골분말(UC-II)(제2014-39호),(주)뉴트리,공식 인정 목록의 원료명·별칭과 인정번호 확인,https://www.foodsafetykorea.go.kr/ajax/commonPopup/selectPrdlstClCd.do,https://raw.githubusercontent.com/vcbio/shelf/main/d/a352-source-product-codes-20261001.json,배열 항목 4968 / 코드 E0326300000000,10,2026-10-01,인정 목록의 명칭 연결이며 공급품·완제품의 규격 적용은 별도 확인
ing_a4e73b91f13def6e,당귤농축분말(ROCH)당귤농축분말,확정(개별인정 목록 연결),2023-44,당귤농축분말(ROCH)(제2023-44호),주식회사 비티씨 오송공장,중복 입력된 이름을 ROCH로 정리하면 공식 2023-44와 일치,https://www.foodsafetykorea.go.kr/ajax/commonPopup/selectPrdlstClCd.do,https://raw.githubusercontent.com/vcbio/shelf/main/d/a352-source-product-codes-20261001.json,배열 항목 5166 / 코드 E0368600000000,416,2026-10-01,인정 목록의 명칭 연결이며 공급품·완제품의 규격 적용은 별도 확인
ing_4e83a3801894ad76,돌외잎주정추출분말,확정(개별인정 목록 연결),2013-8,돌외잎주정추출분말(액티포닌®)(제2013-8호),(주)티지 바이오텍,공식 인정 목록의 원료명·별칭과 인정번호 확인,https://www.foodsafetykorea.go.kr/ajax/commonPopup/selectPrdlstClCd.do,https://raw.githubusercontent.com/vcbio/shelf/main/d/a352-source-product-codes-20261001.json,배열 항목 4951 / 코드 E0323400000000,276,2026-10-01,인정 목록의 명칭 연결이며 공급품·완제품의 규격 적용은 별도 확인
ing_dff78d17a4589b30,동충하초 발효 추출물,보류,,,공식 원문 업체 미제공,공식 주정추출물·Cs-4 균사체추출물과 발효추출물의 제조규격 동일성 미확인,https://www.foodsafetykorea.go.kr/ajax/commonPopup/selectPrdlstClCd.do,https://raw.githubusercontent.com/vcbio/shelf/main/d/a352-source-I0040-20260930.csv,공식 전체 목록 검색·대조: 후보 번호/코드 직접 일치 없음 또는 사유의 충돌 항목,,2026-10-01,인정 목록의 명칭 연결이며 공급품·완제품의 규격 적용은 별도 확인
ing_350037360997b8d8,들깨쇠비름혼합추출물,확정(개별인정 목록 연결),2021-11,들깨쇠비름혼합추출물(제2021-11호),(주)산엔들,공식 인정 목록의 원료명·별칭과 인정번호 확인,https://www.foodsafetykorea.go.kr/ajax/commonPopup/selectPrdlstClCd.do,https://raw.githubusercontent.com/vcbio/shelf/main/d/a352-source-product-codes-20261001.json,배열 항목 5090 / 코드 E0359600000000,523,2026-10-01,인정 목록의 명칭 연결이며 공급품·완제품의 규격 적용은 별도 확인
ing_2858e1d095c99bf3,디글리세라이드 함유유지,보류,,,공식 원문 업체 미제공,일반명에 CJ·DG 등 고유 표기가 없어 특정 인정 원료를 선택할 근거 부족,https://www.foodsafetykorea.go.kr/ajax/commonPopup/selectPrdlstClCd.do,https://raw.githubusercontent.com/vcbio/shelf/main/d/a352-source-I0040-20260930.csv,공식 전체 목록 검색·대조: 후보 번호/코드 직접 일치 없음 또는 사유의 충돌 항목,,2026-10-01,인정 목록의 명칭 연결이며 공급품·완제품의 규격 적용은 별도 확인
ing_685eea8044a4d1a7,락추로스 파우더,확정(개별인정 목록 연결),2009-40,락추로스분말(제2009-40호),(주)트리언인터내셔널,공식 인정 목록의 원료명·별칭과 인정번호 확인,https://www.foodsafetykorea.go.kr/ajax/commonPopup/selectPrdlstClCd.do,https://raw.githubusercontent.com/vcbio/shelf/main/d/a352-source-product-codes-20261001.json,배열 항목 5270 / 코드 E0380200000000,109,2026-10-01,인정 목록의 명칭 연결이며 공급품·완제품의 규격 적용은 별도 확인
ing_bac28eea8c3a1f61,로즈마리추출물등복합물,확정(개별인정 목록 연결),2021-18,로즈마리추출물등복합물(SunMax)(제2021-18호),대한켐텍 주식회사,공식 인정 목록의 원료명·별칭과 인정번호 확인,https://www.foodsafetykorea.go.kr/ajax/commonPopup/selectPrdlstClCd.do,https://raw.githubusercontent.com/vcbio/shelf/main/d/a352-source-product-codes-20261001.json,배열 항목 5096 / 코드 E0360400000000,390,2026-10-01,인정 목록의 명칭 연결이며 공급품·완제품의 규격 적용은 별도 확인
ing_cd4dcd569a0de405,루테인 에스테르,확정(개별인정 목록 연결),2012-22,마리골드 추출물(루테인 에스테르)(제2012-22호),한국암웨이(주),공식 인정 목록의 원료명·별칭과 인정번호 확인,https://www.foodsafetykorea.go.kr/ajax/commonPopup/selectPrdlstClCd.do,https://raw.githubusercontent.com/vcbio/shelf/main/d/a352-source-product-codes-20261001.json,배열 항목 4950 / 코드 E0322300000000,71,2026-10-01,인정 목록의 명칭 연결이며 공급품·완제품의 규격 적용은 별도 확인
ing_51db90eb1101ed81,미역 등 복합추출물(잔티젠),확정(개별인정 목록 연결),2013-10,미역석류씨추출복합물(잔티젠)(제2013-10호),주식회사 노바렉스,공식 인정 목록의 원료명·별칭과 인정번호 확인,https://www.foodsafetykorea.go.kr/ajax/commonPopup/selectPrdlstClCd.do,https://raw.githubusercontent.com/vcbio/shelf/main/d/a352-source-product-codes-20261001.json,배열 항목 5259 / 코드 E0379100000000,380,2026-10-01,인정 목록의 명칭 연결이며 공급품·완제품의 규격 적용은 별도 확인
ing_09e3460b016ff41a,보리수나무열매추출물,확정(개별인정 목록 연결),2025-59,보리수나무열매추출물(Elaea)(제2025-59호),(주)옥천당,공식 인정 목록의 원료명·별칭과 인정번호 확인,https://www.foodsafetykorea.go.kr/ajax/commonPopup/selectPrdlstClCd.do,https://raw.githubusercontent.com/vcbio/shelf/main/d/a352-source-product-codes-20261001.json,배열 항목 5258 / 코드 E0379000000000,728,2026-10-01,인정 목록의 명칭 연결이며 공급품·완제품의 규격 적용은 별도 확인
ing_368568b432f71e2c,보스웰리아 추출물(Boswellia serrata R.),확정(개별인정 목록 연결),2014-23,보스웰리아 추출물(Boswellia serrata R. extract)(제2014-23호),(주)프롬바이오,공식 인정 목록의 원료명·별칭과 인정번호 확인,https://www.foodsafetykorea.go.kr/ajax/commonPopup/selectPrdlstClCd.do,https://raw.githubusercontent.com/vcbio/shelf/main/d/a352-source-product-codes-20261001.json,배열 항목 4926 / 코드 E0318000000000,556,2026-10-01,인정 목록의 명칭 연결이며 공급품·완제품의 규격 적용은 별도 확인
ing_251597635b8ba694,블랙커민추출분말(BCS-001F®),확정(개별인정 목록 연결),2025-4,블랙커민추출물(FJ)(제2025-4호),맥널티바이오(주),같은 맥널티 C003 신고와 공식 원료 페이지가 BCS-001F·FJ를 2025-4로 연결,https://www.foodsafetykorea.go.kr/portal/board/boardDetail.do?ans_yn=N&bbs_no=bbs987&bbs_type_cd=01&menu_grp=MENU_NEW01&menu_no=2660&ntctxt_no=1103328&nticmatr_yn=N,https://raw.githubusercontent.com/vcbio/shelf/main/d/a352-source-product-codes-20261001.json,배열 항목 5260 / 코드 E0379200000000,679,2026-10-01,인정 목록의 명칭 연결이며 공급품·완제품의 규격 적용은 별도 확인
ing_06c1e08ac48feb62,서목태추출물,확정(개별인정 목록 연결),2025-57,서목태추출물(SMTG®),주식회사 위랩,공식 인정 목록의 원료명·별칭과 인정번호 확인,https://www.foodsafetykorea.go.kr/api/newDatasetDetail.do?svc_no=I-0040,https://raw.githubusercontent.com/vcbio/shelf/main/d/a352-source-I0040-20260930.csv,I-0040 CSV 729행,729,2026-10-01,인정 목록의 명칭 연결이며 공급품·완제품의 규격 적용은 별도 확인
ing_64857e840152df17,석류농축액,확정(개별인정 목록 연결),2010-40 / 2014-22,석류농축액(제2010-40호) / 석류농축액(제2014-22호),(주)에이치엘사이언스,공식 목록이 석류농축액에 두 인정번호를 직접 표시; 현재 I-0040 명칭변경은 함께 기록,https://www.foodsafetykorea.go.kr/ajax/commonPopup/selectPrdlstClCd.do,https://raw.githubusercontent.com/vcbio/shelf/main/d/a352-source-product-codes-20261001.json,"배열 항목 4889,4923 / 코드 E0311500000000,E0317700000000",24;63,2026-10-01,인정 목록의 명칭 연결이며 공급품·완제품의 규격 적용은 별도 확인
ing_63f4008ff00761b4,알로에전잎,보류,,,공식 원문 업체 미제공,현행 고시·개별인정 목록에서 인정 상태를 확인할 근거 없음,https://www.foodsafetykorea.go.kr/ajax/commonPopup/selectPrdlstClCd.do,https://raw.githubusercontent.com/vcbio/shelf/main/d/a352-source-I0040-20260930.csv,공식 전체 목록 검색·대조: 후보 번호/코드 직접 일치 없음 또는 사유의 충돌 항목,,2026-10-01,인정 목록의 명칭 연결이며 공급품·완제품의 규격 적용은 별도 확인
ing_199101468fd9d037,오가피열매추출물,확정(개별인정 목록 연결),2019-11,오가피열매추출물(제2019-11호),대화제약(주),공식 인정 목록의 원료명·별칭과 인정번호 확인,https://www.foodsafetykorea.go.kr/ajax/commonPopup/selectPrdlstClCd.do,https://raw.githubusercontent.com/vcbio/shelf/main/d/a352-source-product-codes-20261001.json,배열 항목 5051 / 코드 E0346000000000,567,2026-10-01,인정 목록의 명칭 연결이며 공급품·완제품의 규격 적용은 별도 확인
ing_3520f74ba2d2b7af,유산균발효마늘추출분말,확정(개별인정 목록 연결),2016-16,유산균발효마늘추출분말(제2016-16호),주식회사 현대바이오랜드 안산,공식 인정 목록의 원료명·별칭과 인정번호 확인,https://www.foodsafetykorea.go.kr/ajax/commonPopup/selectPrdlstClCd.do,https://raw.githubusercontent.com/vcbio/shelf/main/d/a352-source-product-codes-20261001.json,배열 항목 5116 / 코드 E0363100000000,119,2026-10-01,인정 목록의 명칭 연결이며 공급품·완제품의 규격 적용은 별도 확인
ing_0451de0435a79020,정어리펩타이드 SP100N,확정(개별인정 목록 연결),2004-1,정어리펩타이드 SP100N(제2004-1호),원니스바이오,공식 인정 목록의 원료명·별칭과 인정번호 확인,https://www.foodsafetykorea.go.kr/ajax/commonPopup/selectPrdlstClCd.do,https://raw.githubusercontent.com/vcbio/shelf/main/d/a352-source-product-codes-20261001.json,배열 항목 4846 / 코드 E0300100000000,631,2026-10-01,인정 목록의 명칭 연결이며 공급품·완제품의 규격 적용은 별도 확인
ing_6675e08941d9ebea,정제오징어유,확정(개별인정 목록 연결),2009-76,정제오징어유(제2009-76호),공식 원문 업체 미제공,공식 인정 목록의 원료명·별칭과 인정번호 확인,https://www.foodsafetykorea.go.kr/ajax/commonPopup/selectPrdlstClCd.do,https://raw.githubusercontent.com/vcbio/shelf/main/d/a352-source-product-codes-20261001.json,배열 항목 4877 / 코드 E0307600000000,,2026-10-01,인정 목록의 명칭 연결이며 공급품·완제품의 규격 적용은 별도 확인
ing_6a0dee3d4c31ab58,중쇄지방산 함유유지,확정(개별인정 목록 연결),2009-20 / 2014-6,중쇄지방산(MCFA) 함유 유지(제2009-20호) / 중쇄지방산(MCFA)함유 유지(제2014-6호),롯데푸드(주),공식 인정 목록의 원료명·별칭과 인정번호 확인,https://www.foodsafetykorea.go.kr/ajax/commonPopup/selectPrdlstClCd.do,https://raw.githubusercontent.com/vcbio/shelf/main/d/a352-source-product-codes-20261001.json,"배열 항목 4874,5008 / 코드 E0307100000000,E0334400000000",108,2026-10-01,인정 목록의 명칭 연결이며 공급품·완제품의 규격 적용은 별도 확인
ing_bf19cace7f980f19,지방산복합물(기능성원료인정제2009-2호),보류,,,공식 원문 업체 미제공,이름 속 2009-2와 공식 지방산복합물 FAC의 2012-16이 다름,https://www.foodsafetykorea.go.kr/ajax/commonPopup/selectPrdlstClCd.do,https://raw.githubusercontent.com/vcbio/shelf/main/d/a352-source-I0040-20260930.csv,공식 전체 목록 검색·대조: 후보 번호/코드 직접 일치 없음 또는 사유의 충돌 항목,,2026-10-01,인정 목록의 명칭 연결이며 공급품·완제품의 규격 적용은 별도 확인
ing_c11ba918042c7c17,차조기등복합추출물,보류,,,공식 원문 업체 미제공,공식 기능 페이지는 2007-13이나 I-0040 같은 번호는 크레아틴이라 원문 충돌,https://www.foodsafetykorea.go.kr/portal/healthyfoodlife/functionalityView.do?viewNo=03,https://raw.githubusercontent.com/vcbio/shelf/main/d/a352-source-I0040-20260930.csv,공식 전체 목록 검색·대조: 후보 번호/코드 직접 일치 없음 또는 사유의 충돌 항목,,2026-10-01,인정 목록의 명칭 연결이며 공급품·완제품의 규격 적용은 별도 확인
ing_e3a37175908dfa75,크랜베리 추출물(Cran-Max),확정(개별인정 목록 연결),2010-39,크랜베리 추출물(Cran-Max)(제2010-39호),주식회사 노바렉스,공식 인정 목록의 원료명·별칭과 인정번호 확인,https://www.foodsafetykorea.go.kr/ajax/commonPopup/selectPrdlstClCd.do,https://raw.githubusercontent.com/vcbio/shelf/main/d/a352-source-product-codes-20261001.json,배열 항목 4970 / 코드 E0326500000000,170,2026-10-01,인정 목록의 명칭 연결이며 공급품·완제품의 규격 적용은 별도 확인
ing_01de9ae4084bbdd7,포도씨 효소분해 추출 분말,확정(개별인정 목록 연결),2013-9,포도씨 효소분해 추출 분말(제2013-9호),피엘토마스앤코 인크 한국지점,공식 기능 목록·C003 원재료가 포도씨 효소분해 추출분말과 2013-9를 직접 연결,https://www.foodsafetykorea.go.kr/portal/healthyfoodlife/functionalityView.do?viewNo=09,https://raw.githubusercontent.com/vcbio/shelf/main/d/a352-source-product-codes-20261001.json,배열 항목 4960 / 코드 E0324900000000,72,2026-10-01,인정 목록의 명칭 연결이며 공급품·완제품의 규격 적용은 별도 확인
ing_3c2db12bd2ef6e97,표고버섯균사체추출물,보류,,,공식 원문 업체 미제공,HK표고버섯균사체(2010-35)와 AHCC(2008-78) 중 어느 원료인지 특정 불가,https://www.foodsafetykorea.go.kr/ajax/commonPopup/selectPrdlstClCd.do,https://raw.githubusercontent.com/vcbio/shelf/main/d/a352-source-I0040-20260930.csv,공식 전체 목록 검색·대조: 후보 번호/코드 직접 일치 없음 또는 사유의 충돌 항목,,2026-10-01,인정 목록의 명칭 연결이며 공급품·완제품의 규격 적용은 별도 확인
ing_5848a0d001123217,"피엘에이지(PLAG, 1-palmitoyl-2-linoleoyl-3-acetyl-rac-glycerol)",확정(개별인정 목록 연결),2013-35,"피엘에이지(PLAG, 1-palmitoyl-2-linoleoyl-3-acetyl-rac-glycerol)(제2013-35호)",(주)엔지켐생명과학,공식 인정 목록의 원료명·별칭과 인정번호 확인,https://www.foodsafetykorea.go.kr/ajax/commonPopup/selectPrdlstClCd.do,https://raw.githubusercontent.com/vcbio/shelf/main/d/a352-source-product-codes-20261001.json,배열 항목 4916 / 코드 E0316300000000,232,2026-10-01,인정 목록의 명칭 연결이며 공급품·완제품의 규격 적용은 별도 확인
ing_702f6dce6be4a78f,피카오프레토 분말 등 복합물,확정(개별인정 목록 연결),2010-28,피카오프레토 분말 등 복합물(ClearGuard TM)(제2010-28호),한국암웨이(주),공식 인정 목록의 원료명·별칭과 인정번호 확인,https://www.foodsafetykorea.go.kr/ajax/commonPopup/selectPrdlstClCd.do,https://raw.githubusercontent.com/vcbio/shelf/main/d/a352-source-product-codes-20261001.json,배열 항목 4955 / 코드 E0324400000000,178,2026-10-01,인정 목록의 명칭 연결이며 공급품·완제품의 규격 적용은 별도 확인
ing_004a89711e396584,해태올리고펩티드(NORI-PEPTIDE),확정(개별인정 목록 연결),2009-87,해태올리고펩티드(NORI-PEPTIDE)(제2009-87호),(주)삼오제약,공식 인정 목록의 원료명·별칭과 인정번호 확인,https://www.foodsafetykorea.go.kr/ajax/commonPopup/selectPrdlstClCd.do,https://raw.githubusercontent.com/vcbio/shelf/main/d/a352-source-product-codes-20261001.json,배열 항목 4883 / 코드 E0309100000000,181,2026-10-01,인정 목록의 명칭 연결이며 공급품·완제품의 규격 적용은 별도 확인
ing_e60207675148cc74,"홍삼, 사상자, 산수유 복합추출물",확정(개별인정 목록 연결),2008-67,"홍삼, 사상자, 산수유 복합추출물(제2008-67호)",(주)한국인삼공사,공식 인정 목록의 원료명·별칭과 인정번호 확인,https://www.foodsafetykorea.go.kr/ajax/commonPopup/selectPrdlstClCd.do,https://raw.githubusercontent.com/vcbio/shelf/main/d/a352-source-product-codes-20261001.json,배열 항목 4865 / 코드 E0306000000000,502,2026-10-01,인정 목록의 명칭 연결이며 공급품·완제품의 규격 적용은 별도 확인
ing_411ecdd178e3eb60,히비스커스 등 복합추출물,확정(개별인정 목록 연결),2004-7,씨제이 히비스커스 등 복합추출물(제2004-7호),씨제이웰케어,공식 인정 목록의 원료명·별칭과 인정번호 확인,https://www.foodsafetykorea.go.kr/ajax/commonPopup/selectPrdlstClCd.do,https://raw.githubusercontent.com/vcbio/shelf/main/d/a352-source-product-codes-20261001.json,배열 항목 4941 / 코드 E0320800000000,42,2026-10-01,인정 목록의 명칭 연결이며 공급품·완제품의 규격 적용은 별도 확인
